{"loss": [0.09754417836666107, 0.07545486092567444, 0.07146742939949036, 0.07098866999149323, 0.07281795889139175, 0.07408956438302994, 0.06201319023966789, 0.0631028264760971, 0.07915497571229935, 0.11836178600788116, 0.09744524210691452, 0.09372545778751373, 0.08493263274431229, 0.07201331853866577, 0.06887241452932358, 0.06817305088043213, 0.059597767889499664, 0.053815241903066635, 0.04867885261774063, 0.0451287217438221, 0.05835378170013428, 0.051543593406677246, 0.0433303564786911, 0.03983168676495552, 0.038892365992069244, 0.03574715927243233, 0.034127529710531235, 0.03276419639587402, 0.03169684112071991, 0.04012538865208626, 0.060667674988508224, 0.04544586315751076, 0.040891461074352264, 0.0703619197010994, 0.04969486594200134, 0.041758641600608826, 0.045122649520635605, 0.03850952908396721, 0.03469083830714226, 0.03269922360777855, 0.031571801751852036, 0.03663523122668266, 0.03615409880876541, 0.060002610087394714, 0.06722933799028397, 0.049450576305389404, 0.042179182171821594, 0.039172664284706116, 0.035466667264699936, 0.03346993774175644, 0.0327528640627861, 0.030808595940470695, 0.0297264214605093, 0.028582578524947166, 0.02786511741578579, 0.027229126542806625, 0.026457658037543297, 0.026099668815732002, 0.025438137352466583, 0.024859867990016937, 0.02432834357023239, 0.0463273786008358, 0.06181338056921959, 0.048837389796972275, 0.04410881921648979, 0.040420278906822205, 0.03767005354166031, 0.07702565938234329, 0.07101080566644669, 0.05991733446717262, 0.05931142717599869, 0.07334943860769272, 0.07497716695070267, 0.056963689625263214, 0.0961640477180481, 0.08262977749109268, 0.07851877063512802, 0.07610581070184708, 0.07421902567148209, 0.07351814955472946], "mae": [0.1978260725736618, 0.15057548880577087, 0.14045846462249756, 0.1378890872001648, 0.13922537863254547, 0.1482686996459961, 0.1229751780629158, 0.12200228124856949, 0.15071001648902893, 0.2373858243227005, 0.19087748229503632, 0.181046724319458, 0.1634928584098816, 0.1403944343328476, 0.13117468357086182, 0.13025076687335968, 0.1181434914469719, 0.1084243431687355, 0.09889566153287888, 0.09108034521341324, 0.11303472518920898, 0.10338820517063141, 0.08682354539632797, 0.07936278730630875, 0.07708697021007538, 0.07097550481557846, 0.06766879558563232, 0.06472139805555344, 0.06252449750900269, 0.06948769837617874, 0.11792729794979095, 0.08832042664289474, 0.07822567969560623, 0.12374680489301682, 0.0874057188630104, 0.07580327242612839, 0.07957039028406143, 0.06917036324739456, 0.06283940374851227, 0.05882304534316063, 0.05667116865515709, 0.06255435198545456, 0.06691810488700867, 0.09517579525709152, 0.13258607685565948, 0.09615690261125565, 0.08066153526306152, 0.0739591121673584, 0.06659869104623795, 0.062012169510126114, 0.06071852892637253, 0.056951865553855896, 0.05472317710518837, 0.0525362603366375, 0.05097567290067673, 0.04974116384983063, 0.04819730669260025, 0.04764195531606674, 0.04639012739062309, 0.04529648646712303, 0.04414544254541397, 0.0764225646853447, 0.12206239998340607, 0.09614982455968857, 0.08543518930673599, 0.07735646516084671, 0.07133837789297104, 0.10457315295934677, 0.10053703933954239, 0.09042871743440628, 0.0956282690167427, 0.11128871887922287, 0.13922761380672455, 0.1053117886185646, 0.13703866302967072, 0.11704620718955994, 0.10702014714479446, 0.10144561529159546, 0.09729712456464767, 0.09550090879201889], "val_loss": [0.08317792415618896, 0.06945367157459259, 0.06301296502351761, 0.06149313971400261, 0.07452026009559631, 0.06530255079269409, 0.0533544085919857, 0.05459388718008995, 0.1259382665157318, 0.10530059039592743, 0.09337402135133743, 0.08784524351358414, 0.07842712104320526, 0.06732966750860214, 0.07482293993234634, 0.06114768981933594, 0.05545031651854515, 0.05330996215343475, 0.04572455212473869, 0.04271026328206062, 0.060277536511421204, 0.044481441378593445, 0.04403623566031456, 0.03857220336794853, 0.035540997982025146, 0.03485891968011856, 0.035531654953956604, 0.0319538414478302, 0.03235623612999916, 0.0916355773806572, 0.048748958855867386, 0.0421748124063015, 0.03951652720570564, 0.05469798296689987, 0.04577081277966499, 0.03895702213048935, 0.038739163428545, 0.04414498433470726, 0.032996583729982376, 0.03165246173739433, 0.031223716214299202, 0.05509963631629944, 0.03170808032155037, 0.08131210505962372, 0.056477900594472885, 0.04406897351145744, 0.03854347765445709, 0.038695622235536575, 0.03482779115438461, 0.0326354093849659, 0.0324082151055336, 0.03016277775168419, 0.029972495511174202, 0.029586223885416985, 0.02838018536567688, 0.028158728033304214, 0.02734287641942501, 0.02677539549767971, 0.02821514941751957, 0.025262774899601936, 0.026532767340540886, 0.07884247601032257, 0.05228253826498985, 0.046853743493556976, 0.04208728298544884, 0.03906121104955673, 0.0354139618575573, 0.07853948324918747, 0.06614396721124649, 0.055470943450927734, 0.04986148327589035, 0.09954898059368134, 0.06523892283439636, 0.0492677167057991, 0.08696022629737854, 0.07995670288801193, 0.07615666091442108, 0.07466378808021545, 0.07716257870197296, 0.07345348596572876], "val_mae": [0.16840682923793793, 0.13766692578792572, 0.12731026113033295, 0.12414222210645676, 0.15679557621479034, 0.13617326319217682, 0.10852646827697754, 0.11006595194339752, 0.25765475630760193, 0.20458769798278809, 0.18162637948989868, 0.17733420431613922, 0.13781633973121643, 0.1334228217601776, 0.13541322946548462, 0.1195731833577156, 0.11093564331531525, 0.10993122309446335, 0.09468485414981842, 0.08651753515005112, 0.11788398772478104, 0.09126786887645721, 0.08666704595088959, 0.07732134312391281, 0.07171235978603363, 0.06908441334962845, 0.06784815341234207, 0.0630553737282753, 0.06263232231140137, 0.13950060307979584, 0.09917032718658447, 0.0835174024105072, 0.07494926452636719, 0.09997063130140305, 0.08149967342615128, 0.07106923311948776, 0.07171104103326797, 0.0839594304561615, 0.06038980185985565, 0.0573124885559082, 0.05597954988479614, 0.09039662033319473, 0.057270146906375885, 0.15739721059799194, 0.1105230301618576, 0.08612457662820816, 0.07409846782684326, 0.07250025123357773, 0.06517301499843597, 0.06026262417435646, 0.06080770492553711, 0.05518742650747299, 0.05423435941338539, 0.05269504338502884, 0.051422301679849625, 0.050201863050460815, 0.04918183386325836, 0.048237577080726624, 0.049595270305871964, 0.0447486937046051, 0.04622896760702133, 0.1486801952123642, 0.10263792425394058, 0.09098341315984726, 0.08033861964941025, 0.07557601481676102, 0.06833995133638382, 0.11433068662881851, 0.09639830142259598, 0.0844506025314331, 0.0864875540137291, 0.16796915233135223, 0.12168232351541519, 0.09163293242454529, 0.12470878660678864, 0.11104302853345871, 0.10346923768520355, 0.09818841516971588, 0.1009586825966835, 0.0967051163315773]}