{"loss": [0.10635071247816086, 0.07634923607110977, 0.09683340787887573, 0.08628269284963608, 0.07222316414117813, 0.0668756440281868, 0.0676237940788269, 0.056520603597164154, 0.10758988559246063, 0.08719933032989502, 0.08453616499900818, 0.06398814916610718, 0.054364100098609924, 0.049464304000139236, 0.04953351244330406, 0.07919404655694962, 0.056897442787885666, 0.050352584570646286, 0.045659128576517105, 0.04291445016860962, 0.04042932763695717, 0.03855332359671593, 0.0366220586001873, 0.03503108024597168, 0.08841254562139511, 0.08359216898679733, 0.08664301782846451, 0.08511921763420105, 0.06921067833900452, 0.0608627088367939, 0.058538831770420074, 0.049709152430295944, 0.09379083663225174, 0.09919378906488419, 0.053318362683057785, 0.05152738839387894, 0.08855883032083511, 0.0586053803563118, 0.04945160076022148, 0.06239493936300278, 0.06382142752408981, 0.0427229218184948, 0.09475567936897278, 0.09621287882328033], "mae": [0.21722756326198578, 0.15488430857658386, 0.1946815401315689, 0.16941647231578827, 0.14761795103549957, 0.1361183375120163, 0.133520245552063, 0.11547469347715378, 0.2048467993736267, 0.16955287754535675, 0.16091227531433105, 0.1267589032649994, 0.10501440614461899, 0.09463762491941452, 0.09384369850158691, 0.14638398587703705, 0.11444735527038574, 0.09916501492261887, 0.08915455639362335, 0.08361407369375229, 0.07811678946018219, 0.07403048127889633, 0.07029544562101364, 0.06707077473402023, 0.1755823791027069, 0.16837267577648163, 0.16688337922096252, 0.1695341020822525, 0.13826651871204376, 0.12081273645162582, 0.11243780702352524, 0.09748675674200058, 0.12604524195194244, 0.1291574239730835, 0.09929932653903961, 0.0907585397362709, 0.1665228009223938, 0.11859549582004547, 0.09683416783809662, 0.10456452518701553, 0.10414844751358032, 0.08289945125579834, 0.1154470145702362, 0.1151728704571724], "val_loss": [0.08947668969631195, 0.07551433145999908, 0.08756894618272781, 0.0797789916396141, 0.06288470327854156, 0.05991946905851364, 0.06000610068440437, 0.05525533854961395, 0.10691770166158676, 0.07580261677503586, 0.07298360019922256, 0.056871239095926285, 0.053103361278772354, 0.048153720796108246, 0.044753558933734894, 0.0631365180015564, 0.052730999886989594, 0.04752615466713905, 0.05053091049194336, 0.04131736606359482, 0.03925289586186409, 0.03812608867883682, 0.03604408726096153, 0.03556258603930473, 0.09259748458862305, 0.07140589505434036, 0.10015011578798294, 0.07120619714260101, 0.06452278792858124, 0.05561578646302223, 0.05161953344941139, 0.047277484089136124, 0.09965521842241287, 0.0730162113904953, 0.04882609471678734, 0.05200721696019173, 0.06726375222206116, 0.05123776197433472, 0.045383963733911514, 0.07937000691890717, 0.04546206817030907, 0.039447568356990814, 0.11165107041597366, 0.08039182424545288], "val_mae": [0.18873147666454315, 0.1544070690870285, 0.17462629079818726, 0.16609090566635132, 0.13248860836029053, 0.12356837093830109, 0.123192198574543, 0.10783249884843826, 0.21241146326065063, 0.1433034986257553, 0.14084883034229279, 0.1140146553516388, 0.09994787722826004, 0.09183778613805771, 0.0866221934556961, 0.12865492701530457, 0.10272406041622162, 0.09277264773845673, 0.0918998196721077, 0.07847553491592407, 0.07709962129592896, 0.07472283393144608, 0.0690067782998085, 0.06590839475393295, 0.18069308996200562, 0.1436525583267212, 0.2037641555070877, 0.14699096977710724, 0.1284831315279007, 0.11090824753046036, 0.1026877611875534, 0.09031070023775101, 0.12785446643829346, 0.1311759203672409, 0.0894373282790184, 0.09538029134273529, 0.13475076854228973, 0.10180734097957611, 0.08955191820859909, 0.1231328472495079, 0.08861694484949112, 0.07628113776445389, 0.12455292046070099, 0.10671647638082504]}