{"loss": [0.10979050397872925, 0.08060407638549805, 0.07833463698625565, 0.09755482524633408, 0.08615127950906754, 0.0839666873216629, 0.08503320813179016, 0.08507172763347626, 0.09790768474340439, 0.0943201407790184, 0.08360999822616577, 0.0979158878326416, 0.08930081874132156, 0.07278570532798767, 0.06608550250530243, 0.0632411316037178, 0.06220326945185661, 0.06519957631826401, 0.10567875951528549, 0.10777339339256287, 0.08561162650585175, 0.0799955502152443, 0.07392632961273193, 0.07101462036371231, 0.06798041611909866, 0.06447046995162964, 0.06754761934280396, 0.06784441322088242, 0.06550775468349457, 0.05936447158455849, 0.0535881444811821, 0.055628690868616104, 0.056497033685445786, 0.04909379780292511, 0.07796494662761688, 0.06751924753189087, 0.05959106609225273, 0.05533180013298988, 0.053855497390031815, 0.06044262647628784, 0.05299317464232445, 0.05053615942597389, 0.04907853901386261, 0.04807912930846214, 0.04707315191626549, 0.04727643355727196, 0.045729950070381165, 0.06506001949310303, 0.08155756443738937, 0.07384984195232391, 0.06755998730659485, 0.06409305334091187, 0.061674781143665314, 0.06544262170791626, 0.05864111706614494, 0.057474683970212936, 0.05953988805413246, 0.05529896169900894, 0.059400610625743866, 0.054301731288433075, 0.053095828741788864, 0.05181840434670448, 0.08419667929410934, 0.07813455909490585, 0.06420406699180603, 0.060254402458667755, 0.058403294533491135, 0.08577810972929001, 0.07364381849765778, 0.06878288090229034, 0.06833216547966003, 0.0658157467842102, 0.06724516302347183, 0.05546132102608681, 0.052631180733442307, 0.05140707269310951], "mae": [0.22707296907901764, 0.16254805028438568, 0.1526835560798645, 0.18568314611911774, 0.1542283147573471, 0.15068642795085907, 0.1449074000120163, 0.14314004778862, 0.16396814584732056, 0.15986473858356476, 0.15242798626422882, 0.15385858714580536, 0.1489744633436203, 0.1355050653219223, 0.12503238022327423, 0.11929710954427719, 0.11717861890792847, 0.11699143797159195, 0.16053271293640137, 0.16139519214630127, 0.15625478327274323, 0.1548822522163391, 0.14475449919700623, 0.13707846403121948, 0.13044120371341705, 0.12357311695814133, 0.12194553017616272, 0.11845898628234863, 0.1147659420967102, 0.11192606389522552, 0.1064695417881012, 0.10534069687128067, 0.1079145073890686, 0.09693918377161026, 0.14153584837913513, 0.12763096392154694, 0.11217145621776581, 0.10547718405723572, 0.10128733515739441, 0.11039793491363525, 0.1028648093342781, 0.09761004149913788, 0.09430167078971863, 0.09183540940284729, 0.08968531340360641, 0.09019564837217331, 0.08727214485406876, 0.10962755978107452, 0.13627466559410095, 0.13360486924648285, 0.12059928476810455, 0.113099105656147, 0.10716287791728973, 0.11185383796691895, 0.10172712057828903, 0.09831772744655609, 0.09922406822443008, 0.09408270567655563, 0.09812644869089127, 0.0930572897195816, 0.09077367186546326, 0.08803160488605499, 0.12440898269414902, 0.13523033261299133, 0.11439895629882812, 0.10402415692806244, 0.09932684898376465, 0.11609664559364319, 0.10740317404270172, 0.10112956166267395, 0.0995074138045311, 0.09551291167736053, 0.1025947630405426, 0.09618917107582092, 0.08971596509218216, 0.08639785647392273], "val_loss": [0.083732970058918, 0.07792340964078903, 0.12606695294380188, 0.08683153241872787, 0.084142304956913, 0.08279437571763992, 0.09011819958686829, 0.08079226315021515, 0.09878170490264893, 0.09017390757799149, 0.0803740993142128, 0.09599870443344116, 0.09169309586286545, 0.06853105127811432, 0.06360943615436554, 0.06104344502091408, 0.06009126082062721, 0.13623133301734924, 0.11681952327489853, 0.09008637815713882, 0.08346361666917801, 0.07567202299833298, 0.07156559824943542, 0.06910879909992218, 0.06640790402889252, 0.06232262775301933, 0.07090568542480469, 0.06631770730018616, 0.0648774653673172, 0.05489585921168327, 0.05156777426600456, 0.0791596919298172, 0.048855654895305634, 0.04753388464450836, 0.07292714715003967, 0.06136619672179222, 0.055852070450782776, 0.054967768490314484, 0.05161222070455551, 0.05576961860060692, 0.05018426850438118, 0.05445408448576927, 0.052431605756282806, 0.0513954758644104, 0.04662613943219185, 0.04486691951751709, 0.046205148100852966, 0.07112156599760056, 0.07922349125146866, 0.06950732320547104, 0.06444299221038818, 0.0623844712972641, 0.06270069628953934, 0.05973203107714653, 0.057095933705568314, 0.05701962485909462, 0.055919189006090164, 0.05500689521431923, 0.05635877326130867, 0.05372544005513191, 0.05196665599942207, 0.05072236806154251, 0.07243361324071884, 0.06811226904392242, 0.06083594262599945, 0.05875948816537857, 0.058616332709789276, 0.08200263231992722, 0.06997402012348175, 0.07187183946371078, 0.06571489572525024, 0.0650222972035408, 0.06101740151643753, 0.05260460823774338, 0.05130700394511223, 0.05054117366671562], "val_mae": [0.1778472363948822, 0.1516423225402832, 0.21030381321907043, 0.15686413645744324, 0.15241800248622894, 0.1495867520570755, 0.13826614618301392, 0.14536893367767334, 0.16424311697483063, 0.1625298112630844, 0.14485161006450653, 0.1540122628211975, 0.15260663628578186, 0.12636607885360718, 0.1193234920501709, 0.11596528440713882, 0.11650034785270691, 0.16456253826618195, 0.16311900317668915, 0.16411541402339935, 0.15255391597747803, 0.14966967701911926, 0.13893648982048035, 0.13235558569431305, 0.12956857681274414, 0.11940331012010574, 0.12392240017652512, 0.11594260483980179, 0.11409928649663925, 0.10769953578710556, 0.1025046557188034, 0.14727430045604706, 0.09652456641197205, 0.09410271793603897, 0.14053048193454742, 0.11329228430986404, 0.10965623706579208, 0.10215099900960922, 0.0990726500749588, 0.1095120757818222, 0.09778959304094315, 0.09829726070165634, 0.09530185908079147, 0.09545230865478516, 0.08687939494848251, 0.08632520586252213, 0.08884993940591812, 0.12512370944023132, 0.14489233493804932, 0.12326223403215408, 0.11521674692630768, 0.10877729952335358, 0.10605538636445999, 0.10719823837280273, 0.0982397049665451, 0.09697572141885757, 0.09605461359024048, 0.0926317423582077, 0.09695149958133698, 0.09141895174980164, 0.08801063895225525, 0.08504893630743027, 0.12080995738506317, 0.12367384880781174, 0.10637898743152618, 0.10020821541547775, 0.09991316497325897, 0.11457774043083191, 0.10258611291646957, 0.1048276498913765, 0.09629128873348236, 0.09487780183553696, 0.10480861365795135, 0.09025856852531433, 0.08745738118886948, 0.08447667956352234]}