{"loss": [0.11263284087181091, 0.08377235382795334, 0.07704348117113113, 0.07329370826482773, 0.07057198137044907, 0.06673712283372879, 0.06442286819219589, 0.06185288354754448, 0.060905929654836655, 0.05799160897731781, 0.05676901713013649, 0.05468589812517166, 0.05628538504242897, 0.07002059370279312, 0.060336027294397354, 0.05886951833963394, 0.05243094637989998, 0.05797937884926796, 0.04962129890918732, 0.04826769605278969, 0.0474853441119194, 0.04576596990227699, 0.07886958122253418, 0.08817692846059799, 0.0756833553314209, 0.08819244056940079, 0.0667971521615982, 0.08003990352153778, 0.07688024640083313, 0.07666517049074173, 0.06092001870274544, 0.05322372913360596, 0.05108347535133362, 0.04723348096013069, 0.05774787440896034, 0.05074603483080864, 0.04780111089348793, 0.07027409970760345, 0.04906710237264633, 0.044758282601833344, 0.050445690751075745, 0.10141176730394363, 0.08288256078958511, 0.0966762974858284, 0.06606395542621613, 0.08915433287620544, 0.06511594355106354, 0.060552336275577545, 0.07498615980148315, 0.08530552685260773, 0.08308271318674088, 0.059388525784015656, 0.06175371631979942, 0.06344528496265411, 0.0623767152428627, 0.05700857937335968, 0.11482367664575577, 0.08975895494222641, 0.07527723163366318, 0.0592961311340332, 0.05428765341639519, 0.052220772951841354, 0.05043051391839981, 0.04955008253455162, 0.04915056377649307, 0.048521894961595535, 0.047685589641332626, 0.047368552535772324, 0.04657939821481705, 0.04612481966614723], "mae": [0.2323019802570343, 0.17248281836509705, 0.15148235857486725, 0.1433742493391037, 0.13717006146907806, 0.12974236905574799, 0.12533588707447052, 0.12158877402544022, 0.11929715424776077, 0.11396465450525284, 0.11047925800085068, 0.10681477934122086, 0.1075088232755661, 0.1289834976196289, 0.11878295242786407, 0.11763224005699158, 0.10334713011980057, 0.10896451771259308, 0.09764701873064041, 0.09510961174964905, 0.09319504350423813, 0.08990111947059631, 0.12196255475282669, 0.15229788422584534, 0.13547034561634064, 0.14772196114063263, 0.12491530925035477, 0.14028041064739227, 0.1327315717935562, 0.13017289340496063, 0.1147349402308464, 0.1046600490808487, 0.09994503855705261, 0.09484969079494476, 0.10809458047151566, 0.09999079257249832, 0.09229801595211029, 0.11651896685361862, 0.09304223954677582, 0.08637689054012299, 0.0898425355553627, 0.14512430131435394, 0.1309690773487091, 0.14555855095386505, 0.11495117843151093, 0.1306183636188507, 0.10668765008449554, 0.10045434534549713, 0.1167253702878952, 0.13556548953056335, 0.1262202113866806, 0.10520200431346893, 0.10477115213871002, 0.10408977419137955, 0.1086774617433548, 0.09719030559062958, 0.1632392257452011, 0.15128418803215027, 0.13311047852039337, 0.11301541328430176, 0.09971831738948822, 0.09332084655761719, 0.0884273499250412, 0.08558587729930878, 0.08411245048046112, 0.08244509994983673, 0.08058178424835205, 0.07954249531030655, 0.07804201543331146, 0.07704245299100876], "val_loss": [0.09146871417760849, 0.08191528916358948, 0.07458016276359558, 0.07212474942207336, 0.06930968165397644, 0.06397514790296555, 0.06105276197195053, 0.05973655357956886, 0.058040548115968704, 0.0561494305729866, 0.0555478110909462, 0.05392457917332649, 0.05307820439338684, 0.06183543801307678, 0.08135999739170074, 0.052736423909664154, 0.05184846743941307, 0.0499991849064827, 0.05167669802904129, 0.04768260195851326, 0.04621005803346634, 0.04565596953034401, 0.09362190216779709, 0.0972926989197731, 0.06825166940689087, 0.07368944585323334, 0.06213813275098801, 0.07461758702993393, 0.06585876643657684, 0.0660046935081482, 0.055669430643320084, 0.05074511468410492, 0.0511908195912838, 0.047692880034446716, 0.05499909445643425, 0.047749802470207214, 0.1611320525407791, 0.057657137513160706, 0.04656238481402397, 0.04410207271575928, 0.13443124294281006, 0.09750354290008545, 0.09478145092725754, 0.07995415478944778, 0.05866061523556709, 0.07078275084495544, 0.06279556453227997, 0.057408567517995834, 0.10359647125005722, 0.07531030476093292, 0.06432995200157166, 0.0553932823240757, 0.0555582121014595, 0.07916509360074997, 0.054851435124874115, 0.1413988620042801, 0.1183772012591362, 0.055419616401195526, 0.0640697032213211, 0.05592464283108711, 0.07957910001277924, 0.05086689069867134, 0.053957417607307434, 0.0479697659611702, 0.048729971051216125, 0.04743058234453201, 0.04627739638090134, 0.045947372913360596, 0.0461597703397274, 0.04796750098466873], "val_mae": [0.19850870966911316, 0.15818946063518524, 0.14566408097743988, 0.1402842253446579, 0.13059934973716736, 0.12406156212091446, 0.12075842171907425, 0.11812269687652588, 0.11506276577711105, 0.10925395786762238, 0.11303859949111938, 0.10784758627414703, 0.10453745722770691, 0.1200527772307396, 0.15053001046180725, 0.10535112768411636, 0.1020926982164383, 0.09827624261379242, 0.09670617431402206, 0.09446436166763306, 0.08980383723974228, 0.0904376283288002, 0.16007323563098907, 0.17499803006649017, 0.12379568815231323, 0.13921082019805908, 0.11438164860010147, 0.13617569208145142, 0.11698229610919952, 0.12154482305049896, 0.11178172379732132, 0.10132080316543579, 0.10395464301109314, 0.09341087192296982, 0.11242487281560898, 0.09369874000549316, 0.18068647384643555, 0.10063035786151886, 0.0890083909034729, 0.08500604331493378, 0.15238210558891296, 0.1541139781475067, 0.15590490400791168, 0.13398759067058563, 0.10111687332391739, 0.11468708515167236, 0.10159214586019516, 0.09599503874778748, 0.17000113427639008, 0.12186795473098755, 0.11109782755374908, 0.0965689867734909, 0.09818126261234283, 0.13774161040782928, 0.09838242083787918, 0.15143263339996338, 0.1788601577281952, 0.11750386655330658, 0.12632285058498383, 0.10484177619218826, 0.1259811520576477, 0.09071104973554611, 0.09306733310222626, 0.08296503126621246, 0.08174490183591843, 0.08028802275657654, 0.07650385797023773, 0.07754838466644287, 0.076564259827137, 0.07939378917217255]}