{"loss": [0.11048569530248642, 0.08460631221532822, 0.07676365226507187, 0.0708821564912796, 0.06678785383701324, 0.0645761489868164, 0.06297027319669724, 0.06150415539741516, 0.061044856905937195, 0.059525810182094574, 0.058389030396938324, 0.06642580777406693, 0.09152262657880783, 0.08668133616447449, 0.08113837987184525, 0.08059100061655045, 0.09106297045946121, 0.08432205766439438, 0.07970794290304184, 0.07799796760082245, 0.07653623819351196, 0.0749056413769722, 0.07376083731651306, 0.0731109157204628, 0.07203000783920288, 0.0711061879992485, 0.06905227899551392, 0.09975322335958481, 0.08300558477640152, 0.09050051122903824, 0.07055007666349411, 0.06517663598060608, 0.05950507894158363, 0.07848649471998215, 0.07398537546396255, 0.0694940835237503, 0.06552782654762268, 0.06319447606801987, 0.06223063915967941, 0.06182604655623436, 0.060497112572193146], "mae": [0.23016925156116486, 0.17266976833343506, 0.15502914786338806, 0.1413450688123703, 0.13183246552944183, 0.1267247498035431, 0.12328202277421951, 0.12005927413702011, 0.11875341832637787, 0.11615562438964844, 0.11402902752161026, 0.11864020675420761, 0.13235551118850708, 0.12915736436843872, 0.1250276416540146, 0.1235455572605133, 0.13432088494300842, 0.12863431870937347, 0.11781620234251022, 0.11293164640665054, 0.10917652398347855, 0.10645265132188797, 0.10441339761018753, 0.10251886397600174, 0.10053803771734238, 0.09969039261341095, 0.0972341001033783, 0.1362113356590271, 0.11737488210201263, 0.16040363907814026, 0.13164947926998138, 0.1174437552690506, 0.10611741989850998, 0.11968217045068741, 0.11262879520654678, 0.11021453887224197, 0.10642817616462708, 0.10312299430370331, 0.10106074810028076, 0.0998511090874672, 0.09774509817361832], "val_loss": [0.09771446138620377, 0.07848392426967621, 0.07226134091615677, 0.06847728788852692, 0.06444293260574341, 0.06509458273649216, 0.06018606945872307, 0.05929691717028618, 0.05873662233352661, 0.058333247900009155, 0.056376662105321884, 0.09525143355131149, 0.08886237442493439, 0.08097776770591736, 0.08066222816705704, 0.07914867997169495, 0.08747587352991104, 0.0811314657330513, 0.07761773467063904, 0.07655788213014603, 0.07389414310455322, 0.0739847719669342, 0.0728936716914177, 0.0755792111158371, 0.07303957641124725, 0.07061333954334259, 0.06868130713701248, 0.08450603485107422, 0.07860066741704941, 0.07692231982946396, 0.06548118591308594, 0.0632312148809433, 0.058726146817207336, 0.07530573755502701, 0.0711035281419754, 0.0673663541674614, 0.06357386708259583, 0.06246307119727135, 0.061163529753685, 0.06064965948462486, 0.060346487909555435], "val_mae": [0.1962086707353592, 0.15844032168388367, 0.14771035313606262, 0.13566486537456512, 0.12795966863632202, 0.12484601140022278, 0.11862165480852127, 0.11712102591991425, 0.11626960337162018, 0.1141766905784607, 0.11141321808099747, 0.14321783185005188, 0.13004262745380402, 0.1255490481853485, 0.12366771697998047, 0.12297958135604858, 0.1398271918296814, 0.12208131700754166, 0.1133333221077919, 0.11071451753377914, 0.105989471077919, 0.10749771445989609, 0.10202190279960632, 0.10321782529354095, 0.10281459987163544, 0.09856507182121277, 0.09698759019374847, 0.12430746853351593, 0.10948866605758667, 0.1407155841588974, 0.1223062202334404, 0.11297868937253952, 0.09953466057777405, 0.11290614306926727, 0.11200153827667236, 0.11053850501775742, 0.1040477454662323, 0.09977145493030548, 0.09857673197984695, 0.09992715716362, 0.09782437235116959]}