{"loss": [0.07964376360177994, 0.05741109326481819, 0.05240381136536598, 0.04873184487223625, 0.046518873423337936, 0.04521697759628296, 0.04415842518210411, 0.0431981235742569, 0.04239260405302048, 0.041716527193784714, 0.04112881049513817, 0.04067479819059372, 0.04020852968096733, 0.03976624086499214, 0.03925175219774246, 0.039127711206674576, 0.038984980434179306, 0.038665518164634705, 0.03830161690711975, 0.037992365658283234, 0.037939466536045074, 0.037774331867694855, 0.037457793951034546, 0.0372532494366169, 0.03722897171974182, 0.03700365498661995, 0.036899250000715256, 0.036745261400938034, 0.036545366048812866, 0.03665433079004288, 0.0364646352827549, 0.036144647747278214, 0.036078810691833496, 0.0360700748860836, 0.03583061695098877, 0.03598872572183609, 0.03569754213094711, 0.03555471450090408, 0.035709913820028305, 0.03555862978100777, 0.035519808530807495, 0.035256337374448776, 0.03580869734287262, 0.035311926156282425, 0.03502362221479416, 0.035223156213760376, 0.03536376729607582, 0.03521803766489029, 0.035076964646577835, 0.035021644085645676, 0.035249676555395126, 0.03492722287774086, 0.03490816801786423, 0.03473374620079994, 0.03485848009586334, 0.034545354545116425, 0.03483416140079498, 0.034602802246809006, 0.034605544060468674, 0.034537363797426224, 0.034317322075366974, 0.03438752517104149, 0.034547995775938034, 0.034525029361248016, 0.034251827746629715, 0.03444407135248184, 0.034212399274110794, 0.03470495715737343, 0.034497927874326706, 0.03467357158660889, 0.034521352499723434, 0.03432164713740349, 0.03414829075336456, 0.034119948744773865, 0.04201135411858559, 0.03481563925743103, 0.03415946289896965, 0.03444173187017441, 0.034128252416849136, 0.033986326307058334, 0.03403843939304352, 0.03452421724796295, 0.034041281789541245, 0.03398144990205765, 0.03394271433353424, 0.033899400383234024, 0.03390837460756302, 0.034004148095846176, 0.03366731107234955, 0.03388070687651634, 0.03407697379589081, 0.03391372784972191, 0.033914096653461456, 0.03383423015475273, 0.03400265797972679, 0.03407208248972893, 0.03412212058901787, 0.03360960632562637, 0.03390777111053467, 0.03372693061828613, 0.0337047353386879, 0.03377518802881241, 0.03481043130159378, 0.03370341286063194, 0.033585820347070694, 0.034435294568538666, 0.03359277918934822], "mae": [0.1581193059682846, 0.11327776312828064, 0.1034979522228241, 0.09616684913635254, 0.09158632159233093, 0.0887751579284668, 0.08650147914886475, 0.08460918813943863, 0.08294839411973953, 0.08142416924238205, 0.08041780441999435, 0.07942841202020645, 0.07866314798593521, 0.07771605998277664, 0.07681719213724136, 0.07637576758861542, 0.07614520937204361, 0.07545536011457443, 0.07485900819301605, 0.07412906736135483, 0.07393932342529297, 0.07351814210414886, 0.0730583667755127, 0.07259050011634827, 0.072512686252594, 0.07204502820968628, 0.07199320942163467, 0.07153698056936264, 0.07134797424077988, 0.07125948369503021, 0.07109150290489197, 0.07043291628360748, 0.07026498019695282, 0.07035015523433685, 0.06990184634923935, 0.06990017741918564, 0.06946098804473877, 0.06930150836706161, 0.06929520517587662, 0.06933234632015228, 0.06903582811355591, 0.06855696439743042, 0.06932571530342102, 0.06865692883729935, 0.06801809370517731, 0.06852036714553833, 0.06869912892580032, 0.0684431716799736, 0.06821037083864212, 0.06793767958879471, 0.06838872283697128, 0.06783319264650345, 0.06774365901947021, 0.06740440428256989, 0.06772322207689285, 0.06719273328781128, 0.06734435260295868, 0.06695826351642609, 0.06710270792245865, 0.06699081510305405, 0.06665852665901184, 0.06662653386592865, 0.06691954284906387, 0.0668870359659195, 0.06642913818359375, 0.06673497706651688, 0.06626109033823013, 0.06708237528800964, 0.06681424379348755, 0.06690102070569992, 0.06685327738523483, 0.06650865077972412, 0.06631147116422653, 0.06599444150924683, 0.07916673272848129, 0.0679924488067627, 0.06637363880872726, 0.06683650612831116, 0.06615760177373886, 0.0658344253897667, 0.0659075677394867, 0.06664352864027023, 0.06592626869678497, 0.0657813772559166, 0.06558264791965485, 0.06556399166584015, 0.06537312269210815, 0.06583598256111145, 0.06501638144254684, 0.0653519555926323, 0.06560689210891724, 0.06579392403364182, 0.06542115658521652, 0.0654691681265831, 0.06554833054542542, 0.06556309014558792, 0.06605828553438187, 0.065159872174263, 0.06543746590614319, 0.06522975862026215, 0.06515029072761536, 0.0652584582567215, 0.06656011193990707, 0.06536918133497238, 0.0648607686161995, 0.06619395315647125, 0.06479768455028534], "val_loss": [0.05934005230665207, 0.052079230546951294, 0.04789381101727486, 0.045576684176921844, 0.04511113837361336, 0.04169854894280434, 0.041979845613241196, 0.04099021106958389, 0.04005688801407814, 0.03881755843758583, 0.038603220134973526, 0.03929286077618599, 0.03836844861507416, 0.03860265761613846, 0.03761309012770653, 0.03814442455768585, 0.038164276629686356, 0.038467150181531906, 0.036310985684394836, 0.03719842806458473, 0.03694162517786026, 0.036043498665094376, 0.03684114292263985, 0.037815991789102554, 0.03652753308415413, 0.03774188831448555, 0.03635197877883911, 0.03625667095184326, 0.03666958212852478, 0.03642227500677109, 0.0360281877219677, 0.036263976246118546, 0.0365019254386425, 0.03596370667219162, 0.036626044660806656, 0.036031559109687805, 0.036152783781290054, 0.03679084777832031, 0.03664147108793259, 0.036803875118494034, 0.03627282753586769, 0.0355171263217926, 0.036242417991161346, 0.03657158836722374, 0.035305362194776535, 0.035660382360219955, 0.03575138747692108, 0.0361216776072979, 0.03595579415559769, 0.03560290485620499, 0.03567323833703995, 0.036363691091537476, 0.035876911133527756, 0.03772119805216789, 0.036332402378320694, 0.0368962362408638, 0.03631236404180527, 0.03554799407720566, 0.0358218289911747, 0.0351409874856472, 0.035516150295734406, 0.03569359704852104, 0.03654256463050842, 0.035141438245773315, 0.0355006605386734, 0.035655323415994644, 0.03673793748021126, 0.03524680435657501, 0.03731183707714081, 0.036068446934223175, 0.03621549531817436, 0.0353170745074749, 0.03573325648903847, 0.036138083785772324, 0.03824808821082115, 0.03506402671337128, 0.03458321467041969, 0.03490579500794411, 0.03559928759932518, 0.03526733070611954, 0.03705860301852226, 0.03632738068699837, 0.035743534564971924, 0.03548485413193703, 0.03667441010475159, 0.03557403385639191, 0.03664383292198181, 0.03526369854807854, 0.03577307239174843, 0.035247646272182465, 0.03682204335927963, 0.037791624665260315, 0.03556469827890396, 0.03631838411092758, 0.035974472761154175, 0.03702839836478233, 0.03574695065617561, 0.035156264901161194, 0.036078084260225296, 0.035596415400505066, 0.03577465936541557, 0.03663197159767151, 0.03610305115580559, 0.035794395953416824, 0.03720962256193161, 0.036258574575185776, 0.03602386265993118],