{"loss": [0.07728425413370132, 0.05555982515215874, 0.05053994432091713, 0.048288315534591675, 0.046459611505270004, 0.045117564499378204, 0.04427827149629593, 0.04327245429158211, 0.04233285039663315, 0.04189738258719444, 0.0409950315952301, 0.0407586432993412, 0.04016219079494476, 0.03986251354217529, 0.03957841917872429, 0.03929346799850464, 0.03858325257897377, 0.038756415247917175, 0.03856245055794716, 0.03833390399813652, 0.03803892806172371, 0.037853892892599106, 0.03780021145939827, 0.03745462745428085, 0.03741934522986412, 0.03722557798027992, 0.037072133272886276, 0.03694382309913635, 0.03682370111346245, 0.036643024533987045, 0.036564815789461136, 0.036373961716890335, 0.036357514560222626, 0.03625797480344772, 0.0361766554415226, 0.036195144057273865, 0.03580768033862114, 0.03588742017745972, 0.03588252142071724, 0.0358295701444149, 0.03577310964465141, 0.03551420196890831, 0.03555227443575859, 0.03541061282157898, 0.035163745284080505, 0.0352306067943573, 0.03500783070921898, 0.03515535220503807, 0.03514200076460838, 0.03487752377986908, 0.03497045487165451, 0.03490211442112923, 0.03481854125857353, 0.03460543602705002, 0.03485032171010971, 0.03483903408050537, 0.03463786095380783, 0.03469769284129143, 0.034648630768060684, 0.03443227335810661, 0.03445883467793465, 0.034377485513687134, 0.03460939601063728, 0.03449692577123642, 0.03402801230549812, 0.034214314073324203, 0.03398361802101135, 0.03430846333503723, 0.03408705070614815, 0.03398296609520912, 0.033793091773986816, 0.03393459692597389, 0.033837851136922836, 0.033797506242990494], "mae": [0.1536148488521576, 0.10989177972078323, 0.09998972713947296, 0.09545688331127167, 0.09184296429157257, 0.08905518800020218, 0.08710403740406036, 0.08510411530733109, 0.08314448595046997, 0.0821826308965683, 0.08049558103084564, 0.0796775221824646, 0.07871366292238235, 0.07798635959625244, 0.07735602557659149, 0.0766618624329567, 0.07533954828977585, 0.07547838985919952, 0.07524216920137405, 0.07471449673175812, 0.07421374320983887, 0.07397160679101944, 0.0737045407295227, 0.073073610663414, 0.07285331934690475, 0.07241620868444443, 0.07219399511814117, 0.0718817263841629, 0.07158614695072174, 0.071465402841568, 0.07108165323734283, 0.07089199870824814, 0.0707797035574913, 0.07051607221364975, 0.07027918100357056, 0.07036040723323822, 0.06961105018854141, 0.06957896798849106, 0.06970657408237457, 0.06947752833366394, 0.06952045857906342, 0.06889300793409348, 0.0689360722899437, 0.0687011182308197, 0.06819643825292587, 0.06821215897798538, 0.06796824187040329, 0.0681338757276535, 0.06802497059106827, 0.06760967522859573, 0.06765034049749374, 0.06745089590549469, 0.06716789305210114, 0.06700360774993896, 0.06725563108921051, 0.06748080253601074, 0.06704339385032654, 0.06723229587078094, 0.06692292541265488, 0.0665569081902504, 0.06651687622070312, 0.06636548787355423, 0.06675288081169128, 0.06654616445302963, 0.06582599878311157, 0.06596126407384872, 0.06566593050956726, 0.06615495681762695, 0.0658259466290474, 0.06566571444272995, 0.06520339846611023, 0.06527162343263626, 0.06539680063724518, 0.0650753453373909], "val_loss": [0.05900823697447777, 0.0510125532746315, 0.04795128479599953, 0.04646764695644379, 0.044553983956575394, 0.04298243299126625, 0.04271421208977699, 0.041109029203653336, 0.0402180477976799, 0.04009997099637985, 0.04035339504480362, 0.038181986659765244, 0.039416514337062836, 0.039629511535167694, 0.038279857486486435, 0.037933316081762314, 0.0380619540810585, 0.03761591389775276, 0.03818370774388313, 0.03720810264348984, 0.037045061588287354, 0.03845620155334473, 0.03757578879594803, 0.036351922899484634, 0.03703553229570389, 0.038975976407527924, 0.03642253577709198, 0.037797678261995316, 0.03965272381901741, 0.03667432442307472, 0.03708191588521004, 0.03751900792121887, 0.03649856150150299, 0.035918381065130234, 0.03777006268501282, 0.03576582297682762, 0.0354003980755806, 0.0353977307677269, 0.036766763776540756, 0.035544876009225845, 0.03624161705374718, 0.03529215604066849, 0.037263888865709305, 0.03416714444756508, 0.03521684184670448, 0.03614166006445885, 0.03567971661686897, 0.03575798124074936, 0.037596285343170166, 0.03491261601448059, 0.03540276363492012, 0.035690195858478546, 0.03602578863501549, 0.037024013698101044, 0.03612518310546875, 0.03475307300686836, 0.03733085095882416, 0.05097629129886627, 0.03569149971008301, 0.03572425618767738, 0.03574046865105629, 0.03518437594175339, 0.035505957901477814, 0.03712616488337517, 0.0345718078315258, 0.03544718027114868, 0.03756682947278023, 0.03657734394073486, 0.03500441461801529, 0.03457975760102272, 0.034589026123285294, 0.03559166565537453, 0.03514192998409271, 0.03814733028411865], "val_mae": [0.10365406423807144, 0.0900917798280716, 0.08474743366241455, 0.0815110057592392, 0.07765450328588486, 0.0753898024559021, 0.07365886121988297, 0.07198656350374222, 0.0696205198764801, 0.06893109530210495, 0.06722290068864822, 0.06641750782728195, 0.06628552079200745, 0.065506711602211, 0.06453768163919449, 0.06339613348245621, 0.062461044639348984, 0.06327413022518158, 0.06298233568668365, 0.06290408223867416, 0.06230197474360466, 0.06445508450269699, 0.06196451559662819, 0.06075577810406685, 0.06101631745696068, 0.06301085650920868, 0.06073117256164551, 0.061865419149398804, 0.06442146748304367, 0.05989209935069084, 0.06115568056702614, 0.061777807772159576, 0.05950288847088814, 0.05885704979300499, 0.0606054924428463, 0.05938926339149475, 0.058255307376384735, 0.058740951120853424, 0.05961965024471283, 0.058248601853847504, 0.0595238022506237, 0.058032725006341934, 0.060957569628953934, 0.05680195242166519, 0.05802197381854057, 0.05854980647563934, 0.057730015367269516, 0.05916651338338852, 0.06036997213959694, 0.056371454149484634, 0.05728686973452568, 0.058314692229032516, 0.0571737103164196, 0.0583498440682888, 0.0587351992726326, 0.056759584695100784, 0.05994429811835289, 0.07407815009355545, 0.057375770062208176, 0.05685904622077942, 0.05690085515379906, 0.056643590331077576, 0.0573267936706543, 0.05905026197433472, 0.05645790696144104, 0.05700265243649483, 0.05911020562052727, 0.057601287961006165, 0.05677831172943115, 0.055251721292734146, 0.05491263419389725, 0.0571277029812336, 0.05651529133319855, 0.06013847514986992]}