{"loss": [0.07552745193243027, 0.055783212184906006, 0.050712451338768005, 0.047676268965005875, 0.04595955088734627, 0.044048260897397995, 0.04265128821134567, 0.041503407061100006, 0.04102347046136856, 0.04016462340950966, 0.03956842049956322, 0.03907056897878647, 0.038607772439718246, 0.03833862394094467, 0.038065407425165176, 0.037808388471603394, 0.037377309054136276, 0.03804180398583412, 0.036922797560691833, 0.03710080310702324, 0.036405183374881744, 0.03641320392489433, 0.03653181716799736, 0.03606647253036499, 0.03595462441444397, 0.03580085188150406, 0.035727862268686295, 0.03564966470003128, 0.03549668937921524, 0.035321999341249466, 0.03520391508936882, 0.035101935267448425, 0.034979138523340225, 0.03469400852918625, 0.03476720675826073, 0.03473224118351936, 0.03473750874400139, 0.03437371924519539, 0.034498825669288635, 0.03437294065952301, 0.03418790549039841, 0.034082457423210144, 0.03424379229545593, 0.03390336409211159, 0.03383798152208328, 0.03387904539704323, 0.03374077379703522, 0.03344869986176491, 0.03386888653039932, 0.035034094005823135, 0.035970717668533325, 0.03545541316270828, 0.035094719380140305, 0.034883927553892136, 0.034448593854904175, 0.03533047437667847, 0.033868901431560516, 0.03355472534894943, 0.03323988988995552, 0.03318528085947037, 0.03322356939315796, 0.033134397119283676], "mae": [0.14969390630722046, 0.11041843891143799, 0.10041607916355133, 0.09416463226079941, 0.09057478606700897, 0.08658534288406372, 0.083776094019413, 0.08118800073862076, 0.08018295466899872, 0.07851078361272812, 0.0773991048336029, 0.07637787610292435, 0.07527858018875122, 0.07455938309431076, 0.07403134554624557, 0.07362618297338486, 0.07261925935745239, 0.07383688539266586, 0.07181849330663681, 0.07206495106220245, 0.07101450860500336, 0.0706869438290596, 0.07071230560541153, 0.07013102620840073, 0.06990518420934677, 0.06965959072113037, 0.06947534531354904, 0.06922470778226852, 0.06872529536485672, 0.06858286261558533, 0.06834963709115982, 0.06815092265605927, 0.06780986487865448, 0.06729293614625931, 0.06752823293209076, 0.06739719957113266, 0.0673089548945427, 0.06653225421905518, 0.06690071523189545, 0.06666843593120575, 0.06625505536794662, 0.06606476753950119, 0.06626998633146286, 0.06573278456926346, 0.06554148346185684, 0.06553827226161957, 0.06530528515577316, 0.06481142342090607, 0.06547772884368896, 0.06715278327465057, 0.06949466466903687, 0.0686333179473877, 0.06807373464107513, 0.06772355735301971, 0.06692464649677277, 0.06830283254384995, 0.06594698876142502, 0.06506290286779404, 0.06447234749794006, 0.06435039639472961, 0.06428385525941849, 0.06412217020988464], "val_loss": [0.06349938362836838, 0.054452575743198395, 0.048537638038396835, 0.050344787538051605, 0.04416479170322418, 0.047403812408447266, 0.042797863483428955, 0.044212959706783295, 0.039004188030958176, 0.03834308311343193, 0.03860463574528694, 0.037125129252672195, 0.037152428179979324, 0.03823689743876457, 0.03795536234974861, 0.037801291793584824, 0.038887444883584976, 0.03683250769972801, 0.037105992436409, 0.0381828248500824, 0.036251865327358246, 0.03596451133489609, 0.037517525255680084, 0.03633124753832817, 0.035949964076280594, 0.03482305631041527, 0.03654000163078308, 0.035411424934864044, 0.035616435110569, 0.03594614937901497, 0.03586091101169586, 0.034730471670627594, 0.0358068011701107, 0.03619776666164398, 0.035997845232486725, 0.03593917936086655, 0.035379745066165924, 0.03501712903380394, 0.03547997772693634, 0.03801456093788147, 0.03642764687538147, 0.03658907115459442, 0.036754216998815536, 0.036705758422613144, 0.036701906472444534, 0.03509773686528206, 0.03505096212029457, 0.0368550606071949, 0.03534616157412529, 0.038986630737781525, 0.038411665707826614, 0.03763879835605621, 0.03797268122434616, 0.037802763283252716, 0.035687144845724106, 0.03711886331439018, 0.03649916127324104, 0.034935660660266876, 0.036954183131456375, 0.03623832389712334, 0.03589343652129173, 0.035472240298986435], "val_mae": [0.1084243580698967, 0.09709153324365616, 0.08701036125421524, 0.08587732911109924, 0.07722167670726776, 0.0782272219657898, 0.07315555959939957, 0.0729512870311737, 0.06751028448343277, 0.06539283692836761, 0.06500671803951263, 0.06148478761315346, 0.06186332926154137, 0.06269431859254837, 0.062130820006132126, 0.0626952275633812, 0.06346064060926437, 0.061648912727832794, 0.06107150390744209, 0.06308750808238983, 0.05972743034362793, 0.05959046632051468, 0.062001340091228485, 0.06028202921152115, 0.05963781476020813, 0.057670097798109055, 0.05951322987675667, 0.05886102467775345, 0.058670833706855774, 0.05922670289874077, 0.05841908976435661, 0.05727329105138779, 0.05930284038186073, 0.05924391746520996, 0.058674175292253494, 0.05895523726940155, 0.058117520064115524, 0.05744073912501335, 0.05850890278816223, 0.06107395142316818, 0.05899626389145851, 0.06004241853952408, 0.05951957032084465, 0.058522436767816544, 0.058899637311697006, 0.057626329362392426, 0.056158874183893204, 0.05905481427907944, 0.05715186521410942, 0.062470998615026474, 0.06216418370604515, 0.061350978910923004, 0.06246849521994591, 0.06044521555304527, 0.058593448251485825, 0.060449112206697464, 0.059122342616319656, 0.05750887095928192, 0.05891820043325424, 0.058574020862579346, 0.05766420066356659, 0.05777181312441826]}