{"loss": [0.11904771625995636, 0.1102566048502922, 0.10135070234537125, 0.08291734755039215, 0.07611822336912155, 0.0703335627913475, 0.06635776162147522, 0.06357335299253464, 0.07441393285989761, 0.07284300029277802, 0.05748790502548218, 0.054723192006349564, 0.052858758717775345, 0.050895366817712784, 0.05079301819205284, 0.04772789403796196, 0.04597163200378418, 0.04445185512304306, 0.04311950132250786, 0.06991693377494812, 0.05635852739214897, 0.051017146557569504, 0.07607240229845047, 0.0733567327260971, 0.06637963652610779, 0.0742238461971283, 0.06667615473270416, 0.057404957711696625, 0.052047524601221085, 0.06820698082447052, 0.050815992057323456, 0.07720785588026047, 0.06084863096475601, 0.05104091763496399, 0.04635560140013695, 0.04326687008142471, 0.040766388177871704, 0.05221942439675331, 0.0473271943628788, 0.0514957420527935, 0.04406014457345009, 0.03931388631463051, 0.037438344210386276, 0.03582599759101868, 0.03471959009766579, 0.0337921567261219, 0.0325198732316494, 0.03582266718149185, 0.032668597996234894, 0.031061235815286636, 0.030461706221103668, 0.029956988990306854, 0.02938009425997734, 0.02871774695813656, 0.028458740562200546, 0.027703944593667984, 0.02735438570380211, 0.0273594930768013, 0.02665644697844982, 0.026180660352110863, 0.02598513849079609, 0.025596830993890762, 0.027974888682365417, 0.025670897215604782, 0.02479296550154686, 0.024613993242383003, 0.024508941918611526, 0.024206316098570824, 0.02499469928443432, 0.1060710996389389, 0.08447733521461487, 0.07419522851705551, 0.0677875280380249, 0.062094613909721375, 0.057823546230793, 0.054300516843795776, 0.050710279494524, 0.04762021079659462, 0.045989178121089935, 0.043727416545152664, 0.04234278202056885, 0.0559547133743763, 0.04685935005545616, 0.04084710776805878, 0.03965798392891884, 0.03811689093708992, 0.0373128317296505, 0.036505114287137985, 0.038470637053251266, 0.03534867987036705, 0.03536543250083923, 0.034421373158693314, 0.03577671945095062, 0.04029647633433342, 0.03464528173208237, 0.0336027629673481, 0.03269670903682709, 0.032270997762680054, 0.031694624572992325, 0.03210289776325226, 0.03346414119005203, 0.030704447999596596, 0.030653201043605804, 0.030001036822795868, 0.029705055058002472, 0.029194846749305725, 0.028797520324587822, 0.028724156320095062, 0.028247706592082977, 0.04373932629823685, 0.03466422110795975, 0.03286415711045265, 0.03202970698475838, 0.0314166396856308, 0.030965089797973633, 0.03060477413237095, 0.030043598264455795], "mae": [0.23904360830783844, 0.21468359231948853, 0.20267276465892792, 0.16685062646865845, 0.15254175662994385, 0.13715806603431702, 0.12784112989902496, 0.12226227670907974, 0.13255754113197327, 0.13482730090618134, 0.11726014316082001, 0.11061585694551468, 0.10652530193328857, 0.10258515179157257, 0.10224229842424393, 0.09624788910150528, 0.09251280128955841, 0.08928413689136505, 0.08659932762384415, 0.12873098254203796, 0.11328890919685364, 0.1037123054265976, 0.1273333877325058, 0.14162418246269226, 0.12929798662662506, 0.14126190543174744, 0.1359679102897644, 0.11551018804311752, 0.10351736843585968, 0.1259738951921463, 0.10153049975633621, 0.1376277655363083, 0.11946992576122284, 0.10408635437488556, 0.0941513255238533, 0.0881740003824234, 0.08318162709474564, 0.09744527190923691, 0.09758219122886658, 0.10010089725255966, 0.08686236292123795, 0.07867226749658585, 0.07488375902175903, 0.0709586963057518, 0.06851571053266525, 0.06654366105794907, 0.06415907293558121, 0.06818743795156479, 0.06518678367137909, 0.06118054315447807, 0.059771258383989334, 0.05894634872674942, 0.057862505316734314, 0.0565798282623291, 0.055878471583127975, 0.054529864341020584, 0.0536644347012043, 0.0536554716527462, 0.052421700209379196, 0.05134394392371178, 0.05078866332769394, 0.05004134029150009, 0.05437707155942917, 0.05042673274874687, 0.048588696867227554, 0.048034001141786575, 0.04771627485752106, 0.047082383185625076, 0.04823833331465721, 0.19162732362747192, 0.16977325081825256, 0.14855675399303436, 0.13552992045879364, 0.12253066897392273, 0.1135837510228157, 0.10563712567090988, 0.09877266734838486, 0.09250862896442413, 0.08962351083755493, 0.08560309559106827, 0.0832284688949585, 0.09974710643291473, 0.08921220153570175, 0.08092030137777328, 0.07776867598295212, 0.07453835010528564, 0.07253362983465195, 0.07074923813343048, 0.07352114468812943, 0.06847065687179565, 0.06835971772670746, 0.06639273464679718, 0.06778250634670258, 0.07620878517627716, 0.06619836390018463, 0.0648951306939125, 0.06361206620931625, 0.06264454871416092, 0.06135755032300949, 0.061649806797504425, 0.06434979289770126, 0.059865981340408325, 0.0593683086335659, 0.058154188096523285, 0.057517360895872116, 0.05652962997555733, 0.055619366466999054, 0.055504392832517624, 0.054566528648138046, 0.0801939070224762, 0.06451507657766342, 0.05999554321169853, 0.057724352926015854, 0.0562722384929657, 0.05520395189523697, 0.05458904802799225, 0.053691599518060684], "val_loss": [0.105959452688694, 0.11126668751239777, 0.09007474035024643, 0.0797102153301239, 0.07389800250530243, 0.06763212382793427, 0.06487330049276352, 0.06134485453367233, 0.08485797047615051, 0.05910879373550415, 0.056392841041088104, 0.05276787653565407, 0.050463881343603134, 0.05006641894578934, 0.048511579632759094, 0.04800572246313095, 0.044377800077199936, 0.0436011366546154, 0.042175762355327606, 0.059341832995414734, 0.052086539566516876, 0.047766055911779404, 0.07843180745840073, 0.0714191272854805, 0.062092605978250504, 0.07198812067508698, 0.06087387725710869, 0.05375402420759201, 0.04942770674824715, 0.056196656078100204, 0.04858829826116562, 0.0706992968916893, 0.05068064108490944, 0.05047862231731415, 0.04411531239748001, 0.040934156626462936, 0.04107954725623131, 0.06133712828159332, 0.040421467274427414, 0.0430704727768898, 0.03989306464791298, 0.0388481505215168, 0.0388362817466259, 0.03637004643678665, 0.033794380724430084, 0.03367549553513527, 0.03222241625189781, 0.03736491873860359, 0.03126249834895134, 0.031857576221227646, 0.031520284712314606, 0.02971021831035614, 0.028737489134073257, 0.029390020295977592, 0.027812501415610313, 0.027575721964240074, 0.02831202559173107, 0.02735132910311222, 0.02863128110766411, 0.026362214237451553, 0.026960963383316994, 0.026473363861441612, 0.026345718652009964, 0.02634703740477562, 0.02655118517577648, 0.026239965111017227, 0.02527557872235775, 0.025784799829125404, 0.025458771735429764, 0.10042071342468262, 0.0787246823310852, 0.07065449655056, 0.06571588665246964, 0.05962006747722626, 0.05479500815272331, 0.05312775447964668, 0.05228414759039879, 0.049989115446805954, 0.04624826833605766, 0.043240636587142944, 0.0418703593313694, 0.051827121526002884, 0.041679590940475464, 0.039991095662117004, 0.03875977545976639, 0.03882550448179245, 0.038410477340221405, 0.0378747396171093, 0.0360308513045311, 0.0351925827562809, 0.03526521101593971, 0.03460864722728729, 0.07659385353326797, 0.036285147070884705, 0.03561541065573692, 0.03243236243724823, 0.03383267670869827, 0.032733794301748276, 0.03249417617917061, 0.03401807323098183, 0.031194686889648438, 0.032425690442323685, 0.030590549111366272, 0.0311745535582304, 0.029932938516139984, 0.03107522428035736, 0.029121799394488335, 0.02956128865480423, 0.02929854765534401, 0.03670302778482437, 0.03424402326345444, 0.03259782865643501, 0.03223210573196411, 0.034705258905887604, 0.03088025376200676, 0.03212633728981018, 0.03144512325525284],