{"loss": [0.07674754410982132, 0.05743883177638054, 0.052364759147167206, 0.049529120326042175, 0.04738801345229149, 0.046081531792879105, 0.04493637755513191, 0.044257182627916336, 0.04365040361881256, 0.04315830022096634, 0.042664121836423874, 0.04227167367935181, 0.04185688868165016, 0.04164424538612366, 0.041173096746206284, 0.04081784188747406, 0.04060511663556099, 0.04029224067926407, 0.04004392400383949, 0.03999769687652588, 0.03959192335605621, 0.03947172313928604, 0.039483748376369476, 0.03929128497838974, 0.039199382066726685, 0.0390513613820076, 0.03860722854733467, 0.038714632391929626, 0.038659024983644485, 0.03852444887161255, 0.03835738077759743, 0.03830184042453766, 0.03814847767353058, 0.03807929530739784, 0.03794950246810913, 0.0379600003361702, 0.03782562538981438, 0.03763933479785919, 0.0377364382147789, 0.03753649443387985, 0.037464093416929245, 0.0375579372048378, 0.037332963198423386, 0.037288848310709, 0.03727293014526367], "mae": [0.1538124978542328, 0.1139657199382782, 0.1041155681014061, 0.09803321212530136, 0.09363622218370438, 0.09075380116701126, 0.08837961405515671, 0.08694661408662796, 0.08588366955518723, 0.08485303819179535, 0.083788201212883, 0.08293145149946213, 0.08203565329313278, 0.08157020062208176, 0.0806446522474289, 0.07996933162212372, 0.07931171357631683, 0.07879181206226349, 0.07834744453430176, 0.07799918949604034, 0.07722625881433487, 0.07708902657032013, 0.07699237018823624, 0.07654044777154922, 0.07639695703983307, 0.07624785602092743, 0.07546255737543106, 0.07543124258518219, 0.07528375089168549, 0.07526329159736633, 0.07478305697441101, 0.07476849108934402, 0.07436008006334305, 0.07429389655590057, 0.07400067150592804, 0.07381730526685715, 0.07367602735757828, 0.07324185967445374, 0.0734856128692627, 0.07314825057983398, 0.07290195673704147, 0.0731794685125351, 0.07246290892362595, 0.07240252941846848, 0.07235678285360336], "val_loss": [0.062456171959638596, 0.053679488599300385, 0.048681337386369705, 0.04588359594345093, 0.04418991878628731, 0.04339379444718361, 0.04225386306643486, 0.041704680770635605, 0.04038942605257034, 0.04086599126458168, 0.04042746126651764, 0.04343007132411003, 0.043341729789972305, 0.04096308350563049, 0.03964460268616676, 0.04229500889778137, 0.04347407445311546, 0.04267638549208641, 0.0451335646212101, 0.042432427406311035, 0.04218719154596329, 0.04184887930750847, 0.04365934059023857, 0.04220791906118393, 0.042035747319459915, 0.04098786786198616, 0.041037093847990036, 0.042093198746442795, 0.040825482457876205, 0.04091024398803711, 0.04624341428279877, 0.04540771245956421, 0.04575720429420471, 0.04275056719779968, 0.04216273874044418, 0.0439324826002121, 0.04416796192526817, 0.044286515563726425, 0.041624754667282104, 0.04734700545668602, 0.04324578493833542, 0.04363809525966644, 0.0439971424639225, 0.04275105893611908, 0.04159799963235855], "val_mae": [0.11144381016492844, 0.09880029410123825, 0.09012284129858017, 0.08350387960672379, 0.07745639979839325, 0.0770915076136589, 0.07407601922750473, 0.07366842776536942, 0.07201937586069107, 0.07157563418149948, 0.07050595432519913, 0.07275737076997757, 0.0726703330874443, 0.06930336356163025, 0.0688389390707016, 0.07064341753721237, 0.0719069167971611, 0.07085566222667694, 0.07254274189472198, 0.06985833495855331, 0.0692695900797844, 0.06904293596744537, 0.07125990092754364, 0.06949315220117569, 0.06904389709234238, 0.0674426481127739, 0.06815182417631149, 0.06839391589164734, 0.0677432119846344, 0.06738219410181046, 0.07309899479150772, 0.07212909311056137, 0.07235486060380936, 0.06913182884454727, 0.06866848468780518, 0.07103888690471649, 0.07107462733983994, 0.07104466110467911, 0.06754084676504135, 0.0741661787033081, 0.071186862885952, 0.07012051343917847, 0.0697115883231163, 0.06905686110258102, 0.06741970777511597]}