{"loss": [0.07582581043243408, 0.05688166618347168, 0.053057774901390076, 0.05078880116343498, 0.048999182879924774, 0.04774969816207886, 0.046254176646471024, 0.04505006596446037, 0.04419911280274391, 0.04343060404062271, 0.04289201274514198, 0.042392291128635406, 0.04194565489888191, 0.04165658727288246, 0.041314877569675446, 0.04090492054820061, 0.040740955621004105, 0.04047056660056114, 0.040386948734521866, 0.039902180433273315, 0.03974946588277817, 0.039684318006038666, 0.03941667079925537, 0.03935148939490318, 0.03933827951550484, 0.0390152670443058, 0.038974083960056305, 0.03877736255526543, 0.03865412622690201, 0.03856410086154938, 0.03825819119811058, 0.038122449070215225, 0.03817163407802582, 0.038187187165021896, 0.0380924753844738, 0.03802602365612984, 0.037914764136075974, 0.03780144080519676, 0.03760993108153343, 0.03760034590959549, 0.037515610456466675, 0.03749833628535271, 0.037382300943136215, 0.03739688917994499, 0.037164874374866486, 0.037235088646411896, 0.036991629749536514, 0.03700380399823189, 0.036952752619981766, 0.03681458905339241, 0.03688457980751991, 0.03675125911831856, 0.036817800253629684, 0.036539435386657715, 0.0366520956158638, 0.036490313708782196, 0.036434415727853775, 0.03653108701109886, 0.03649294376373291, 0.03626471757888794, 0.03646019101142883, 0.03627076745033264, 0.036199524998664856, 0.036146897822618484, 0.036074843257665634, 0.036163318902254105, 0.03607531636953354, 0.03611376881599426, 0.036036111414432526, 0.035900045186281204, 0.035944245755672455, 0.03571812063455582, 0.03604025021195412, 0.03568991646170616, 0.035827018320560455, 0.03579243645071983, 0.035750169306993484, 0.03573469817638397, 0.03578444942831993, 0.03570114076137543, 0.035471994429826736, 0.03554364666342735, 0.035451341420412064, 0.035445164889097214, 0.0353182777762413, 0.035185184329748154, 0.03544440492987633, 0.03546411171555519, 0.03534549102187157, 0.035207152366638184, 0.03516842797398567, 0.03521353378891945, 0.035112347453832626, 0.03515002876520157, 0.03504183888435364, 0.03506309539079666, 0.03497365117073059, 0.03493201360106468, 0.035004716366529465, 0.03500665724277496, 0.0349009707570076, 0.03474956005811691, 0.034743763506412506, 0.03473428264260292, 0.034803617745637894, 0.0345926508307457, 0.0345635712146759, 0.034527506679296494, 0.034392762929201126, 0.0345822237432003, 0.03459682688117027], "mae": [0.15247295796871185, 0.11383263766765594, 0.10583499819040298, 0.10113031417131424, 0.09698378294706345, 0.09429822117090225, 0.09133417159318924, 0.08875525742769241, 0.08679626137018204, 0.08528091013431549, 0.08389228582382202, 0.0831175148487091, 0.08213868737220764, 0.08137009292840958, 0.08079486340284348, 0.08008196949958801, 0.07958614081144333, 0.07895706593990326, 0.07880983501672745, 0.07800854742527008, 0.0777263343334198, 0.07726655900478363, 0.0768698900938034, 0.076839379966259, 0.0767926499247551, 0.07631239295005798, 0.07610482722520828, 0.07571286708116531, 0.07548218965530396, 0.07537008076906204, 0.07469526678323746, 0.07440703362226486, 0.07437240332365036, 0.07453560084104538, 0.07435111701488495, 0.07426243275403976, 0.07385776191949844, 0.07384930551052094, 0.073455810546875, 0.07331325858831406, 0.07315945625305176, 0.07331632077693939, 0.07297788560390472, 0.07300643622875214, 0.07264889776706696, 0.07265745848417282, 0.07210380584001541, 0.07221098989248276, 0.07199771702289581, 0.07179556787014008, 0.07184278964996338, 0.07149211317300797, 0.07172583788633347, 0.07125300168991089, 0.07142845541238785, 0.0711750015616417, 0.07083858549594879, 0.07117831707000732, 0.07098284363746643, 0.07061435282230377, 0.0708523765206337, 0.07057085633277893, 0.0704045370221138, 0.0703897774219513, 0.07014704495668411, 0.07021567225456238, 0.07013923674821854, 0.07013529539108276, 0.07008674740791321, 0.06975625455379486, 0.06975454092025757, 0.06944312900304794, 0.07002536952495575, 0.06948834657669067, 0.06970333307981491, 0.06935013085603714, 0.06949365884065628, 0.06941573321819305, 0.06944353878498077, 0.06918296962976456, 0.06901699304580688, 0.06891880184412003, 0.06869879364967346, 0.06883454322814941, 0.06855422258377075, 0.06827454268932343, 0.0687326043844223, 0.06856849044561386, 0.06838137656450272, 0.06832748651504517, 0.0683339461684227, 0.0681077241897583, 0.06814338266849518, 0.06803260743618011, 0.06779712438583374, 0.06795696169137955, 0.06774734705686569, 0.06768245249986649, 0.06777499616146088, 0.06773499399423599, 0.06753917783498764, 0.06729728728532791, 0.06714436411857605, 0.06700455397367477, 0.06734497845172882, 0.06683260947465897, 0.0667753666639328, 0.06670768558979034, 0.06662919372320175, 0.06665149331092834, 0.06678907573223114], "val_loss": [0.05813014507293701, 0.05251523479819298, 0.04906873404979706, 0.047637730836868286, 0.047189489006996155, 0.04445970430970192, 0.04383264482021332, 0.042254067957401276, 0.0436844527721405, 0.041396867483854294, 0.04028414562344551, 0.04003129526972771, 0.04004181548953056, 0.042355600744485855, 0.03837621584534645, 0.03820129111409187, 0.038538768887519836, 0.03798753768205643, 0.04066891595721245, 0.03692992031574249, 0.037625111639499664, 0.03722595423460007, 0.03735661506652832, 0.03849394619464874, 0.03935695067048073, 0.036519501358270645, 0.037409476935863495, 0.036445777863264084, 0.03603651747107506, 0.03713972866535187, 0.037011437118053436, 0.03713400661945343, 0.03588216379284859, 0.03680766001343727, 0.035815756767988205, 0.03706882521510124, 0.03803272172808647, 0.0358506515622139, 0.03601465001702309, 0.03585011512041092, 0.036797717213630676, 0.03592441603541374, 0.036868076771497726, 0.03534795343875885, 0.035303425043821335, 0.03549624979496002, 0.03649372607469559, 0.03684172406792641, 0.03683691471815109, 0.03662128373980522, 0.03545060381293297, 0.03570999205112457, 0.03419707715511322, 0.03634066879749298, 0.037491343915462494, 0.036409102380275726, 0.035148985683918, 0.03548706695437431, 0.0359039381146431, 0.03614777326583862, 0.03528004512190819, 0.035182129591703415, 0.034676920622587204, 0.035012003034353256, 0.03624437376856804, 0.03532920777797699, 0.03512519970536232, 0.03411002457141876, 0.03519188240170479, 0.035599205642938614, 0.0343552865087986, 0.034850750118494034, 0.03650800138711929, 0.03546171635389328, 0.03422749042510986, 0.035152822732925415, 0.03389979153871536, 0.03453422710299492, 0.03494128957390785, 0.03559871017932892, 0.03359505906701088, 0.035033635795116425, 0.036062274128198624, 0.03488807752728462, 0.035445939749479294, 0.03535502031445503, 0.03395932540297508, 0.035107582807540894, 0.03429366275668144, 0.03525442257523537, 0.03480735793709755, 0.03470350429415703, 0.03531697392463684, 0.03413096070289612, 0.0345698744058609, 0.03469831496477127, 0.035234104841947556, 0.03500940278172493, 0.03529052436351776, 0.034267473965883255, 0.03429992124438286, 0.034214988350868225, 0.03454609587788582, 0.03470251336693764, 0.03475973755121231, 0.03440343588590622, 0.034443411976099014, 0.03456364944577217, 0.033774781972169876, 0.034587312489748, 0.03426838666200638],