{"loss": [0.07812617719173431, 0.060844458639621735, 0.05687997117638588, 0.05512365698814392, 0.05378790199756622, 0.052665624767541885, 0.05158363655209541, 0.05095861852169037, 0.05027265474200249, 0.049641188234090805, 0.04913678765296936, 0.048543140292167664, 0.048244889825582504, 0.04774527996778488, 0.04750924929976463, 0.04697331413626671, 0.04685235396027565, 0.04653438180685043, 0.04629571735858917, 0.046053167432546616, 0.045720040798187256, 0.04558222368359566, 0.04558157920837402], "mae": [0.15611150860786438, 0.1207696869969368, 0.11274059861898422, 0.10917218029499054, 0.10657255351543427, 0.10421591252088547, 0.10204529762268066, 0.1005508303642273, 0.09947587549686432, 0.09796092659235, 0.09707847237586975, 0.09588523954153061, 0.09523793309926987, 0.09428684413433075, 0.09363814443349838, 0.09257566183805466, 0.09228873997926712, 0.0917234867811203, 0.09112569689750671, 0.0906141996383667, 0.08990177512168884, 0.08975599706172943, 0.08959615975618362], "val_loss": [0.06476329267024994, 0.05953763425350189, 0.05636151134967804, 0.05687571316957474, 0.05822409689426422, 0.06575004756450653, 0.0658411979675293, 0.06897339224815369, 0.07023262232542038, 0.07191791385412216, 0.07218064367771149, 0.07755937427282333, 0.07522214204072952, 0.07573507726192474, 0.08017562329769135, 0.07734209299087524, 0.0794559046626091, 0.07902192324399948, 0.08273981511592865, 0.07787274569272995, 0.08552344888448715, 0.08144626766443253, 0.07693320512771606], "val_mae": [0.11392982304096222, 0.10230255872011185, 0.09977290779352188, 0.09797877818346024, 0.09783270210027695, 0.10101158916950226, 0.10212238878011703, 0.10509998351335526, 0.10486283153295517, 0.10778378695249557, 0.1061476320028305, 0.11199595034122467, 0.10913529247045517, 0.11014211922883987, 0.11610395461320877, 0.11194056272506714, 0.11388246715068817, 0.11601006984710693, 0.1179988756775856, 0.11367927491664886, 0.12247036397457123, 0.12208381295204163, 0.11624766141176224]}