{"loss": [0.07820264995098114, 0.06148972362279892, 0.05455710366368294, 0.05108754709362984, 0.04870551452040672, 0.04699606075882912, 0.04593201354146004, 0.04492790251970291, 0.04443582892417908, 0.043609339743852615, 0.04331077262759209, 0.042776476591825485, 0.04236602783203125, 0.042100004851818085, 0.041495826095342636, 0.041382014751434326, 0.041002336889505386, 0.04065585881471634, 0.04052169993519783, 0.040237605571746826, 0.04014870524406433, 0.039748284965753555, 0.039789170026779175, 0.039584312587976456, 0.03942425921559334, 0.03938766568899155, 0.03930337727069855, 0.03919112682342529, 0.038906604051589966, 0.03881162405014038, 0.03859821707010269, 0.03858460113406181, 0.03854493796825409, 0.03821394965052605, 0.03835582360625267, 0.038129985332489014, 0.038193054497241974, 0.038098398596048355, 0.03806927055120468, 0.03792398050427437, 0.037941742688417435, 0.037900205701589584, 0.03772426024079323, 0.037547435611486435, 0.03746919333934784, 0.037372443825006485, 0.037554215639829636, 0.03732918202877045, 0.03736570477485657, 0.03741870075464249, 0.03728395327925682, 0.03740518167614937, 0.0371282622218132, 0.037033893167972565, 0.03709089756011963, 0.03708310425281525, 0.037012264132499695, 0.03696712106466293, 0.03693937137722969, 0.03681366145610809, 0.036939430981874466, 0.03681708872318268, 0.036791734397411346, 0.03671211749315262, 0.03652273863554001, 0.03652425482869148, 0.03660883754491806, 0.036592788994312286, 0.03663463145494461, 0.03647088259458542, 0.03650958463549614, 0.036446791142225266, 0.036341097205877304, 0.03630216792225838, 0.03637281060218811, 0.036236684769392014, 0.036297209560871124, 0.0362495481967926, 0.0362696647644043, 0.036218516528606415, 0.03609565645456314, 0.036006685346364975], "mae": [0.15674179792404175, 0.12310347706079483, 0.10910435020923615, 0.10203468054533005, 0.09702238440513611, 0.09357227385044098, 0.09096620231866837, 0.08869922161102295, 0.08750776201486588, 0.08581595867872238, 0.08517693728208542, 0.0842701867222786, 0.08313747495412827, 0.0824953243136406, 0.08144598454236984, 0.08106546103954315, 0.08009939640760422, 0.07940191775560379, 0.07925514131784439, 0.07863163203001022, 0.07843475043773651, 0.07760743051767349, 0.07763515412807465, 0.07731204479932785, 0.07714447379112244, 0.07695024460554123, 0.07679695636034012, 0.07648260146379471, 0.07617886364459991, 0.0757349357008934, 0.07541345059871674, 0.07535623759031296, 0.07526589930057526, 0.07458226382732391, 0.07485263794660568, 0.07439842820167542, 0.07454264909029007, 0.07425658404827118, 0.07424933463335037, 0.07407499849796295, 0.07412368804216385, 0.07394123077392578, 0.07358819246292114, 0.07339119911193848, 0.07327064871788025, 0.07293497771024704, 0.07326378673315048, 0.07268524169921875, 0.07293438911437988, 0.07291507720947266, 0.07275362312793732, 0.0729418694972992, 0.07251893728971481, 0.07223177701234818, 0.07234430313110352, 0.07236763834953308, 0.07203340530395508, 0.07207606732845306, 0.0719982460141182, 0.07173652201890945, 0.07194823026657104, 0.07183125615119934, 0.07167155295610428, 0.07144027948379517, 0.07122036069631577, 0.07120262086391449, 0.07117697596549988, 0.07120203971862793, 0.07126159965991974, 0.07093755155801773, 0.07116624712944031, 0.07099518924951553, 0.0705786645412445, 0.07054990530014038, 0.0706864669919014, 0.07043473422527313, 0.07063358277082443, 0.07049193233251572, 0.07042964547872543, 0.07038465142250061, 0.07035442441701889, 0.0699135884642601], "val_loss": [0.06502863019704819, 0.054915525019168854, 0.04878419265151024, 0.046434178948402405, 0.043517205864191055, 0.042441148310899734, 0.041511014103889465, 0.041327837854623795, 0.03985680639743805, 0.04172128066420555, 0.039542265236377716, 0.0395946241915226, 0.04039201885461807, 0.03853963315486908, 0.03797316923737526, 0.03782664239406586, 0.036730341613292694, 0.03735532611608505, 0.03855045139789581, 0.035050272941589355, 0.03749450296163559, 0.036108050495386124, 0.03538694232702255, 0.03608044609427452, 0.03582729399204254, 0.036640264093875885, 0.03565613552927971, 0.03570111095905304, 0.034968454390764236, 0.03546960651874542, 0.03439203277230263, 0.03634653240442276, 0.03659239038825035, 0.03747464716434479, 0.03511105477809906, 0.03541761636734009, 0.034393951296806335, 0.033711615949869156, 0.034447669982910156, 0.03540084883570671, 0.03494317829608917, 0.03476037085056305, 0.03421161323785782, 0.034720681607723236, 0.03410618007183075, 0.03455861657857895, 0.035145558416843414, 0.034428294748067856, 0.0360322929918766, 0.034739430993795395, 0.03512702137231827, 0.03421521931886673, 0.033876415342092514, 0.03387770429253578, 0.03361949697136879, 0.03399276360869408, 0.034872379153966904, 0.03470633924007416, 0.03415993973612785, 0.0349922776222229, 0.03357994556427002, 0.03272194787859917, 0.03385094553232193, 0.03377324715256691, 0.034402843564748764, 0.03396887704730034, 0.03346089646220207, 0.03442896157503128, 0.03353091701865196, 0.033762626349925995, 0.03390318155288696, 0.0354701429605484, 0.034362342208623886, 0.03321990370750427, 0.033230867236852646, 0.03453819453716278, 0.03409934788942337, 0.03478660434484482, 0.033249203115701675, 0.0330340638756752, 0.034250300377607346, 0.033669523894786835], "val_mae": [0.12388747185468674, 0.09974899142980576, 0.08815371245145798, 0.08196831494569778, 0.07975064963102341, 0.07584693282842636, 0.07382310926914215, 0.07133251428604126, 0.0712413340806961, 0.07229486852884293, 0.06887485831975937, 0.06811853498220444, 0.0698624774813652, 0.0666334256529808, 0.06555762141942978, 0.06696343421936035, 0.0637011006474495, 0.06408484280109406, 0.06620367616415024, 0.0622217133641243, 0.0652497336268425, 0.06316077709197998, 0.06199537590146065, 0.06335093826055527, 0.06259313225746155, 0.06534161418676376, 0.0625356137752533, 0.06179935485124588, 0.06236695870757103, 0.061765871942043304, 0.06153120473027229, 0.0617528073489666, 0.06338567286729813, 0.06314970552921295, 0.060854721814394, 0.060827504843473434, 0.05946154147386551, 0.059301525354385376, 0.06067438796162605, 0.06128359213471413, 0.06043747067451477, 0.060694947838783264, 0.06037786975502968, 0.06088440492749214, 0.05999184399843216, 0.06111406162381172, 0.060545168817043304, 0.060322701930999756, 0.061724405735731125, 0.060245029628276825, 0.060255277901887894, 0.0603802390396595, 0.05879606306552887, 0.059229470789432526, 0.05917955935001373, 0.05972564220428467, 0.061422813683748245, 0.05939377844333649, 0.059174150228500366, 0.060369476675987244, 0.05895688012242317, 0.05754053592681885, 0.05932886153459549, 0.05921788513660431, 0.0596124604344368, 0.05920569226145744, 0.05842679738998413, 0.0593847893178463, 0.05894375219941139, 0.058432240039110184, 0.05939802527427673, 0.05985971540212631, 0.05956648290157318, 0.05758187174797058, 0.05904651805758476, 0.05943150818347931, 0.05901229381561279, 0.05979024991393089, 0.05900633707642555, 0.05837742239236832, 0.05911249294877052, 0.0588998943567276]}