{"loss": [0.07808785140514374, 0.06180734932422638, 0.05574505403637886, 0.05231798440217972, 0.05001851171255112, 0.048997215926647186, 0.04825049266219139, 0.04733938351273537, 0.04666534811258316, 0.04599396884441376, 0.04549108445644379, 0.04497293755412102, 0.044663578271865845, 0.0444156639277935, 0.04411530867218971, 0.04382077604532242, 0.04350882023572922, 0.0431254543364048, 0.04314893111586571, 0.04283706098794937, 0.042833466082811356, 0.042660005390644073, 0.042478758841753006, 0.042332231998443604, 0.04231660068035126, 0.04192982614040375, 0.04197466000914574, 0.041761528700590134, 0.041727080941200256, 0.0415862500667572, 0.04153710603713989, 0.041518986225128174, 0.041275762021541595, 0.04112371802330017, 0.0411507710814476, 0.041035834699869156, 0.04108580946922302, 0.04088396579027176, 0.04103545844554901, 0.040908075869083405, 0.041049785912036896, 0.04072841629385948, 0.040849875658750534, 0.04067385941743851, 0.04094889014959335, 0.04052215442061424, 0.040385760366916656, 0.04038986563682556, 0.04044858366250992, 0.0403786338865757, 0.04044421389698982, 0.040297236293554306, 0.040266815572977066, 0.040368787944316864, 0.040486324578523636, 0.04027867689728737, 0.04017834737896919, 0.04004756361246109, 0.04050329700112343, 0.040428560227155685, 0.03999302536249161, 0.04048624262213707, 0.039922766387462616, 0.04018218442797661, 0.03989417850971222, 0.039975427091121674, 0.03984745219349861, 0.04001313075423241, 0.03999067470431328, 0.03982601687312126, 0.0399940088391304, 0.03975075110793114, 0.03980410099029541, 0.0398339182138443, 0.039718277752399445, 0.03996260464191437, 0.039661407470703125, 0.03997950255870819], "mae": [0.15503212809562683, 0.12191295623779297, 0.11062070727348328, 0.10413555055856705, 0.0993315801024437, 0.09703885763883591, 0.09546337276697159, 0.09352992475032806, 0.09213819354772568, 0.09075344353914261, 0.08968271315097809, 0.08852509409189224, 0.0878666415810585, 0.08728627860546112, 0.08656909316778183, 0.08604445308446884, 0.08508796989917755, 0.08448804914951324, 0.08448222279548645, 0.08367960155010223, 0.08374784141778946, 0.08350160717964172, 0.08324800431728363, 0.08283042907714844, 0.08288231492042542, 0.08206486701965332, 0.08210572600364685, 0.08172501623630524, 0.0815780758857727, 0.08141808211803436, 0.08127249032258987, 0.08125725388526917, 0.0807201936841011, 0.08055310696363449, 0.08039747923612595, 0.08018337190151215, 0.08039049059152603, 0.07993550598621368, 0.08008673787117004, 0.07986501604318619, 0.08022870123386383, 0.07963377982378006, 0.07982601225376129, 0.07943116873502731, 0.07992209494113922, 0.07914385944604874, 0.07875990122556686, 0.07882305979728699, 0.07879567891359329, 0.07877273112535477, 0.07885381579399109, 0.07858027517795563, 0.07858657091856003, 0.07852017134428024, 0.07883912324905396, 0.07866562157869339, 0.0782310739159584, 0.07799533754587173, 0.0786849781870842, 0.07867749035358429, 0.0780063271522522, 0.07859233021736145, 0.07766705751419067, 0.07812703400850296, 0.07770349085330963, 0.07781945914030075, 0.07754445821046829, 0.0778096616268158, 0.07762899994850159, 0.07743407785892487, 0.07783360779285431, 0.07739986479282379, 0.07749984413385391, 0.07739458233118057, 0.07737648487091064, 0.07765496522188187, 0.07716768234968185, 0.07756754755973816], "val_loss": [0.06461230665445328, 0.05548546090722084, 0.05305862799286842, 0.04922951012849808, 0.0458168163895607, 0.049366097897291183, 0.04535258561372757, 0.044726718217134476, 0.04299866780638695, 0.04790906235575676, 0.0422050878405571, 0.043835707008838654, 0.04245257005095482, 0.046619005501270294, 0.04081147164106369, 0.039989717304706573, 0.04191328212618828, 0.038562383502721786, 0.041079454123973846, 0.03987935185432434, 0.037785667926073074, 0.042062412947416306, 0.03877140209078789, 0.03829587996006012, 0.039217039942741394, 0.040286239236593246, 0.03918879106640816, 0.03903180733323097, 0.037887848913669586, 0.03858703374862671, 0.039954379200935364, 0.03786540776491165, 0.03901495039463043, 0.038657691329717636, 0.038411568850278854, 0.037254393100738525, 0.0386931337416172, 0.0376942940056324, 0.038234893232584, 0.03817518800497055, 0.038812171667814255, 0.038112152367830276, 0.038817811757326126, 0.0386323519051075, 0.03985091671347618, 0.038005802780389786, 0.038161568343639374, 0.038242533802986145, 0.039209239184856415, 0.038568463176488876, 0.036864180117845535, 0.03823066130280495, 0.038534052670001984, 0.03816567361354828, 0.0382489413022995, 0.038159262388944626, 0.036859121173620224, 0.036721985787153244, 0.037634994834661484, 0.03863033652305603, 0.0369240902364254, 0.03853508085012436, 0.03674107789993286, 0.03779659792780876, 0.0398118682205677, 0.03971922770142555, 0.037904441356658936, 0.039775166660547256, 0.03860095515847206, 0.038023144006729126, 0.037404242902994156, 0.03945109248161316, 0.040785498917102814, 0.03794131800532341, 0.03961454704403877, 0.0381460078060627, 0.03856952115893364, 0.037445906549692154], "val_mae": [0.11925940960645676, 0.09961304068565369, 0.09549449384212494, 0.08865653723478317, 0.08177359402179718, 0.08634670078754425, 0.07944539934396744, 0.07854189723730087, 0.07613159716129303, 0.08109832555055618, 0.07541119307279587, 0.0754825621843338, 0.07567852735519409, 0.07928276807069778, 0.07220885157585144, 0.07136549800634384, 0.0734313353896141, 0.06870242953300476, 0.07147198170423508, 0.07189752906560898, 0.06732520461082458, 0.073270283639431, 0.06847600638866425, 0.0696566179394722, 0.06934041529893875, 0.07152384519577026, 0.06868737190961838, 0.06865140050649643, 0.06801244616508484, 0.06814619153738022, 0.06951509416103363, 0.06790843605995178, 0.06974497437477112, 0.06825296580791473, 0.06792786717414856, 0.06715580821037292, 0.06714315712451935, 0.06638417392969131, 0.06775069236755371, 0.0681694820523262, 0.06836578994989395, 0.0679946094751358, 0.06954167783260345, 0.06832177191972733, 0.06953413039445877, 0.06718934327363968, 0.06707107275724411, 0.06571196019649506, 0.06965159624814987, 0.06784913688898087, 0.0663832277059555, 0.06840231269598007, 0.06612391769886017, 0.06713315844535828, 0.06774238497018814, 0.0656786784529686, 0.0669691190123558, 0.06632264703512192, 0.06548813730478287, 0.06763758510351181, 0.06610888987779617, 0.06572461873292923, 0.06522031128406525, 0.06673604249954224, 0.06909209489822388, 0.06961192190647125, 0.06656191498041153, 0.06931497901678085, 0.0667896717786789, 0.06684652715921402, 0.0671720951795578, 0.0676233321428299, 0.07066874951124191, 0.06758742034435272, 0.06663931161165237, 0.06656917184591293, 0.066755011677742, 0.06648427993059158]}