{"loss": [0.07491924613714218, 0.05752972885966301, 0.05364319682121277, 0.05112249404191971, 0.04918941482901573, 0.04776443913578987, 0.04715145751833916, 0.046398572623729706, 0.045699942857027054, 0.045304715633392334, 0.045075420290231705, 0.04450436681509018, 0.04428499937057495, 0.04397067055106163, 0.043852001428604126, 0.04360160604119301, 0.043326620012521744, 0.04300183430314064, 0.042991239577531815, 0.04264227673411369, 0.04275716468691826, 0.042399972677230835, 0.04234596714377403, 0.04211459681391716, 0.04219139367341995, 0.0420437715947628, 0.04199353978037834, 0.04183619096875191, 0.04176314175128937, 0.041793473064899445, 0.04144201800227165, 0.041545409709215164, 0.04145347326993942, 0.041549939662218094, 0.04162540286779404, 0.041274238377809525, 0.04151337593793869, 0.041574735194444656, 0.04123051464557648, 0.04124607890844345, 0.04115718975663185, 0.040941376239061356, 0.04100263491272926, 0.041087180376052856, 0.04074198380112648, 0.0407864935696125, 0.04071366414427757, 0.04106051102280617, 0.04090922325849533, 0.04063387215137482, 0.04065515846014023, 0.040553122758865356, 0.04055822268128395, 0.04058576375246048, 0.04074924811720848, 0.040997959673404694, 0.04035543277859688, 0.04035111889243126, 0.040489960461854935, 0.04044511541724205, 0.040410954505205154, 0.04321255162358284, 0.04052530601620674, 0.040311478078365326, 0.040413957089185715, 0.04004102572798729, 0.040082771331071854, 0.04009374603629112, 0.040118779987096786, 0.04036467894911766, 0.04015693441033363, 0.04056832566857338, 0.04004993289709091, 0.04024368152022362, 0.04026788845658302, 0.04016593098640442, 0.04014037922024727, 0.04033692181110382, 0.04001431167125702, 0.039873890578746796, 0.040210869163274765, 0.04021693766117096, 0.039916638284921646, 0.03996967896819115, 0.03984115272760391, 0.03998112305998802, 0.03991016000509262, 0.04017913341522217, 0.03998497873544693, 0.04031780734658241, 0.0400746688246727, 0.03990831971168518, 0.03993988782167435, 0.03977999836206436, 0.04015813395380974, 0.04014817997813225, 0.04000938683748245, 0.039878908544778824, 0.03984277695417404, 0.03988637775182724, 0.03982056677341461, 0.04023236036300659, 0.04011663421988487, 0.039734695106744766, 0.04071962833404541, 0.04001539945602417, 0.0398954413831234, 0.039890106767416, 0.03988204896450043, 0.03969818353652954, 0.039872776716947556, 0.03975053131580353, 0.039569079875946045, 0.03963499888777733], "mae": [0.14884288609027863, 0.1140974834561348, 0.10624546557664871, 0.10122175514698029, 0.09701023995876312, 0.09417543560266495, 0.09286905080080032, 0.09122063964605331, 0.09010230749845505, 0.08914781361818314, 0.08850066363811493, 0.08770164847373962, 0.08699808269739151, 0.08633091300725937, 0.08600235730409622, 0.0857660174369812, 0.08505625277757645, 0.08454068750143051, 0.08443833142518997, 0.08376996964216232, 0.08393103629350662, 0.08331160247325897, 0.08306821435689926, 0.08270776271820068, 0.0827968493103981, 0.0825052335858345, 0.08236393332481384, 0.08198724687099457, 0.08212637901306152, 0.08196146041154861, 0.08129426091909409, 0.08135093003511429, 0.08139839768409729, 0.08145228773355484, 0.08169947564601898, 0.0808437392115593, 0.0813184455037117, 0.08145574480295181, 0.08078464865684509, 0.08090570569038391, 0.08060473948717117, 0.08012726157903671, 0.0801299437880516, 0.08048441261053085, 0.07978376001119614, 0.07991588115692139, 0.07967200130224228, 0.0802345722913742, 0.08005065470933914, 0.07953617721796036, 0.07946241647005081, 0.07931594550609589, 0.07930825650691986, 0.07926743477582932, 0.07933614403009415, 0.0800146535038948, 0.0790143683552742, 0.07890617847442627, 0.07896022498607635, 0.0789700448513031, 0.0789378210902214, 0.08373145014047623, 0.07917987555265427, 0.0788332149386406, 0.07877900451421738, 0.0781770572066307, 0.0781807228922844, 0.07820270955562592, 0.07832428067922592, 0.07872943580150604, 0.07843947410583496, 0.07899133861064911, 0.07822243869304657, 0.07833858579397202, 0.07854744046926498, 0.07820337265729904, 0.0781889408826828, 0.07852207869291306, 0.07803729176521301, 0.07769548892974854, 0.0783206894993782, 0.07827498018741608, 0.07777410000562668, 0.0778840109705925, 0.07771492749452591, 0.07793785631656647, 0.07782759517431259, 0.07839720696210861, 0.07799308747053146, 0.0784316137433052, 0.07803711295127869, 0.07778948545455933, 0.07772192358970642, 0.07748916000127792, 0.07816179096698761, 0.07809235155582428, 0.07788676023483276, 0.07776797562837601, 0.07761988043785095, 0.07756669074296951, 0.0775463879108429, 0.07820755988359451, 0.0778961181640625, 0.07747451215982437, 0.07883691787719727, 0.07813568413257599, 0.07766100019216537, 0.07758847624063492, 0.07753394544124603, 0.0774189755320549, 0.07753770798444748, 0.07731442153453827, 0.07720678299665451, 0.07691065967082977], "val_loss": [0.05848471447825432, 0.05555897206068039, 0.05056237801909447, 0.05076947063207626, 0.04668227955698967, 0.04646853357553482, 0.04587007313966751, 0.0454232357442379, 0.04315052926540375, 0.04662138223648071, 0.0462908037006855, 0.048005249351263046, 0.043766964226961136, 0.04600737616419792, 0.04618963226675987, 0.04392317309975624, 0.04468263313174248, 0.04442637041211128, 0.04307550936937332, 0.04137673228979111, 0.04290185868740082, 0.0420323945581913, 0.04148018732666969, 0.04191910848021507, 0.04229652136564255, 0.04318786785006523, 0.044694703072309494, 0.043654099106788635, 0.044133592396974564, 0.041090499609708786, 0.041789039969444275, 0.04330158978700638, 0.042460180819034576, 0.04188581556081772, 0.042142659425735474, 0.041399236768484116, 0.04201314598321915, 0.040571775287389755, 0.04007718339562416, 0.042128294706344604, 0.04131210222840309, 0.04121004045009613, 0.04024374857544899, 0.04183802753686905, 0.04056461900472641, 0.04129273444414139, 0.04420908913016319, 0.040416788309812546, 0.04147576540708542, 0.040200721472501755, 0.044288184493780136, 0.039998628199100494, 0.04083443060517311, 0.040132179856300354, 0.041732996702194214, 0.042030055075883865, 0.040052659809589386, 0.04003572091460228, 0.04000342637300491, 0.04152853414416313, 0.04020882397890091, 0.04019303247332573, 0.04117104783654213, 0.040390998125076294, 0.03929436579346657, 0.044718269258737564, 0.04345034435391426, 0.039805103093385696, 0.04061761870980263, 0.04172344133257866, 0.041634757071733475, 0.042744964361190796, 0.04160311073064804, 0.040087077766656876, 0.041688211262226105, 0.040785614401102066, 0.041190825402736664, 0.03894423693418503, 0.03831276297569275, 0.04160543531179428, 0.04010656848549843, 0.04027983546257019, 0.039782315492630005, 0.04023755341768265, 0.04306330531835556, 0.04205236956477165, 0.04024045914411545, 0.03813133016228676, 0.040861353278160095, 0.04208691045641899, 0.041082024574279785, 0.0422104075551033, 0.04117186367511749, 0.03764483332633972, 0.04073274880647659, 0.04112273454666138, 0.041830874979496, 0.039898715913295746, 0.03999300301074982, 0.040926236659288406, 0.04119480401277542, 0.04232097417116165, 0.04024510830640793, 0.03898533806204796, 0.04012126848101616, 0.04114341735839844, 0.041883692145347595, 0.041155602782964706, 0.04051445052027702, 0.04110792279243469, 0.03992008790373802, 0.038360338658094406, 0.04013673961162567, 0.04068251699209213],