{"loss": [0.12344253063201904, 0.09886261075735092, 0.08120709657669067, 0.07677385956048965, 0.07375384122133255, 0.07220262289047241, 0.07090094685554504, 0.06985145062208176, 0.06922804564237595, 0.06655488908290863, 0.0655582994222641, 0.0636446624994278, 0.06255821883678436, 0.061052922159433365, 0.05965632200241089, 0.05937173217535019, 0.05624503269791603, 0.05501117184758186, 0.05404018610715866, 0.05292239040136337, 0.052564430981874466, 0.0517389290034771, 0.05050913989543915, 0.04964447766542435, 0.04878775775432587, 0.04828421026468277, 0.04743858799338341, 0.04693068936467171, 0.046433281153440475, 0.04593932256102562, 0.045377034693956375, 0.06422162055969238, 0.07023212313652039, 0.06234847381711006, 0.05181281641125679, 0.048716988414525986, 0.04630121961236, 0.04532168433070183, 0.04437878727912903, 0.04392620548605919, 0.04347072169184685, 0.04284635931253433, 0.04232015088200569, 0.04174268990755081, 0.041594065725803375, 0.04096807539463043, 0.0406719408929348, 0.03962745890021324, 0.03929426893591881, 0.038985997438430786, 0.03848930820822716, 0.03860713168978691, 0.03801089525222778, 0.037729550153017044, 0.06593246012926102, 0.07962138950824738, 0.08289772272109985, 0.08976074308156967, 0.08037421852350235, 0.07649919390678406, 0.07070518285036087, 0.06120455265045166, 0.05631468817591667, 0.054105114191770554, 0.054485756903886795, 0.05138126015663147, 0.04978647828102112, 0.04818493127822876, 0.049503035843372345, 0.046548955142498016, 0.04515868052840233, 0.10331328958272934, 0.0833631083369255, 0.06724536418914795, 0.061065562069416046, 0.05807867646217346, 0.056119654327631, 0.054192911833524704, 0.05278071388602257, 0.05178171023726463, 0.050539128482341766, 0.04942476004362106, 0.04879004880785942, 0.04794564098119736, 0.10226308554410934, 0.08240262418985367, 0.0724698007106781, 0.06550667434930801, 0.06141797825694084, 0.057417187839746475, 0.05463059991598129, 0.05608455091714859, 0.05926065519452095, 0.053159087896347046, 0.051644399762153625, 0.0499044768512249, 0.04886767268180847, 0.04798843711614609, 0.047720879316329956, 0.046491049230098724, 0.046305231750011444, 0.04743409529328346, 0.04504995420575142], "mae": [0.249405175447464, 0.19514289498329163, 0.158342644572258, 0.15277864038944244, 0.1449478566646576, 0.14089344441890717, 0.1382078230381012, 0.1361856460571289, 0.13515810668468475, 0.12946608662605286, 0.1268782764673233, 0.12305888533592224, 0.12100999057292938, 0.1185922920703888, 0.11608713120222092, 0.11530500650405884, 0.10998416692018509, 0.10672874003648758, 0.1045609638094902, 0.10228565335273743, 0.10076060146093369, 0.09833304584026337, 0.09663161635398865, 0.09481172263622284, 0.09292258322238922, 0.0914190486073494, 0.08989154547452927, 0.08860105276107788, 0.08769220113754272, 0.08662984520196915, 0.08539333194494247, 0.10257921367883682, 0.11216431856155396, 0.1065702736377716, 0.09548971056938171, 0.09299436956644058, 0.08881525695323944, 0.08641213923692703, 0.08450700342655182, 0.08329912275075912, 0.08242794871330261, 0.08100788295269012, 0.07988493144512177, 0.07875233143568039, 0.07837674766778946, 0.07752687484025955, 0.07782894372940063, 0.07671228796243668, 0.07595675438642502, 0.0753447487950325, 0.07437949627637863, 0.07426156103610992, 0.07326432317495346, 0.07264122366905212, 0.10300900042057037, 0.13701319694519043, 0.1388588398694992, 0.15582312643527985, 0.13642151653766632, 0.13064374029636383, 0.13050934672355652, 0.1258254498243332, 0.11488169431686401, 0.10975886136293411, 0.10757488757371902, 0.10328470170497894, 0.10031530261039734, 0.09694365411996841, 0.09825436770915985, 0.09346183389425278, 0.09048739075660706, 0.1843969225883484, 0.1614817976951599, 0.13679155707359314, 0.12222210317850113, 0.11409991979598999, 0.10924375802278519, 0.10499770939350128, 0.10174185037612915, 0.09912765026092529, 0.09700188785791397, 0.09512339532375336, 0.09374063462018967, 0.0919763594865799, 0.16257637739181519, 0.15410591661930084, 0.13692337274551392, 0.12443827837705612, 0.11596377193927765, 0.11108575016260147, 0.10623816400766373, 0.104593925178051, 0.11239539831876755, 0.10194282978773117, 0.09883525967597961, 0.09519580751657486, 0.0929495170712471, 0.0911131352186203, 0.0897952988743782, 0.08769937604665756, 0.08698951452970505, 0.08791027963161469, 0.08452414721250534], "val_loss": [0.10869892686605453, 0.08478282392024994, 0.08010601997375488, 0.07405467331409454, 0.0729680135846138, 0.07190676778554916, 0.06951828300952911, 0.06862112879753113, 0.06749694794416428, 0.06659971922636032, 0.06400985270738602, 0.06355073302984238, 0.06315626204013824, 0.060029443353414536, 0.059196509420871735, 0.05592063441872597, 0.0559016615152359, 0.05341126024723053, 0.053511109203100204, 0.05204688385128975, 0.05266832187771797, 0.05092927813529968, 0.04963386058807373, 0.049086302518844604, 0.049284495413303375, 0.04687299206852913, 0.04579511657357216, 0.04732073098421097, 0.04571090266108513, 0.04675201699137688, 0.04475948214530945, 0.07987105846405029, 0.06590691953897476, 0.0529787540435791, 0.05029431730508804, 0.046789977699518204, 0.045337945222854614, 0.044255129992961884, 0.04451854154467583, 0.043046288192272186, 0.04242163524031639, 0.04301169887185097, 0.04144949093461037, 0.04224546626210213, 0.04236926510930061, 0.04084133356809616, 0.04076025262475014, 0.04259068891406059, 0.03946240246295929, 0.038200411945581436, 0.03862069547176361, 0.03900625556707382, 0.037115368992090225, 0.03803064301609993, 0.10190051048994064, 0.07135197520256042, 0.1024046540260315, 0.08230790495872498, 0.07826918363571167, 0.07329052686691284, 0.0699639618396759, 0.0582815483212471, 0.054496441036462784, 0.052203401923179626, 0.0530947744846344, 0.05021117255091667, 0.047812510281801224, 0.04769529402256012, 0.04574449732899666, 0.045954469591379166, 0.05010388791561127, 0.10324228554964066, 0.07346480339765549, 0.06271992623806, 0.06016560643911362, 0.0555407777428627, 0.05528375506401062, 0.05302523449063301, 0.05090547725558281, 0.05088730528950691, 0.04971516132354736, 0.05123285949230194, 0.048419222235679626, 0.0475413054227829, 0.0907042846083641, 0.07675523310899734, 0.06879140436649323, 0.06368154287338257, 0.0629483088850975, 0.05466464161872864, 0.05352618172764778, 0.07494382560253143, 0.054318975657224655, 0.052711620926856995, 0.04981611296534538, 0.04999510198831558, 0.04819297045469284, 0.04731818288564682, 0.04630429297685623, 0.04589823633432388, 0.04665495455265045, 0.0450846329331398, 0.0450749434530735],