{"loss": [0.0770229697227478, 0.057982392609119415, 0.052864085882902145, 0.04968831688165665, 0.04746096953749657, 0.04611807316541672, 0.04533633962273598, 0.044595468789339066, 0.0438980832695961, 0.043280716985464096, 0.04287942871451378, 0.04247014969587326, 0.04210773482918739, 0.04156558960676193, 0.04129369929432869, 0.04091249033808708, 0.04067961871623993, 0.04054752364754677, 0.04021798074245453, 0.03997810557484627, 0.03987978771328926, 0.03950287401676178, 0.03915999457240105, 0.03913584351539612, 0.03885255753993988, 0.038594115525484085, 0.03844449669122696, 0.03850088641047478, 0.03810529038310051, 0.03813428804278374, 0.03779184818267822, 0.037953417748212814, 0.037826117128133774, 0.03779524192214012, 0.03763169050216675, 0.03754253685474396, 0.03752429410815239, 0.03738829493522644, 0.03727077320218086, 0.03728359937667847, 0.037225380539894104, 0.036997124552726746, 0.03706665337085724, 0.03681088238954544, 0.03693798556923866, 0.03707900643348694, 0.036704689264297485, 0.036628153175115585, 0.03673804923892021, 0.0366835780441761, 0.03666400909423828, 0.036610305309295654, 0.036608096212148666, 0.03641483187675476, 0.03649017587304115, 0.03639417141675949, 0.036350276321172714, 0.036402493715286255, 0.03634730726480484, 0.03636157885193825, 0.03609737008810043, 0.036239273846149445, 0.03615706413984299, 0.036174289882183075, 0.03609481081366539, 0.03592664375901222, 0.03595728054642677, 0.036034341901540756, 0.03596450388431549, 0.036047253757715225, 0.03587837889790535, 0.03599805012345314, 0.03597937896847725, 0.03595186769962311, 0.035850245505571365], "mae": [0.15451043844223022, 0.11561497300863266, 0.10579868406057358, 0.09898143261671066, 0.0941849797964096, 0.09129343926906586, 0.08946119993925095, 0.08776164799928665, 0.08621472865343094, 0.08502408862113953, 0.08397962152957916, 0.08331869542598724, 0.08251149207353592, 0.08142729103565216, 0.08091086149215698, 0.07998935133218765, 0.07966271042823792, 0.07923539727926254, 0.07871945202350616, 0.07828220725059509, 0.07804474979639053, 0.07724324613809586, 0.07653379440307617, 0.07640066742897034, 0.07588424533605576, 0.07522590458393097, 0.07510291039943695, 0.07509322464466095, 0.07430700957775116, 0.07444455474615097, 0.07378388196229935, 0.07385357469320297, 0.07381478697061539, 0.07372468709945679, 0.07338306307792664, 0.07327843457460403, 0.07317936420440674, 0.07290202379226685, 0.07256331294775009, 0.0727955549955368, 0.07253099232912064, 0.07201609760522842, 0.0721047893166542, 0.07182690501213074, 0.07185545563697815, 0.07200594991445541, 0.07155963033437729, 0.07141999155282974, 0.07151386141777039, 0.07152844220399857, 0.07128842175006866, 0.07117751985788345, 0.0712786540389061, 0.07085149735212326, 0.07088495790958405, 0.07085807621479034, 0.07063943892717361, 0.0706486627459526, 0.07061860710382462, 0.07042806595563889, 0.07027510553598404, 0.07030006498098373, 0.07025275379419327, 0.07010005414485931, 0.07016494125127792, 0.06974771618843079, 0.06972111761569977, 0.0699189230799675, 0.06970706582069397, 0.0698985606431961, 0.06962323188781738, 0.06974171102046967, 0.06972356885671616, 0.06981925666332245, 0.06964992731809616], "val_loss": [0.06068907305598259, 0.05325261503458023, 0.04868730902671814, 0.04549042508006096, 0.04469049349427223, 0.042873457074165344, 0.04245070740580559, 0.042409785091876984, 0.04172680526971817, 0.041793033480644226, 0.04115838184952736, 0.03989561274647713, 0.040770430117845535, 0.03918432071805, 0.03889546915888786, 0.038530103862285614, 0.038570336997509, 0.03938945010304451, 0.03924941271543503, 0.039412401616573334, 0.038365546613931656, 0.038969703018665314, 0.039275623857975006, 0.03711380437016487, 0.03755629062652588, 0.037086062133312225, 0.037291914224624634, 0.037611402571201324, 0.03880945220589638, 0.03668801859021187, 0.037293799221515656, 0.03721040487289429, 0.03863156586885452, 0.03804317116737366, 0.03672552853822708, 0.03705358877778053, 0.03751891851425171, 0.03721800446510315, 0.03594738990068436, 0.03667319938540459, 0.03700140491127968, 0.03569202870130539, 0.03698056563735008, 0.03675808757543564, 0.03658287227153778, 0.03825043514370918, 0.03653149679303169, 0.036445338279008865, 0.03676343709230423, 0.03656700253486633, 0.03622851520776749, 0.03606078028678894, 0.03564029559493065, 0.03634528070688248, 0.034863296896219254, 0.035512614995241165, 0.03803000971674919, 0.03687817603349686, 0.036887284368276596, 0.03656933084130287, 0.036547236144542694, 0.03598535433411598, 0.03591988608241081, 0.03554254025220871, 0.03657851740717888, 0.0369001105427742, 0.036642927676439285, 0.03738188371062279, 0.036217354238033295, 0.0355912409722805, 0.03614214062690735, 0.03608159348368645, 0.035535719245672226, 0.03705677017569542, 0.03712480142712593], "val_mae": [0.11040859669446945, 0.09654340893030167, 0.08906882256269455, 0.08239506930112839, 0.07938176393508911, 0.07607880979776382, 0.07540808618068695, 0.07378429919481277, 0.07213041186332703, 0.07097379863262177, 0.07019226253032684, 0.06748992949724197, 0.06950335204601288, 0.06703943014144897, 0.06643373519182205, 0.06629487872123718, 0.06520059704780579, 0.06712936609983444, 0.0671447142958641, 0.06665859371423721, 0.0649455115199089, 0.06536645442247391, 0.06539520621299744, 0.06333614885807037, 0.06300235539674759, 0.06275960803031921, 0.06323851644992828, 0.06319446116685867, 0.0646679475903511, 0.062263574451208115, 0.06292621791362762, 0.0627809464931488, 0.06306800991296768, 0.06367158144712448, 0.061399906873703, 0.0629192665219307, 0.06160035356879234, 0.06291671097278595, 0.06155303493142128, 0.06141383573412895, 0.062256719917058945, 0.06033075973391533, 0.061688076704740524, 0.06110415235161781, 0.06088923290371895, 0.06336509436368942, 0.06109907478094101, 0.061198458075523376, 0.062489572912454605, 0.06082199886441231, 0.060547757893800735, 0.06033577397465706, 0.05996300280094147, 0.06025242060422897, 0.05950680375099182, 0.05996720492839813, 0.060722652822732925, 0.061491988599300385, 0.06090458482503891, 0.060754820704460144, 0.06044910103082657, 0.059993844479322433, 0.059119101613759995, 0.06035478413105011, 0.06032797321677208, 0.060687676072120667, 0.059931688010692596, 0.06145600974559784, 0.060001540929079056, 0.05917666479945183, 0.05943354591727257, 0.06039024889469147, 0.06107868254184723, 0.06089875102043152, 0.06117245927453041]}