{"loss": [0.07749821245670319, 0.05967018008232117, 0.053265973925590515, 0.0500958114862442, 0.04813278838992119, 0.046816758811473846, 0.04573966935276985, 0.04492386057972908, 0.044344667345285416, 0.04387131705880165, 0.043316375464200974, 0.04300466924905777, 0.0428050197660923, 0.04243960604071617, 0.042095862329006195, 0.0418550968170166, 0.041618891060352325, 0.04166156426072121, 0.04124680161476135, 0.04130124673247337, 0.04123018682003021, 0.040789030492305756, 0.04067041724920273, 0.04049907997250557, 0.040442515164613724, 0.04029909148812294, 0.04021502658724785, 0.040097709745168686, 0.0400681234896183, 0.03983474522829056, 0.03971042484045029, 0.03979184851050377, 0.039495062083005905, 0.039430778473615646, 0.03936619311571121, 0.03924236074090004, 0.03904183954000473, 0.039024535566568375, 0.03890213370323181, 0.03897104784846306, 0.03880825266242027, 0.03890072554349899, 0.03859562799334526, 0.03866061195731163, 0.03859644755721092, 0.038508303463459015, 0.038478314876556396, 0.03828549385070801, 0.03824012354016304, 0.038214944303035736, 0.038268860429525375, 0.03820998594164848, 0.03818628191947937, 0.03799058124423027, 0.03803364932537079, 0.03816499188542366, 0.03802494332194328, 0.037840381264686584, 0.037743717432022095, 0.037792742252349854, 0.03775061294436455, 0.03775821998715401, 0.037725016474723816, 0.037551313638687134, 0.03765793889760971, 0.037603165954351425, 0.037502825260162354, 0.037562087178230286, 0.037436388432979584, 0.03743478283286095, 0.03724069520831108, 0.0374918207526207, 0.03750942274928093, 0.037415120750665665, 0.03725214675068855, 0.0373079888522625, 0.037177179008722305, 0.03723766654729843, 0.03704048693180084, 0.037286486476659775, 0.036988820880651474, 0.03712041303515434, 0.03693079948425293, 0.03706943243741989, 0.0370093397796154, 0.03698756918311119, 0.03687296435236931], "mae": [0.15476617217063904, 0.118788942694664, 0.10594931244850159, 0.09980953484773636, 0.09535231441259384, 0.09253721684217453, 0.0900065079331398, 0.08841441571712494, 0.087020143866539, 0.08603674173355103, 0.08490416407585144, 0.08427419513463974, 0.08378726243972778, 0.08317235857248306, 0.08251263201236725, 0.0819544866681099, 0.08145120739936829, 0.08143778145313263, 0.08083167672157288, 0.08071024715900421, 0.08062811940908432, 0.07972598820924759, 0.07952400296926498, 0.07905162870883942, 0.07901544123888016, 0.07859732210636139, 0.078363798558712, 0.07845385372638702, 0.0781593918800354, 0.07771623134613037, 0.07736058533191681, 0.07737129926681519, 0.07691799849271774, 0.07687532156705856, 0.0767025426030159, 0.07639334350824356, 0.07616352289915085, 0.07594099640846252, 0.07572905719280243, 0.07578865438699722, 0.07554013282060623, 0.07571526616811752, 0.07517220824956894, 0.07516412436962128, 0.07508549094200134, 0.07491360604763031, 0.07494707405567169, 0.07453159987926483, 0.07434400916099548, 0.07428951561450958, 0.07444088160991669, 0.0742616280913353, 0.07416235655546188, 0.07384196668863297, 0.07383425533771515, 0.07407797127962112, 0.07389625906944275, 0.07343775779008865, 0.07324088364839554, 0.07333467900753021, 0.0732714831829071, 0.07318886369466782, 0.07309602946043015, 0.07284829020500183, 0.07288525998592377, 0.07279995828866959, 0.07276605814695358, 0.07282981276512146, 0.07251616567373276, 0.07248565554618835, 0.07218451052904129, 0.07261233031749725, 0.07264740020036697, 0.07246454805135727, 0.07207236438989639, 0.07227026671171188, 0.07184582203626633, 0.07213286310434341, 0.071697898209095, 0.07207506895065308, 0.07149095833301544, 0.07170021533966064, 0.07141496241092682, 0.07153970748186111, 0.07160377502441406, 0.07145091146230698, 0.07137354463338852], "val_loss": [0.07247734814882278, 0.057384222745895386, 0.05070103332400322, 0.048133883625268936, 0.04573434963822365, 0.04547680541872978, 0.04410456120967865, 0.04255704954266548, 0.04237129166722298, 0.04400820657610893, 0.04273696616292, 0.041748203337192535, 0.040978312492370605, 0.040608637034893036, 0.04028135910630226, 0.042158544063568115, 0.04005998373031616, 0.04128759354352951, 0.040848951786756516, 0.04175066575407982, 0.04088616743683815, 0.040429841727018356, 0.0410030223429203, 0.04099835827946663, 0.04060111567378044, 0.040613241493701935, 0.04034072533249855, 0.03935617953538895, 0.04054849594831467, 0.040230169892311096, 0.039490777999162674, 0.038917407393455505, 0.040400583297014236, 0.04055451229214668, 0.04002115875482559, 0.040560703724622726, 0.0399303063750267, 0.04026762396097183, 0.039851121604442596, 0.03953389450907707, 0.04097573831677437, 0.04007129371166229, 0.040061116218566895, 0.04189375415444374, 0.04033539444208145, 0.03936934843659401, 0.03874318674206734, 0.03948242589831352, 0.03991486132144928, 0.039496488869190216, 0.03878771886229515, 0.04119176045060158, 0.039994072169065475, 0.04038449004292488, 0.0406489260494709, 0.0387793630361557, 0.03913257643580437, 0.039977043867111206, 0.038683198392391205, 0.03921162709593773, 0.039559505879879, 0.03934314474463463, 0.03882847726345062, 0.03942558914422989, 0.04036412015557289, 0.0385836586356163, 0.038282763212919235, 0.04016401618719101, 0.03943789005279541, 0.03874608874320984, 0.040128350257873535, 0.038760438561439514, 0.039349235594272614, 0.03957107663154602, 0.03928756341338158, 0.040180157870054245, 0.038478460162878036, 0.039165303111076355, 0.04220438748598099, 0.04017797112464905, 0.03942439705133438, 0.041002534329891205, 0.03856166824698448, 0.03953158110380173, 0.03984897583723068, 0.039851631969213486, 0.04001506045460701], "val_mae": [0.11952123045921326, 0.0995684340596199, 0.09046415984630585, 0.0833815410733223, 0.07963921129703522, 0.07933611422777176, 0.07596383988857269, 0.07374507188796997, 0.07282279431819916, 0.07530725002288818, 0.0732516422867775, 0.07241137325763702, 0.07056727260351181, 0.07049572467803955, 0.0690225139260292, 0.07129546999931335, 0.06807025521993637, 0.07015641033649445, 0.0688103511929512, 0.07003186643123627, 0.06966323405504227, 0.0684417188167572, 0.06914164125919342, 0.06934180855751038, 0.06838957965373993, 0.06885094195604324, 0.06829099357128143, 0.06710942089557648, 0.06849813461303711, 0.06720183789730072, 0.06744284182786942, 0.0662727802991867, 0.0675031915307045, 0.0675620511174202, 0.06741021573543549, 0.06785302609205246, 0.06718769669532776, 0.06738750636577606, 0.06612218916416168, 0.06712529063224792, 0.06810823082923889, 0.06798440963029861, 0.0660337433218956, 0.06929872184991837, 0.06684059649705887, 0.06568614393472672, 0.06577027589082718, 0.06603290885686874, 0.06727662682533264, 0.06596416234970093, 0.06560143083333969, 0.0668284147977829, 0.0668330118060112, 0.06651250272989273, 0.06675216555595398, 0.06443143635988235, 0.06545916199684143, 0.06657671928405762, 0.0648685023188591, 0.06601909548044205, 0.06684954464435577, 0.06533560156822205, 0.06514094769954681, 0.06631197780370712, 0.06663989275693893, 0.0654054507613182, 0.06380482763051987, 0.06640955060720444, 0.06478018313646317, 0.06483017653226852, 0.06517477333545685, 0.06458805501461029, 0.065012626349926, 0.06481552869081497, 0.06519697606563568, 0.06622723489999771, 0.06461416184902191, 0.06497016549110413, 0.06792246550321579, 0.06564133614301682, 0.06489050388336182, 0.06684508174657822, 0.06430577486753464, 0.06460100412368774, 0.06554172933101654, 0.06441061198711395, 0.06571830064058304]}