{"loss": [0.07604735344648361, 0.057095885276794434, 0.05144166573882103, 0.04922318086028099, 0.047902945429086685, 0.04685606807470322, 0.046064622700214386, 0.04543367400765419, 0.04472143203020096, 0.044035013765096664, 0.043473824858665466, 0.043027620762586594, 0.04265015572309494, 0.04249728471040726, 0.042040131986141205, 0.04192253202199936, 0.04135548695921898, 0.04138956218957901, 0.04113161936402321, 0.040945205837488174, 0.040864914655685425, 0.040781933814287186, 0.04049397259950638, 0.0402870811522007, 0.040222279727458954, 0.040171295404434204, 0.040019940584897995, 0.03995818644762039, 0.03979271650314331, 0.03971945494413376, 0.039578769356012344, 0.039609286934137344, 0.03936561942100525, 0.03922586515545845, 0.03925330564379692, 0.03928393870592117, 0.03924919292330742, 0.0391567200422287, 0.03910422325134277, 0.038769617676734924, 0.0392005518078804, 0.038697607815265656, 0.03874412551522255, 0.03875672444701195, 0.03881816565990448, 0.038420118391513824, 0.03860294446349144, 0.038512226194143295, 0.03832639753818512, 0.038573216646909714, 0.03839802369475365, 0.038209687918424606, 0.03819850832223892, 0.03817262873053551, 0.03815829008817673, 0.03831038996577263, 0.038059063255786896, 0.03803606331348419, 0.03833426907658577, 0.03797343745827675, 0.03789553418755531, 0.037957292050123215, 0.03785889223217964, 0.037898700684309006, 0.0376380980014801, 0.03760108724236488, 0.0375819206237793, 0.03795672953128815, 0.037651751190423965, 0.03750431910157204, 0.03757838159799576], "mae": [0.151375412940979, 0.11346261203289032, 0.10209653526544571, 0.09733767807483673, 0.09458554536104202, 0.0923403650522232, 0.09079605340957642, 0.08936847001314163, 0.08790141344070435, 0.08639299869537354, 0.08528908342123032, 0.08445338159799576, 0.08361326903104782, 0.08313464373350143, 0.08234041929244995, 0.08194708079099655, 0.08089963346719742, 0.08087606728076935, 0.08050159364938736, 0.08007673919200897, 0.07977644354104996, 0.07932969927787781, 0.07899986207485199, 0.07862741500139236, 0.0784444734454155, 0.07819244265556335, 0.07810946553945541, 0.07784467190504074, 0.07746751606464386, 0.07735041528940201, 0.07686816155910492, 0.07719926536083221, 0.07659927755594254, 0.07645513862371445, 0.07640163600444794, 0.07641570270061493, 0.07632534205913544, 0.0761430487036705, 0.07600077241659164, 0.07556837052106857, 0.07603777945041656, 0.07547850906848907, 0.07532826066017151, 0.07516255229711533, 0.0754602774977684, 0.07471498847007751, 0.07496855407953262, 0.07482657581567764, 0.07455470412969589, 0.07484924793243408, 0.0746290534734726, 0.07411827147006989, 0.07437294721603394, 0.07407769560813904, 0.07404856383800507, 0.07435832917690277, 0.07387524098157883, 0.0737546905875206, 0.07433026283979416, 0.07356351613998413, 0.07353421300649643, 0.07354112714529037, 0.07338117808103561, 0.07353894412517548, 0.07309553027153015, 0.07285162061452866, 0.07272514700889587, 0.07340949028730392, 0.07292377948760986, 0.07266000658273697, 0.0727604404091835], "val_loss": [0.06036321073770523, 0.05217474326491356, 0.05039086565375328, 0.045774634927511215, 0.04480142891407013, 0.04424774646759033, 0.04328365996479988, 0.044395651668310165, 0.04077665135264397, 0.040885187685489655, 0.040444131940603256, 0.039236634969711304, 0.04057621210813522, 0.0391240119934082, 0.04065941274166107, 0.039424020797014236, 0.03920970484614372, 0.03809633478522301, 0.038316760212183, 0.03727776184678078, 0.037453338503837585, 0.03805634379386902, 0.037442587316036224, 0.03912077099084854, 0.03844596445560455, 0.03653654456138611, 0.03791279345750809, 0.03768366575241089, 0.03812335804104805, 0.03756066411733627, 0.036489348858594894, 0.03730458766222, 0.037132538855075836, 0.03784768655896187, 0.03809022158384323, 0.03779836744070053, 0.03810666874051094, 0.03749633580446243, 0.03601672500371933, 0.0381234772503376, 0.03647098317742348, 0.03859475627541542, 0.03696054965257645, 0.037039872258901596, 0.037232331931591034, 0.03588816896080971, 0.03708129748702049, 0.03579286113381386, 0.036114130169153214, 0.03607245534658432, 0.035881415009498596, 0.03582169860601425, 0.03647364303469658, 0.03550935536623001, 0.03655321151018143, 0.036429278552532196, 0.036510538309812546, 0.03613777458667755, 0.037107761949300766, 0.03588031604886055, 0.035371605306863785, 0.03542392700910568, 0.03655034676194191, 0.03589831292629242, 0.03543223813176155, 0.03635424003005028, 0.03836530074477196, 0.03594993054866791, 0.03638152405619621, 0.03571653738617897, 0.035637278109788895], "val_mae": [0.11147831380367279, 0.0936800092458725, 0.0887845978140831, 0.08067074418067932, 0.0781063362956047, 0.07696177810430527, 0.07626572996377945, 0.07556645572185516, 0.07300713658332825, 0.0714997798204422, 0.0708518847823143, 0.06920748203992844, 0.06901865452528, 0.06808987259864807, 0.07107282429933548, 0.06794077903032303, 0.06800232082605362, 0.06619933247566223, 0.06800096482038498, 0.0646805465221405, 0.06655582040548325, 0.06561175733804703, 0.06468170136213303, 0.06704369932413101, 0.06609760224819183, 0.06451341509819031, 0.06506571918725967, 0.06564760953187943, 0.06569483876228333, 0.06579166650772095, 0.06416600942611694, 0.06492762267589569, 0.0643468052148819, 0.06483065336942673, 0.06514818966388702, 0.06531111150979996, 0.06473290920257568, 0.06415664404630661, 0.06296134740114212, 0.06415218114852905, 0.0633276179432869, 0.06549583375453949, 0.0644492581486702, 0.06273292005062103, 0.0631667822599411, 0.06264304369688034, 0.06355014443397522, 0.0621534027159214, 0.06244182586669922, 0.06301999092102051, 0.06235799938440323, 0.06286880373954773, 0.06241095811128616, 0.061812106519937515, 0.06224542111158371, 0.06308624148368835, 0.06232243776321411, 0.061824943870306015, 0.06334467232227325, 0.06192000210285187, 0.06139422580599785, 0.06086672469973564, 0.06320361793041229, 0.06131717935204506, 0.06199277937412262, 0.06278058141469955, 0.06417135149240494, 0.06126192957162857, 0.0631646066904068, 0.06082916259765625, 0.060963910073041916]}