{"loss": [0.07384217530488968, 0.058534763753414154, 0.05533056706190109, 0.052111633121967316, 0.04953646659851074, 0.048107877373695374, 0.04709935560822487, 0.04618919640779495, 0.045715946704149246, 0.04476441070437431, 0.04432443529367447, 0.043921053409576416, 0.04366051405668259, 0.043470319360494614, 0.04300101473927498, 0.04273763671517372, 0.042337965220212936, 0.042131420224905014, 0.04187056049704552, 0.04177834838628769, 0.04161321371793747, 0.041425950825214386, 0.04111115261912346, 0.040951550006866455, 0.04086872935295105, 0.04082475230097771, 0.04046747460961342, 0.04061540216207504, 0.040274497121572495, 0.04027308523654938, 0.04013447090983391, 0.04029713571071625, 0.04008530452847481, 0.039856281131505966, 0.04000828415155411, 0.03974892199039459, 0.03957124054431915, 0.03963001072406769, 0.039410222321748734, 0.03949212655425072, 0.0393795408308506, 0.039368122816085815, 0.039412982761859894, 0.03935323655605316, 0.03935559466481209, 0.03908490017056465, 0.03936779499053955, 0.03897348791360855, 0.039037205278873444], "mae": [0.14699910581111908, 0.11589968949556351, 0.1095971092581749, 0.10343289375305176, 0.09790899604558945, 0.09482230246067047, 0.09276153147220612, 0.09082408994436264, 0.08982326835393906, 0.08794053643941879, 0.08689770102500916, 0.0861324891448021, 0.08540615439414978, 0.08508454263210297, 0.0843900591135025, 0.08363353461027145, 0.08308692276477814, 0.08257932960987091, 0.08207956701517105, 0.0818755179643631, 0.08155137300491333, 0.08106432110071182, 0.08065620809793472, 0.08009393513202667, 0.07994271069765091, 0.07985547930002213, 0.07909813523292542, 0.07947476208209991, 0.07888370752334595, 0.07877577096223831, 0.0784863755106926, 0.07868581265211105, 0.07836185395717621, 0.07796569913625717, 0.0782618373632431, 0.07776621729135513, 0.07737323641777039, 0.07748230546712875, 0.07711664587259293, 0.07714755833148956, 0.07682190835475922, 0.07685666531324387, 0.07693801820278168, 0.07659263908863068, 0.07691854238510132, 0.07643764466047287, 0.07680144160985947, 0.07614781707525253, 0.07611849159002304], "val_loss": [0.05958237126469612, 0.05627791956067085, 0.05333784595131874, 0.04847331717610359, 0.04733751341700554, 0.04561113193631172, 0.0444609560072422, 0.04450265318155289, 0.043486542999744415, 0.04177061468362808, 0.04296784847974777, 0.041704367846250534, 0.04223821684718132, 0.04250897839665413, 0.041378140449523926, 0.04062671586871147, 0.04093630984425545, 0.04012088105082512, 0.039690807461738586, 0.03906641900539398, 0.042101480066776276, 0.04032669588923454, 0.03942505270242691, 0.03895286098122597, 0.038625214248895645, 0.03790050745010376, 0.03888918086886406, 0.03897665813565254, 0.03780529648065567, 0.03931935131549835, 0.040348704904317856, 0.037981901317834854, 0.03863508626818657, 0.040666405111551285, 0.038507748395204544, 0.038096629083156586, 0.03869756683707237, 0.037969544529914856, 0.03652137145400047, 0.039047177881002426, 0.038840603083372116, 0.03820834681391716, 0.03875771164894104, 0.03798377886414528, 0.03804611787199974, 0.03748311102390289, 0.0394909605383873, 0.03834809735417366, 0.037339575588703156], "val_mae": [0.10586713254451752, 0.10126704722642899, 0.09464839100837708, 0.08638453483581543, 0.08249024301767349, 0.08069848269224167, 0.07715185731649399, 0.07669521868228912, 0.07413874566555023, 0.07209596037864685, 0.07313831895589828, 0.07379169762134552, 0.07260013371706009, 0.07126554101705551, 0.0706627368927002, 0.06989751756191254, 0.07057200372219086, 0.06861400604248047, 0.06856907159090042, 0.06715167313814163, 0.07148078829050064, 0.06931591033935547, 0.06854494661092758, 0.06613563746213913, 0.06684752553701401, 0.06574598699808121, 0.06711171567440033, 0.06749202311038971, 0.06540501117706299, 0.06819722801446915, 0.06815150380134583, 0.06631366908550262, 0.06704752892255783, 0.07129977643489838, 0.06611362844705582, 0.06664891541004181, 0.06627598404884338, 0.06665261834859848, 0.06440623104572296, 0.06793566048145294, 0.06704248487949371, 0.06680647283792496, 0.06703440099954605, 0.06500820070505142, 0.06580676138401031, 0.06525979936122894, 0.06810624152421951, 0.06596468389034271, 0.06537672132253647]}