{"loss": [0.07539109140634537, 0.05975335091352463, 0.05287633463740349, 0.05024468153715134, 0.0482206828892231, 0.047063685953617096, 0.04643232002854347, 0.045711666345596313, 0.045102234929800034, 0.04468248412013054, 0.044261232018470764, 0.04385260120034218, 0.043711286038160324, 0.0431969128549099, 0.04313390329480171, 0.04269704222679138, 0.042822737246751785, 0.04203539714217186, 0.04214981943368912, 0.04177863523364067, 0.04167256876826286, 0.04138711467385292, 0.041337162256240845, 0.04130810871720314, 0.04106532409787178, 0.04085113853216171, 0.04099225997924805, 0.040854766964912415, 0.040431130677461624, 0.04059851914644241, 0.04041159525513649, 0.0403011329472065, 0.04029767960309982, 0.04019657149910927, 0.04011467844247818, 0.04011738300323486, 0.04005282372236252, 0.03995738551020622, 0.039947886019945145, 0.039824217557907104, 0.03978782147169113, 0.03977711498737335, 0.039795201271772385, 0.03982575237751007, 0.03962348401546478, 0.03949444741010666, 0.039611756801605225, 0.03980133309960365, 0.039543915539979935, 0.03935319930315018], "mae": [0.14989504218101501, 0.11893432587385178, 0.1051885262131691, 0.0996193066239357, 0.09584939479827881, 0.0931786373257637, 0.09175191819667816, 0.09021788090467453, 0.08888818323612213, 0.08793747425079346, 0.08702795952558517, 0.08616773784160614, 0.08574099838733673, 0.08492434769868851, 0.08461892604827881, 0.08371233940124512, 0.08371911197900772, 0.08236215263605118, 0.08243132382631302, 0.08178192377090454, 0.08145546913146973, 0.08111076056957245, 0.08086226880550385, 0.08070126175880432, 0.08032996207475662, 0.07997681200504303, 0.08006157726049423, 0.07996584475040436, 0.07912658900022507, 0.07918908447027206, 0.07893896847963333, 0.07872769981622696, 0.07869955897331238, 0.07837601006031036, 0.07827146351337433, 0.0782550647854805, 0.0781128853559494, 0.07805691659450531, 0.07782015949487686, 0.07767053693532944, 0.07756280153989792, 0.07752817124128342, 0.0774269700050354, 0.0775885134935379, 0.07709350436925888, 0.07703574746847153, 0.07711677998304367, 0.07730128616094589, 0.07702784240245819, 0.07648268342018127], "val_loss": [0.06964294612407684, 0.0541914664208889, 0.04865378141403198, 0.045632798224687576, 0.04442854970693588, 0.04304101690649986, 0.04192975535988808, 0.04223022982478142, 0.04186087101697922, 0.041982248425483704, 0.041507795453071594, 0.040550678968429565, 0.04019378125667572, 0.04128032177686691, 0.038461606949567795, 0.04038909822702408, 0.039758410304784775, 0.03812330216169357, 0.038849059492349625, 0.03828103467822075, 0.038031961768865585, 0.03773892670869827, 0.037084706127643585, 0.03735236078500748, 0.03682193532586098, 0.036756958812475204, 0.037811145186424255, 0.037183430045843124, 0.03692202270030975, 0.03747675567865372, 0.036637481302022934, 0.03646343946456909, 0.03697036951780319, 0.03689499571919441, 0.0362771637737751, 0.036569707095623016, 0.03605933487415314, 0.03574584051966667, 0.036004453897476196, 0.03509058058261871, 0.03635190799832344, 0.0357821024954319, 0.03536699712276459, 0.038755714893341064, 0.03608264401555061, 0.03612382337450981, 0.035953257232904434, 0.035548243671655655, 0.03720162808895111, 0.037115536630153656], "val_mae": [0.11966529488563538, 0.09892262518405914, 0.08886123448610306, 0.08322194218635559, 0.08012714982032776, 0.07798533141613007, 0.07674913108348846, 0.07522798329591751, 0.07580390572547913, 0.07437281310558319, 0.07305342704057693, 0.07156136631965637, 0.07303543388843536, 0.07157053798437119, 0.06909891217947006, 0.06972552835941315, 0.06920722872018814, 0.06740948557853699, 0.06767751276493073, 0.0683286190032959, 0.06817331910133362, 0.06806240230798721, 0.06686089932918549, 0.06675566732883453, 0.06655023247003555, 0.06637051701545715, 0.06729701161384583, 0.06667271256446838, 0.06550499051809311, 0.06613758951425552, 0.0659973993897438, 0.06431321799755096, 0.06626099348068237, 0.06561297923326492, 0.06509023904800415, 0.06533215939998627, 0.06562910228967667, 0.06427104026079178, 0.06433562934398651, 0.06395439803600311, 0.06511878222227097, 0.0636158138513565, 0.06498484313488007, 0.06688077002763748, 0.06386704742908478, 0.06523305177688599, 0.06413985043764114, 0.06467752158641815, 0.0666799396276474, 0.06554275006055832]}