{"loss": [0.0788053423166275, 0.060566384345293045, 0.05614352971315384, 0.05376473069190979, 0.05163508653640747, 0.05010685697197914, 0.04904266819357872, 0.048406802117824554, 0.04784032702445984, 0.0472225584089756, 0.04697060585021973, 0.046631280332803726, 0.04640980809926987], "mae": [0.15653379261493683, 0.11948006600141525, 0.1109510064125061, 0.10636643320322037, 0.1018461287021637, 0.09872198104858398, 0.09670374542474747, 0.09539716690778732, 0.09412594884634018, 0.09298627078533173, 0.09244849532842636, 0.09186676889657974, 0.09131325781345367], "val_loss": [0.06981230527162552, 0.06324587017297745, 0.058009348809719086, 0.0649615153670311, 0.06730416417121887, 0.06966403871774673, 0.07085209339857101, 0.06786782294511795, 0.07082328200340271, 0.06895820796489716, 0.06788532435894012, 0.06855219602584839, 0.06849488615989685], "val_mae": [0.12196221202611923, 0.10601836442947388, 0.10150806605815887, 0.10784506797790527, 0.11116242408752441, 0.10979834198951721, 0.11243730038404465, 0.10634957998991013, 0.10938601195812225, 0.10840412974357605, 0.10375925153493881, 0.10523656010627747, 0.10324835032224655]}