{"loss": [0.07425165176391602, 0.05243272706866264, 0.04898030683398247, 0.047357331961393356, 0.04591112956404686, 0.045019060373306274, 0.04428468272089958, 0.04379533976316452, 0.04367222636938095, 0.0427737794816494, 0.042484868317842484, 0.042231518775224686, 0.041908733546733856, 0.04168930649757385, 0.041510891169309616, 0.041087497025728226, 0.04104658588767052, 0.04072272405028343, 0.04042426124215126, 0.04041348397731781, 0.040124665945768356, 0.039916977286338806, 0.03966418281197548, 0.03947685286402702, 0.03938082605600357, 0.03938186168670654, 0.03916032612323761, 0.03874450549483299, 0.038866013288497925, 0.03873182088136673, 0.0385863371193409, 0.03876881301403046, 0.03831322118639946, 0.03835870698094368, 0.03829233720898628, 0.03817413002252579, 0.03795216605067253, 0.03798089176416397, 0.03795565664768219, 0.03784343600273132, 0.037874020636081696, 0.042195577174425125, 0.03783942013978958, 0.037834133952856064, 0.037559960037469864, 0.03768561780452728, 0.03749584034085274, 0.03761313855648041, 0.03770584985613823, 0.03754393756389618, 0.03719792887568474, 0.037200674414634705, 0.037252943962812424, 0.037752825766801834, 0.03715948760509491], "mae": [0.1476527899503708, 0.1038844883441925, 0.09673304110765457, 0.09345754235982895, 0.09039175510406494, 0.08831313997507095, 0.08674398064613342, 0.08566120266914368, 0.08511828631162643, 0.0836101621389389, 0.08297128230333328, 0.0824873298406601, 0.08171720802783966, 0.08125591278076172, 0.08085298538208008, 0.08010810613632202, 0.08013266324996948, 0.07945369929075241, 0.07875006645917892, 0.07877815514802933, 0.07846726477146149, 0.07785738259553909, 0.07737410068511963, 0.07690973579883575, 0.07661686092615128, 0.07669796049594879, 0.07626120001077652, 0.07559948414564133, 0.0756947323679924, 0.07541009783744812, 0.07504305988550186, 0.07531655579805374, 0.07459608465433121, 0.07454098016023636, 0.07448399811983109, 0.07426281273365021, 0.07381957024335861, 0.07379572093486786, 0.07373852282762527, 0.07350710779428482, 0.07367124408483505, 0.08084264397621155, 0.0738573744893074, 0.07363218814134598, 0.07296549528837204, 0.0731503814458847, 0.0729709193110466, 0.07310635596513748, 0.07316970080137253, 0.07286965101957321, 0.0722014531493187, 0.07230418175458908, 0.07242900878190994, 0.0729864314198494, 0.07229174673557281], "val_loss": [0.05552501976490021, 0.05296390876173973, 0.05156718194484711, 0.047548603266477585, 0.04614126309752464, 0.04373108968138695, 0.04602399840950966, 0.044064298272132874, 0.043333057314157486, 0.042584128677845, 0.04310695454478264, 0.046204905956983566, 0.044080764055252075, 0.04481413960456848, 0.041588298976421356, 0.043242163956165314, 0.04325025528669357, 0.04434576630592346, 0.04404926300048828, 0.04573759064078331, 0.042835649102926254, 0.04378219321370125, 0.04314476624131203, 0.04126657545566559, 0.04094603657722473, 0.042511459439992905, 0.04218588024377823, 0.041646674275398254, 0.04333579167723656, 0.04244890436530113, 0.04452770948410034, 0.04318408668041229, 0.04196324571967125, 0.04207424819469452, 0.04357467219233513, 0.04396824911236763, 0.04240820184350014, 0.04264618456363678, 0.04181962460279465, 0.042957622557878494, 0.04143669456243515, 0.04150987043976784, 0.041135020554065704, 0.04247739911079407, 0.04141656309366226, 0.042305838316679, 0.04152093455195427, 0.04275932163000107, 0.04209326580166817, 0.04402870312333107, 0.04325062036514282, 0.04320666193962097, 0.041282132267951965, 0.04223811253905296, 0.04129672423005104], "val_mae": [0.10022836178541183, 0.09117089956998825, 0.0865987166762352, 0.0816744938492775, 0.0788942277431488, 0.07459983229637146, 0.0773167684674263, 0.07444146275520325, 0.07272831350564957, 0.07125331461429596, 0.07122861593961716, 0.0753122866153717, 0.07258160412311554, 0.0733025074005127, 0.06918513029813766, 0.0715019553899765, 0.06981543451547623, 0.07129345089197159, 0.07125785201787949, 0.07346291095018387, 0.06977856904268265, 0.07071863859891891, 0.07005362957715988, 0.06660784035921097, 0.06731349974870682, 0.06815367192029953, 0.06870271265506744, 0.06722690165042877, 0.06962087005376816, 0.06768321245908737, 0.07007601857185364, 0.06779570132493973, 0.06711973994970322, 0.06730881333351135, 0.06958872824907303, 0.07012678682804108, 0.06777005642652512, 0.06796369701623917, 0.0671084001660347, 0.06654476374387741, 0.06672851741313934, 0.06843690574169159, 0.06740857660770416, 0.06782940775156021, 0.06693875789642334, 0.0679270550608635, 0.06699949502944946, 0.06862660497426987, 0.06789913028478622, 0.06902818381786346, 0.06829269975423813, 0.06851938366889954, 0.06742875277996063, 0.06758476048707962, 0.0653303936123848]}