{"loss": [0.07170230150222778, 0.052414581179618835, 0.047999799251556396, 0.04529218003153801, 0.04367167502641678, 0.04260823875665665, 0.04186996445059776, 0.04124552384018898, 0.0408572219312191, 0.04046350717544556, 0.04002077132463455, 0.0394597202539444, 0.03920937329530716, 0.03895718976855278, 0.03883756324648857, 0.038458481431007385, 0.03844791278243065, 0.03818913921713829, 0.03815416619181633, 0.03789149224758148, 0.03772060573101044, 0.037789974361658096, 0.03770878165960312, 0.03762311115860939, 0.03732192888855934, 0.03776400908827782, 0.03734391927719116, 0.036940474063158035, 0.03709025681018829, 0.03694698214530945, 0.0368691012263298, 0.03679852560162544, 0.03670695424079895, 0.036641549319028854, 0.036714475601911545, 0.03633900731801987, 0.036489035934209824, 0.03627482429146767, 0.03620891645550728, 0.03619873896241188, 0.03594399243593216, 0.03614212945103645, 0.035947661846876144, 0.035947076976299286, 0.03579352796077728, 0.035932231694459915, 0.035814300179481506, 0.035535816103219986, 0.03561912104487419, 0.03576318174600601, 0.035625115036964417, 0.03552170842885971, 0.03541892021894455, 0.035406649112701416, 0.0355183482170105, 0.035480987280607224, 0.035262737423181534, 0.03549383208155632, 0.03525828197598457, 0.0352480374276638, 0.035189662128686905, 0.03505479544401169, 0.0350903756916523, 0.035012632608413696, 0.03501461073756218, 0.03498613461852074, 0.03501003980636597, 0.03497696295380592, 0.03514625132083893, 0.034933075308799744, 0.03506748378276825, 0.034906644374132156, 0.03482084721326828, 0.03478994965553284], "mae": [0.14183208346366882, 0.10405226051807404, 0.09527549147605896, 0.08953762799501419, 0.08580232411623001, 0.08366572111845016, 0.0821211114525795, 0.08088396489620209, 0.0799974724650383, 0.0792168527841568, 0.07821162045001984, 0.07702309638261795, 0.07673757523298264, 0.07617725431919098, 0.07580936700105667, 0.07505854219198227, 0.07489323616027832, 0.07439906895160675, 0.07426869124174118, 0.0740031972527504, 0.07363040745258331, 0.07366085052490234, 0.07352008670568466, 0.07337391376495361, 0.0728374645113945, 0.0734362080693245, 0.07279996573925018, 0.07220550626516342, 0.07221714407205582, 0.07207430154085159, 0.0718468502163887, 0.07173410803079605, 0.0717465877532959, 0.07143472880125046, 0.07148908078670502, 0.07085056602954865, 0.07110589742660522, 0.07064314931631088, 0.07032497972249985, 0.07038357853889465, 0.06995850056409836, 0.07027645409107208, 0.06985090672969818, 0.0698976218700409, 0.06973928958177567, 0.06988409906625748, 0.06960535794496536, 0.06919504702091217, 0.06921906024217606, 0.06941302120685577, 0.06908432394266129, 0.06921996921300888, 0.06882214546203613, 0.06865011900663376, 0.0689653679728508, 0.06878870725631714, 0.06851396709680557, 0.06894106417894363, 0.06844060868024826, 0.06830824166536331, 0.06836894899606705, 0.0677911639213562, 0.06816093623638153, 0.0678899735212326, 0.06780529767274857, 0.06778575479984283, 0.06785378605127335, 0.06790005415678024, 0.06797194480895996, 0.06759022921323776, 0.06777110695838928, 0.06761876493692398, 0.0673186406493187, 0.06730468571186066], "val_loss": [0.05357418954372406, 0.048838116228580475, 0.04423736035823822, 0.04201275855302811, 0.042343154549598694, 0.040001917630434036, 0.040275510400533676, 0.040139809250831604, 0.03975694999098778, 0.040624719113111496, 0.038689300417900085, 0.03804665431380272, 0.039039645344018936, 0.038528360426425934, 0.03741789981722832, 0.038641877472400665, 0.038040608167648315, 0.03740701824426651, 0.037192732095718384, 0.038681384176015854, 0.040032222867012024, 0.03652024269104004, 0.03712436184287071, 0.03735825791954994, 0.036104716360569, 0.036480654031038284, 0.03615404665470123, 0.037157267332077026, 0.03674255684018135, 0.03590483218431473, 0.03659054636955261, 0.036145132035017014, 0.03740347921848297, 0.036181289702653885, 0.03687417879700661, 0.038761839270591736, 0.036492373794317245, 0.036807943135499954, 0.036682289093732834, 0.0367429219186306, 0.03603716567158699, 0.03678567335009575, 0.03794709965586662, 0.035090792924165726, 0.035506993532180786, 0.03808581829071045, 0.037756968289613724, 0.03756062313914299, 0.03568141534924507, 0.03778617084026337, 0.036279112100601196, 0.03735455125570297, 0.03693544492125511, 0.03734417259693146, 0.03565136715769768, 0.036726757884025574, 0.03542152792215347, 0.035974908620119095, 0.03618704527616501, 0.036220576614141464, 0.03611366078257561, 0.03726673871278763, 0.038191504776477814, 0.03715230152010918, 0.035945892333984375, 0.037037111818790436, 0.03686754032969475, 0.035802435129880905, 0.03591252863407135, 0.03647272661328316, 0.03600591793656349, 0.03786057233810425, 0.03780151531100273, 0.03775588795542717], "val_mae": [0.09867683053016663, 0.08611312508583069, 0.0783720389008522, 0.07273196429014206, 0.07241140305995941, 0.06977168470621109, 0.06788648664951324, 0.06799554079771042, 0.06689253449440002, 0.06740359961986542, 0.06496362388134003, 0.06477419286966324, 0.06436242908239365, 0.06337740272283554, 0.06327931582927704, 0.06399545073509216, 0.06324030458927155, 0.06276756525039673, 0.06195250153541565, 0.06350322812795639, 0.06602463871240616, 0.061417482793331146, 0.06294921785593033, 0.06299256533384323, 0.060614991933107376, 0.06251226365566254, 0.0613090917468071, 0.06155886873602867, 0.061149075627326965, 0.06133236736059189, 0.06094392389059067, 0.06108797341585159, 0.0625779926776886, 0.06117459386587143, 0.06119026616215706, 0.06317004561424255, 0.061768725514411926, 0.06085063889622688, 0.060923051089048386, 0.060177452862262726, 0.061157844960689545, 0.06055229902267456, 0.06189636141061783, 0.06031680107116699, 0.06044904515147209, 0.06179527938365936, 0.062194693833589554, 0.06215745955705643, 0.059703122824430466, 0.06167815625667572, 0.060947149991989136, 0.06149766966700554, 0.06064736843109131, 0.06174672022461891, 0.05966654047369957, 0.06082230061292648, 0.0593801811337471, 0.06059372052550316, 0.060416169464588165, 0.06040577590465546, 0.05939437448978424, 0.060576025396585464, 0.061933279037475586, 0.06092769652605057, 0.059838175773620605, 0.06102623790502548, 0.060878727585077286, 0.05915583670139313, 0.059723030775785446, 0.059675563126802444, 0.05952458083629608, 0.061762865632772446, 0.061865661293268204, 0.06168832257390022]}