{"loss": [0.07773733884096146, 0.060156017541885376, 0.056922003626823425, 0.05473960191011429, 0.0530967153608799, 0.0519917793571949, 0.051114071160554886, 0.050392355769872665, 0.049757227301597595, 0.049390602856874466, 0.0488375686109066, 0.04846613109111786, 0.04819619655609131, 0.0477864108979702, 0.04756857827305794, 0.04727162420749664, 0.0469227209687233, 0.04653898999094963, 0.046160172671079636, 0.04572218284010887, 0.045303210616111755, 0.04502313211560249, 0.04452775418758392, 0.04429047927260399, 0.04403375834226608, 0.04388957470655441, 0.0435415543615818, 0.043484121561050415, 0.043258924037218094, 0.043294742703437805, 0.04311908781528473, 0.042951375246047974, 0.04276840016245842, 0.04262302443385124, 0.0425286702811718, 0.04254322871565819, 0.04235486313700676, 0.04249895364046097, 0.04224028438329697, 0.04225330054759979, 0.042190492153167725, 0.04194432124495506, 0.041946083307266235, 0.041977304965257645, 0.04194676876068115, 0.041892729699611664, 0.041844289749860764, 0.04167673736810684, 0.04156557098031044, 0.04156443849205971, 0.04160361364483833, 0.041412848979234695, 0.041533347219228745, 0.04136873036623001, 0.04142090678215027, 0.04128891974687576, 0.04115929827094078, 0.041183579713106155, 0.04120468348264694, 0.041177842766046524, 0.041056983172893524, 0.04088878259062767, 0.0409611277282238, 0.040934670716524124, 0.0408986434340477, 0.040856681764125824, 0.04084401950240135, 0.04084603488445282, 0.04080067574977875, 0.04070262983441353, 0.040709514170885086, 0.04082901030778885, 0.04055497422814369, 0.04062209278345108, 0.04068205505609512, 0.04059336706995964, 0.0404793806374073, 0.0404578261077404, 0.040447067469358444, 0.04043363034725189, 0.040469154715538025], "mae": [0.15641021728515625, 0.11955505609512329, 0.11351674795150757, 0.10910901427268982, 0.10562556236982346, 0.1031837910413742, 0.10139954835176468, 0.09977060556411743, 0.09829279035329819, 0.0975780040025711, 0.09633419662714005, 0.09564176201820374, 0.09519762545824051, 0.09428606182336807, 0.09383081644773483, 0.09314882010221481, 0.09258972108364105, 0.09192758053541183, 0.09109172970056534, 0.09026266634464264, 0.08937838673591614, 0.08862607181072235, 0.08789105713367462, 0.08717548102140427, 0.08660659193992615, 0.0864618569612503, 0.08570485562086105, 0.08545435220003128, 0.08507899940013885, 0.0849781334400177, 0.08477479964494705, 0.0844280794262886, 0.08412215113639832, 0.08377530425786972, 0.08335421234369278, 0.08356738090515137, 0.08316393196582794, 0.08340369164943695, 0.08297237008810043, 0.08291549235582352, 0.08261975646018982, 0.08232680708169937, 0.08238640427589417, 0.08226031810045242, 0.08231578767299652, 0.08228829503059387, 0.08204162120819092, 0.08183637261390686, 0.0814756527543068, 0.08137241005897522, 0.08157878369092941, 0.08123201131820679, 0.08148257434368134, 0.08098627626895905, 0.08127444237470627, 0.08101532608270645, 0.08068998903036118, 0.08068230003118515, 0.0806891918182373, 0.08066340535879135, 0.08048160374164581, 0.08012036979198456, 0.08023297786712646, 0.08029016107320786, 0.08007829636335373, 0.08000210672616959, 0.0799456313252449, 0.08003402501344681, 0.07987987250089645, 0.0798281654715538, 0.07972095161676407, 0.07992248982191086, 0.07943819463253021, 0.07952144742012024, 0.07967584580183029, 0.07949399948120117, 0.07932640612125397, 0.07926633208990097, 0.07910669595003128, 0.07906977832317352, 0.07905767112970352], "val_loss": [0.06239235773682594, 0.057177986949682236, 0.05687566474080086, 0.05414486676454544, 0.05338786542415619, 0.05022294446825981, 0.0506967231631279, 0.04994681105017662, 0.050426315516233444, 0.05162346363067627, 0.04823276400566101, 0.04919862747192383, 0.04804509878158569, 0.04733412340283394, 0.04771312698721886, 0.04646111652255058, 0.046361472457647324, 0.04571280628442764, 0.04528960958123207, 0.045347634702920914, 0.044546645134687424, 0.04351311922073364, 0.04251880198717117, 0.04340388998389244, 0.04289119318127632, 0.04284464940428734, 0.044189367443323135, 0.041692811995744705, 0.04137300327420235, 0.04090224206447601, 0.041728388518095016, 0.04035359248518944, 0.040838781744241714, 0.040980156511068344, 0.04060692712664604, 0.04194535315036774, 0.04023635759949684, 0.04039733484387398, 0.03944677859544754, 0.04092274233698845, 0.04075907543301582, 0.04114937037229538, 0.040191106498241425, 0.0407700315117836, 0.04037848487496376, 0.04030810296535492, 0.04064043611288071, 0.04143913462758064, 0.04023268446326256, 0.040481679141521454, 0.04036622494459152, 0.04053797200322151, 0.03939773514866829, 0.0399317592382431, 0.041118402034044266, 0.039612170308828354, 0.039628103375434875, 0.04000271484255791, 0.04028518125414848, 0.041329897940158844, 0.03845707327127457, 0.03984075039625168, 0.0393252819776535, 0.03942347690463066, 0.04110937938094139, 0.03859545662999153, 0.03944174200296402, 0.03983292356133461, 0.04160470888018608, 0.040791433304548264, 0.0392623208463192, 0.039414845407009125, 0.03949812799692154, 0.03975415229797363, 0.039655037224292755, 0.04098149761557579, 0.04137283191084862, 0.04038000479340553, 0.041109856218099594, 0.04028411582112312, 0.03971843048930168], "val_mae": [0.11153531074523926, 0.10144496709108353, 0.10105482488870621, 0.0950322151184082, 0.09381578117609024, 0.09144715219736099, 0.08964107185602188, 0.08839521557092667, 0.08655305951833725, 0.09019944071769714, 0.08386571705341339, 0.0855267345905304, 0.08306977152824402, 0.08374720811843872, 0.08222711086273193, 0.08190439641475677, 0.08131523430347443, 0.0804353877902031, 0.08001714199781418, 0.07775236666202545, 0.0779821053147316, 0.07670104503631592, 0.07504350692033768, 0.07573067396879196, 0.0747649148106575, 0.07548890262842178, 0.0757780596613884, 0.0735289603471756, 0.0734451487660408, 0.07277438789606094, 0.07360108941793442, 0.0712202861905098, 0.07198169082403183, 0.07161077857017517, 0.07161358743906021, 0.07324300706386566, 0.07168255001306534, 0.07200518250465393, 0.0699373185634613, 0.07134665548801422, 0.07192466408014297, 0.07136383652687073, 0.07115711271762848, 0.0715860053896904, 0.07131186127662659, 0.0705694928765297, 0.07080452144145966, 0.07231832295656204, 0.07042232900857925, 0.07064920663833618, 0.07091653347015381, 0.0707584097981453, 0.06968803703784943, 0.07054726034402847, 0.07226778566837311, 0.07001739740371704, 0.06935042887926102, 0.07074224203824997, 0.07065881043672562, 0.07235100120306015, 0.06879960000514984, 0.07076813280582428, 0.06983041018247604, 0.06937744468450546, 0.07112012803554535, 0.06829580664634705, 0.06875798106193542, 0.06977971643209457, 0.07135694473981857, 0.07028158009052277, 0.06910775601863861, 0.06992576271295547, 0.0692470446228981, 0.06967306137084961, 0.06924460828304291, 0.07131928205490112, 0.07147248089313507, 0.06955885887145996, 0.07080810517072678, 0.06917137652635574, 0.06949058175086975]}