{"loss": [0.07705225050449371, 0.05899303779006004, 0.0558251328766346, 0.053634051233530045, 0.052018601447343826, 0.050486739724874496, 0.04937274008989334, 0.04889289289712906, 0.048079557716846466, 0.04771227389574051, 0.047314610332250595, 0.04672417789697647, 0.046388622373342514, 0.045980777591466904, 0.045541901141405106, 0.045199062675237656, 0.04499075934290886, 0.04458135366439819, 0.04436361417174339, 0.044164642691612244, 0.043810706585645676, 0.04367615282535553, 0.04344121739268303, 0.04326122999191284, 0.04298834875226021, 0.04281674325466156, 0.042620450258255005, 0.042497020214796066, 0.04222213849425316, 0.042113691568374634, 0.04198584705591202, 0.04185100272297859, 0.041686855256557465, 0.04145704209804535, 0.04148999974131584, 0.04122157394886017, 0.041387222707271576, 0.04089798778295517, 0.0408593975007534, 0.04082992672920227, 0.04064275324344635, 0.04045581445097923, 0.04056242108345032, 0.04048825800418854, 0.04043272137641907, 0.04045180603861809, 0.04023510217666626, 0.040220070630311966, 0.04009903594851494, 0.03993081673979759, 0.03986202925443649, 0.03996128961443901, 0.039764903485774994, 0.03980104625225067, 0.039650458842515945, 0.039713915437459946, 0.03974837809801102, 0.0395093634724617, 0.039530396461486816, 0.0393524244427681, 0.03943439945578575, 0.03939737379550934, 0.03937656059861183, 0.03934875503182411, 0.03925436735153198, 0.039064060896635056, 0.03906445577740669, 0.03894808515906334, 0.03902873769402504, 0.039097320288419724, 0.03891859948635101, 0.03895105794072151, 0.038966722786426544, 0.038865238428115845, 0.038842204958200455, 0.038848668336868286, 0.03880564868450165, 0.038905370980501175, 0.03863786533474922, 0.038711678236722946, 0.03869672864675522, 0.03866450861096382, 0.03858518972992897, 0.03855346515774727, 0.03841857984662056, 0.03853233531117439, 0.03855818510055542, 0.03865000978112221, 0.038562364876270294, 0.03858594968914986, 0.03834255412220955, 0.03835359215736389, 0.03840620815753937, 0.03828581050038338, 0.038288380950689316, 0.03825254365801811, 0.03831460326910019, 0.03847169876098633, 0.03828630968928337, 0.03834231570363045, 0.03829779475927353, 0.03816833347082138, 0.03813760355114937, 0.03809788450598717, 0.038134098052978516, 0.038133397698402405, 0.03811759874224663, 0.03807714954018593, 0.03820167854428291, 0.03805822134017944, 0.03811049461364746, 0.03805490583181381, 0.03794243559241295, 0.03810661658644676], "mae": [0.1544836312532425, 0.11693203449249268, 0.11071546375751495, 0.10611262917518616, 0.1028936505317688, 0.09960553795099258, 0.09715878963470459, 0.09605133533477783, 0.09455525875091553, 0.09370513260364532, 0.09303063154220581, 0.09185551106929779, 0.09114347398281097, 0.09029752016067505, 0.08928218483924866, 0.0886114165186882, 0.0882682278752327, 0.08747749030590057, 0.08688703924417496, 0.08662518113851547, 0.08561736345291138, 0.08558955043554306, 0.08500099182128906, 0.08468034863471985, 0.0840974897146225, 0.08374517410993576, 0.08342752605676651, 0.08315723389387131, 0.08240457624197006, 0.08208776265382767, 0.08199745416641235, 0.08156614750623703, 0.08128461241722107, 0.0808928981423378, 0.08092399686574936, 0.08031020313501358, 0.08051186054944992, 0.07977896183729172, 0.0797140896320343, 0.07946682721376419, 0.07931439578533173, 0.07876748591661453, 0.07885148376226425, 0.07908499985933304, 0.07884194701910019, 0.07871700823307037, 0.07833725214004517, 0.07842331379652023, 0.07805506139993668, 0.07795559614896774, 0.07765655219554901, 0.07780726999044418, 0.0772821232676506, 0.0774252861738205, 0.07730604708194733, 0.07733519375324249, 0.07730086147785187, 0.07688761502504349, 0.07702969759702682, 0.07666534930467606, 0.07674164324998856, 0.07665551453828812, 0.07659704983234406, 0.07656442373991013, 0.0763397142291069, 0.07593630999326706, 0.07598111033439636, 0.07572075724601746, 0.07604510337114334, 0.07587911188602448, 0.07563101500272751, 0.0757710188627243, 0.07555398344993591, 0.0755038857460022, 0.07551595568656921, 0.07551638782024384, 0.07543845474720001, 0.07541383057832718, 0.07513494044542313, 0.07521355152130127, 0.07524330168962479, 0.07512673735618591, 0.07491855323314667, 0.07501088082790375, 0.07456067204475403, 0.0747172087430954, 0.07490109652280807, 0.07512050867080688, 0.07495103031396866, 0.07493909448385239, 0.0745624378323555, 0.07450500130653381, 0.07459525763988495, 0.07437731325626373, 0.07428470253944397, 0.07416447252035141, 0.07431095093488693, 0.07460296154022217, 0.07417675107717514, 0.07459340244531631, 0.07423018664121628, 0.0741756334900856, 0.07400379329919815, 0.07389678061008453, 0.07395994663238525, 0.0739283561706543, 0.07384788990020752, 0.07398670166730881, 0.074081651866436, 0.0737190768122673, 0.07395993173122406, 0.07365253567695618, 0.07364044338464737, 0.07378887385129929], "val_loss": [0.06281036883592606, 0.056795328855514526, 0.05305520072579384, 0.05062706023454666, 0.04853343218564987, 0.0476711206138134, 0.04684301093220711, 0.04628196731209755, 0.045040737837553024, 0.04656394198536873, 0.04572403058409691, 0.044281769543886185, 0.0440908707678318, 0.04317060485482216, 0.04204431176185608, 0.04199465364217758, 0.041469428688287735, 0.04317503422498703, 0.04095903038978577, 0.0411548912525177, 0.041550640016794205, 0.04025518149137497, 0.04070601612329483, 0.04002993553876877, 0.04058162495493889, 0.03870490938425064, 0.040281448513269424, 0.039021655917167664, 0.04071474447846413, 0.03825395926833153, 0.037540942430496216, 0.03822473809123039, 0.0379142202436924, 0.03945993259549141, 0.03837026283144951, 0.03834276646375656, 0.037466250360012054, 0.03732722997665405, 0.037954408675432205, 0.03769448772072792, 0.03725377842783928, 0.03673391416668892, 0.037425242364406586, 0.03820422291755676, 0.038694191724061966, 0.03751220926642418, 0.03742165490984917, 0.03779928386211395, 0.03655267134308815, 0.03679304197430611, 0.036766860634088516, 0.03680680692195892, 0.03635784238576889, 0.036996398121118546, 0.0364861935377121, 0.03680800646543503, 0.03721830993890762, 0.03672078251838684, 0.03710454702377319, 0.03606255352497101, 0.03629591315984726, 0.03725197911262512, 0.036010175943374634, 0.036083001643419266, 0.03640186786651611, 0.03685877099633217, 0.03626502305269241, 0.03626333177089691, 0.03640958294272423, 0.03636584430932999, 0.03734084218740463, 0.03650340810418129, 0.0376872643828392, 0.03689344599843025, 0.03591412305831909, 0.03621397912502289, 0.03624129295349121, 0.03726143389940262, 0.03675951808691025, 0.03772645443677902, 0.03660324588418007, 0.03599628806114197, 0.037552181631326675, 0.036050599068403244, 0.036603331565856934, 0.03738639876246452, 0.036326900124549866, 0.03608843684196472, 0.036536116153001785, 0.03722219169139862, 0.036102425307035446, 0.0367681160569191, 0.03569092974066734, 0.03557709977030754, 0.03713499754667282, 0.035714756697416306, 0.03630673885345459, 0.03598111495375633, 0.03697322681546211, 0.03679506480693817, 0.03718767687678337, 0.035683732479810715, 0.035867124795913696, 0.03613603860139847, 0.03658335283398628, 0.03770434111356735, 0.036433614790439606, 0.036393482238054276, 0.037517011165618896, 0.038933165371418, 0.0365641750395298, 0.03586419299244881, 0.03686778247356415, 0.037191443145275116],