{"loss": [0.06987124681472778, 0.052256084978580475, 0.04882996529340744, 0.0468314029276371, 0.04504444822669029, 0.04356900230050087, 0.042782168835401535, 0.04172351583838463, 0.041330188512802124, 0.04076354205608368, 0.04033704474568367, 0.03991687670350075, 0.03947801515460014, 0.03929322585463524, 0.0391194112598896, 0.0388503260910511, 0.03837215155363083, 0.03812769427895546, 0.037881556898355484, 0.03772367909550667, 0.03767884522676468, 0.03823160007596016, 0.037239231169223785, 0.03725406527519226, 0.037251416593790054, 0.03684047609567642, 0.036851003766059875, 0.03668542206287384, 0.03650955110788345, 0.03640357032418251, 0.03640425577759743, 0.03624585643410683, 0.03629711642861366, 0.03612583875656128, 0.03597072511911392, 0.035941626876592636, 0.03576348349452019, 0.035736143589019775, 0.03569728136062622, 0.035641271620988846, 0.03563214838504791, 0.03554240241646767, 0.03543153032660484, 0.03530465438961983], "mae": [0.13872051239013672, 0.10375375300645828, 0.09646239131689072, 0.09228908270597458, 0.0886516198515892, 0.08576124906539917, 0.08390655368566513, 0.0820130854845047, 0.08110644668340683, 0.0799948200583458, 0.07907932996749878, 0.07839126884937286, 0.07729973644018173, 0.07695694267749786, 0.07634523510932922, 0.07611013203859329, 0.07522472739219666, 0.07455126196146011, 0.07402407377958298, 0.07366453111171722, 0.07357512414455414, 0.07415510714054108, 0.07284996658563614, 0.07263484597206116, 0.07263369858264923, 0.07177245616912842, 0.07168188691139221, 0.0714360699057579, 0.071047343313694, 0.07081351429224014, 0.07066177576780319, 0.07047812640666962, 0.07043986767530441, 0.07006235420703888, 0.06979356706142426, 0.06983702629804611, 0.06925265491008759, 0.06929323822259903, 0.06939566135406494, 0.06912366300821304, 0.06885060667991638, 0.06878776103258133, 0.06871916353702545, 0.0682334452867508], "val_loss": [0.0528394840657711, 0.0488169826567173, 0.04589036479592323, 0.04545387998223305, 0.044605452567338943, 0.040783196687698364, 0.0410749725997448, 0.043185003101825714, 0.04097701981663704, 0.038960594683885574, 0.039849650114774704, 0.03931567072868347, 0.038325633853673935, 0.03958384692668915, 0.040857721120119095, 0.0380084365606308, 0.03849002718925476, 0.039157699793577194, 0.03751242533326149, 0.040070388466119766, 0.037443406879901886, 0.04004141315817833, 0.038844771683216095, 0.03803199157118797, 0.03705231472849846, 0.03986905515193939, 0.0373854860663414, 0.037394095212221146, 0.036189965903759, 0.039405979216098785, 0.039475854486227036, 0.03990701213479042, 0.037848785519599915, 0.035672083497047424, 0.036427389830350876, 0.03711321949958801, 0.036554004997015, 0.03670728579163551, 0.036052629351615906, 0.038440000265836716, 0.03670341521501541, 0.03628106042742729, 0.03596906363964081, 0.036518942564725876], "val_mae": [0.09793480485677719, 0.08606377243995667, 0.07953571528196335, 0.07967139780521393, 0.07590358704328537, 0.07071217894554138, 0.07011056691408157, 0.07072563469409943, 0.06920541822910309, 0.06697264313697815, 0.06605254858732224, 0.06554783880710602, 0.06391409039497375, 0.06413453817367554, 0.06629252433776855, 0.06334562599658966, 0.06315919011831284, 0.06405021250247955, 0.06177843362092972, 0.06331361830234528, 0.06142770126461983, 0.06455942988395691, 0.06166839599609375, 0.06168493628501892, 0.06019927188754082, 0.06345485895872116, 0.0600663460791111, 0.06000085547566414, 0.05937814339995384, 0.062492888420820236, 0.06268316507339478, 0.061681512743234634, 0.060246363282203674, 0.05865085870027542, 0.05895845219492912, 0.059309136122465134, 0.059533871710300446, 0.059172578155994415, 0.05927739292383194, 0.060987941920757294, 0.05899090692400932, 0.05834247171878815, 0.058367546647787094, 0.059094831347465515]}