{"loss": [0.07512031495571136, 0.054951928555965424, 0.05022967979311943, 0.04803115501999855, 0.046324074268341064, 0.045487698167562485, 0.044545236974954605, 0.04394686222076416, 0.04333919286727905, 0.04289912432432175, 0.04254639893770218, 0.0421915203332901, 0.042083870619535446, 0.04163103178143501, 0.04138648882508278, 0.041456229984760284, 0.041037335991859436, 0.04064406454563141, 0.04054033011198044, 0.04041396453976631, 0.040154989808797836, 0.04007275402545929, 0.03983084112405777, 0.039737168699502945, 0.039727091789245605, 0.03945989906787872, 0.03957252576947212, 0.039359934628009796, 0.03916529566049576, 0.0392434261739254], "mae": [0.149307981133461, 0.10911498963832855, 0.0993146225810051, 0.09473705291748047, 0.09101765602827072, 0.08911409974098206, 0.0871841311454773, 0.08591137081384659, 0.08463098853826523, 0.08384818583726883, 0.08299107849597931, 0.08230654895305634, 0.08198065310716629, 0.08135079592466354, 0.08069279789924622, 0.08083099126815796, 0.08008173108100891, 0.0794377475976944, 0.0788617879152298, 0.07880741357803345, 0.07820908725261688, 0.07802530378103256, 0.07769424468278885, 0.0771879330277443, 0.0773218497633934, 0.0768248438835144, 0.07707645744085312, 0.07643058151006699, 0.07611855119466782, 0.07629365473985672], "val_loss": [0.056713785976171494, 0.04953419044613838, 0.047952260822057724, 0.04599186033010483, 0.045086316764354706, 0.045557405799627304, 0.045770201832056046, 0.04402917996048927, 0.04530226066708565, 0.04338614642620087, 0.04569938778877258, 0.04257052019238472, 0.04571899399161339, 0.042651351541280746, 0.04358866065740585, 0.04707373306155205, 0.04244484379887581, 0.04366582632064819, 0.04457628354430199, 0.04222771152853966, 0.044875189661979675, 0.042842451483011246, 0.04343224689364433, 0.04264421761035919, 0.044405002146959305, 0.04624811187386513, 0.04302911087870598, 0.043107423931360245, 0.044049929827451706, 0.04364972934126854], "val_mae": [0.10514666140079498, 0.09119676798582077, 0.08448057621717453, 0.08090539276599884, 0.07800284028053284, 0.07758145779371262, 0.07601004093885422, 0.07552263140678406, 0.07506866753101349, 0.07278536260128021, 0.07530584931373596, 0.07224883884191513, 0.07517822831869125, 0.07234939932823181, 0.07124626636505127, 0.07875493913888931, 0.07038182765245438, 0.0712997242808342, 0.07302885502576828, 0.07032474130392075, 0.07203827798366547, 0.07076944410800934, 0.0726291686296463, 0.07024918496608734, 0.07332667708396912, 0.0743056908249855, 0.07050959020853043, 0.07003287971019745, 0.07300543785095215, 0.07253654301166534]}