{"loss": [0.11025914549827576, 0.0849003940820694, 0.07582896202802658, 0.07148494571447372, 0.07021427154541016, 0.07010309398174286, 0.06479177623987198, 0.0632302314043045, 0.06223825365304947, 0.07879038155078888, 0.07152612507343292, 0.06575261801481247, 0.05967032164335251, 0.06382142007350922, 0.056417372077703476, 0.05461052805185318, 0.07931561768054962, 0.0668148398399353, 0.07323125004768372, 0.06322130560874939, 0.062958724796772, 0.061903227120637894, 0.050487220287323, 0.048227325081825256, 0.04782041162252426, 0.06614210456609726, 0.08854629844427109, 0.09869066625833511, 0.07977301627397537, 0.06291978061199188, 0.08046846836805344, 0.06976132094860077, 0.09376247227191925, 0.082268126308918, 0.06907626986503601, 0.08206721395254135, 0.05804111436009407, 0.05349219590425491, 0.052215687930583954, 0.058298442512750626, 0.05724749714136124, 0.04392816498875618, 0.055065788328647614, 0.04953185096383095, 0.04630015045404434, 0.045061491429805756, 0.04419410973787308, 0.04355263710021973, 0.04304414615035057, 0.06989715248346329, 0.0541771836578846, 0.047617893666028976, 0.04474741965532303, 0.08501692861318588, 0.0491856187582016, 0.04591298848390579, 0.046430591493844986, 0.09340659528970718, 0.07460394501686096, 0.06388907134532928, 0.0872463583946228, 0.10393733531236649, 0.0761517807841301, 0.08399225771427155, 0.08689934760332108, 0.0560491681098938, 0.050515107810497284, 0.04792334884405136, 0.04584427922964096, 0.04453752562403679, 0.09473683685064316, 0.07490197569131851, 0.06893261522054672], "mae": [0.22637654840946198, 0.17713764309883118, 0.15621404349803925, 0.1438066065311432, 0.14045487344264984, 0.13795587420463562, 0.13019253313541412, 0.12617696821689606, 0.12342261523008347, 0.14281991124153137, 0.13588544726371765, 0.12447263300418854, 0.1201755553483963, 0.12527205049991608, 0.11391650885343552, 0.10992661863565445, 0.13269919157028198, 0.11805946379899979, 0.12214922159910202, 0.12303920090198517, 0.11617410182952881, 0.11257898062467575, 0.10101085156202316, 0.09602242708206177, 0.09463958442211151, 0.10790637135505676, 0.13521459698677063, 0.14942310750484467, 0.13672447204589844, 0.11492979526519775, 0.13186031579971313, 0.1198805421590805, 0.13884107768535614, 0.12387685477733612, 0.11024831980466843, 0.12645964324474335, 0.1047593280673027, 0.09635360538959503, 0.09305911511182785, 0.10082238167524338, 0.10272494703531265, 0.08724226802587509, 0.09434203058481216, 0.09036494046449661, 0.08472802489995956, 0.0827789232134819, 0.08158937096595764, 0.08097672462463379, 0.0800618901848793, 0.10948691517114639, 0.1026429608464241, 0.08806238323450089, 0.08454262465238571, 0.13091441988945007, 0.0930580124258995, 0.08590299636125565, 0.08584389090538025, 0.12726491689682007, 0.12342356890439987, 0.10470466315746307, 0.12068165838718414, 0.15409108996391296, 0.12394125759601593, 0.13260330259799957, 0.136823371052742, 0.10971079021692276, 0.09768830984830856, 0.0917845070362091, 0.0872076004743576, 0.08419658988714218, 0.1456109881401062, 0.13627883791923523, 0.12432630360126495], "val_loss": [0.0878203734755516, 0.07686758786439896, 0.0718926265835762, 0.0699489489197731, 0.0717175081372261, 0.06549662351608276, 0.06400884687900543, 0.06274478137493134, 0.062022291123867035, 0.08014682680368423, 0.06592772901058197, 0.06316281110048294, 0.05662287771701813, 0.0569535568356514, 0.055094219744205475, 0.05355656519532204, 0.06851324439048767, 0.0675688236951828, 0.07746320217847824, 0.054330430924892426, 0.07617004215717316, 0.050416696816682816, 0.047668419778347015, 0.04710828885436058, 0.04581909626722336, 0.08934617787599564, 0.11445117741823196, 0.08494463562965393, 0.06398667395114899, 0.06147054582834244, 0.10340792685747147, 0.062253594398498535, 0.08651809394359589, 0.07347837090492249, 0.06285730004310608, 0.06290624290704727, 0.05449554696679115, 0.05241123214364052, 0.0510314516723156, 0.04805605486035347, 0.04454192519187927, 0.043047841638326645, 0.05371992290019989, 0.04694491624832153, 0.04556017369031906, 0.04431953281164169, 0.044988956302404404, 0.043619297444820404, 0.043078579008579254, 0.06287311762571335, 0.04906981810927391, 0.04619808867573738, 0.0424787774682045, 0.05386419966816902, 0.04678774252533913, 0.045453447848558426, 0.043791938573122025, 0.08042730391025543, 0.06739603728055954, 0.06124245375394821, 0.11734350770711899, 0.08534188568592072, 0.11254756152629852, 0.06776896864175797, 0.06158774346113205, 0.05155277997255325, 0.048654843121767044, 0.04606831073760986, 0.044813696295022964, 0.04361038655042648, 0.07906316220760345, 0.07041101902723312, 0.06509793549776077], "val_mae": [0.18394537270069122, 0.16247175633907318, 0.14629584550857544, 0.14332392811775208, 0.14458882808685303, 0.13240207731723785, 0.12518924474716187, 0.12451057136058807, 0.12259000539779663, 0.14578606188297272, 0.1263338327407837, 0.12201157957315445, 0.11477621644735336, 0.11668514460325241, 0.11143811792135239, 0.10947864502668381, 0.12121501564979553, 0.11757107824087143, 0.13838078081607819, 0.11364805698394775, 0.12252136319875717, 0.10258026421070099, 0.09790533035993576, 0.09398546069860458, 0.09082423150539398, 0.13573087751865387, 0.15690238773822784, 0.13780423998832703, 0.11809191107749939, 0.11112452298402786, 0.14181563258171082, 0.1110338345170021, 0.1310737282037735, 0.11618480831384659, 0.10343274474143982, 0.1123623326420784, 0.09969118982553482, 0.09338811784982681, 0.0911598652601242, 0.09209741652011871, 0.08980361372232437, 0.08578765392303467, 0.09587880223989487, 0.08554869145154953, 0.08436764031648636, 0.08133268356323242, 0.08177643269300461, 0.08004304021596909, 0.08013162016868591, 0.12071710079908371, 0.09165706485509872, 0.085263192653656, 0.08121630549430847, 0.10164836049079895, 0.08721815049648285, 0.08447565883398056, 0.0805361270904541, 0.13249920308589935, 0.11198043078184128, 0.10003677755594254, 0.151256263256073, 0.13720038533210754, 0.1475687026977539, 0.11609406024217606, 0.11891226470470428, 0.09987060725688934, 0.09406790882349014, 0.08808431029319763, 0.08603843301534653, 0.08225388079881668, 0.1436351239681244, 0.12767858803272247, 0.11896399408578873]}