{"loss": [0.10931108146905899, 0.08271291106939316, 0.07714185863733292, 0.0734454020857811, 0.08937828242778778, 0.08593647927045822, 0.068776436150074, 0.06326205283403397, 0.061350587755441666, 0.060044195502996445, 0.058155231177806854, 0.06462376564741135, 0.07871414721012115, 0.0635719820857048, 0.05855000764131546, 0.07023755460977554, 0.059728410094976425, 0.05442658066749573, 0.05688429996371269, 0.05117234215140343, 0.09651494771242142, 0.09574028849601746, 0.12414294481277466, 0.10224219411611557, 0.08060754090547562, 0.08013252913951874, 0.07202538102865219, 0.06754900515079498, 0.06546372920274734, 0.08131140470504761, 0.08741366118192673, 0.07792492210865021, 0.07362256199121475, 0.07080323249101639, 0.067193903028965, 0.06328609585762024, 0.060759153217077255, 0.05832643806934357, 0.05744218826293945, 0.056180234998464584], "mae": [0.22357352077960968, 0.16084671020507812, 0.14447222650051117, 0.13643525540828705, 0.14347244799137115, 0.15086430311203003, 0.13311158120632172, 0.12500573694705963, 0.12080008536577225, 0.11811815947294235, 0.11497283726930618, 0.12029236555099487, 0.14423353970050812, 0.1258712112903595, 0.11637935787439346, 0.136052668094635, 0.12146828323602676, 0.10994726419448853, 0.11241009831428528, 0.10401631146669388, 0.1472894251346588, 0.1393018215894699, 0.21223604679107666, 0.19262363016605377, 0.16107459366321564, 0.14826543629169464, 0.13771562278270721, 0.12929147481918335, 0.12325453013181686, 0.15258120000362396, 0.1781226396560669, 0.15205992758274078, 0.1434561312198639, 0.13839370012283325, 0.1334974318742752, 0.12552237510681152, 0.12050271034240723, 0.11542331427335739, 0.11314946413040161, 0.11034716665744781], "val_loss": [0.08748447149991989, 0.07762205600738525, 0.07486791163682938, 0.07160435616970062, 0.09010402113199234, 0.0718165785074234, 0.06563758105039597, 0.06323641538619995, 0.06419350206851959, 0.05887620896100998, 0.05645507574081421, 0.08579880744218826, 0.06388167291879654, 0.07433492690324783, 0.056273192167282104, 0.06576038151979446, 0.055512022227048874, 0.052642639726400375, 0.05293517932295799, 0.050690606236457825, 0.08655618876218796, 0.12001679092645645, 0.11241636425256729, 0.09085803478956223, 0.07603203505277634, 0.07634807378053665, 0.06938403099775314, 0.06556644290685654, 0.0633644163608551, 0.1101972833275795, 0.07850948721170425, 0.07647006213665009, 0.07388900965452194, 0.06886500120162964, 0.0639420747756958, 0.06069684401154518, 0.05793505907058716, 0.056746628135442734, 0.059300534427165985, 0.05329953506588936], "val_mae": [0.1782345473766327, 0.14818143844604492, 0.13998478651046753, 0.13492634892463684, 0.14023944735527039, 0.14139361679553986, 0.1293838620185852, 0.12529811263084412, 0.1218995675444603, 0.11673302203416824, 0.11352085322141647, 0.14614130556583405, 0.13136769831180573, 0.1342255026102066, 0.11138582229614258, 0.13631390035152435, 0.11141406744718552, 0.1083727777004242, 0.1086101233959198, 0.10072361677885056, 0.1357613205909729, 0.18918462097644806, 0.209920272231102, 0.18083247542381287, 0.15138362348079681, 0.14572758972644806, 0.13196997344493866, 0.12588723003864288, 0.11777771264314651, 0.2225789874792099, 0.15736541152000427, 0.14784611761569977, 0.1426185667514801, 0.1375669687986374, 0.12647323310375214, 0.12259428948163986, 0.11550593376159668, 0.11304997652769089, 0.1127462238073349, 0.1060333177447319]}