{"loss": [0.11141306906938553, 0.10481871664524078, 0.09010545909404755, 0.0787413939833641, 0.07931935042142868, 0.07885748893022537, 0.07399573177099228, 0.07450484484434128, 0.07119540125131607, 0.06777611374855042, 0.06516102701425552, 0.06225312873721123, 0.060657255351543427, 0.06803572177886963, 0.08932256698608398, 0.0756533145904541, 0.06416772305965424, 0.060703158378601074, 0.07098422944545746, 0.05944149196147919, 0.06826972216367722, 0.07710277289152145, 0.07353706657886505, 0.07182303071022034, 0.07011134177446365, 0.07000470906496048, 0.06088331714272499, 0.0575394369661808, 0.05516143888235092, 0.05360550433397293, 0.05173748359084129, 0.0742482990026474, 0.0583440326154232, 0.05008017644286156, 0.04810376837849617, 0.04646655172109604, 0.04552203416824341, 0.044569604098796844, 0.04373162239789963, 0.04695193096995354, 0.04459800198674202, 0.04193291440606117, 0.06043645739555359, 0.05627148225903511, 0.05076581612229347, 0.04932934045791626, 0.05415109544992447, 0.050209321081638336, 0.06523815542459488, 0.09364664554595947, 0.07927952706813812, 0.07761118561029434, 0.06921681016683578, 0.06404726207256317, 0.062272343784570694, 0.06222524866461754, 0.060219865292310715, 0.09181102365255356, 0.0959872230887413, 0.0882740169763565, 0.08131510764360428, 0.07268746197223663], "mae": [0.2269759625196457, 0.20601049065589905, 0.18487341701984406, 0.1579827517271042, 0.15340843796730042, 0.14622817933559418, 0.13958048820495605, 0.14144381880760193, 0.13593369722366333, 0.12840619683265686, 0.12200669199228287, 0.11648579686880112, 0.11335502564907074, 0.11731866002082825, 0.13623525202274323, 0.12929898500442505, 0.11249261349439621, 0.10537420958280563, 0.11595078557729721, 0.1012829840183258, 0.10916224867105484, 0.1179206371307373, 0.10979752987623215, 0.10609699785709381, 0.10381792485713959, 0.11538006365299225, 0.10414713621139526, 0.09837746620178223, 0.09433146566152573, 0.09136859327554703, 0.08815930038690567, 0.10776353627443314, 0.09811197966337204, 0.0912313237786293, 0.08693569153547287, 0.08336211740970612, 0.0812329351902008, 0.07950214296579361, 0.07770611345767975, 0.08110017329454422, 0.08073003590106964, 0.0750555470585823, 0.09627296030521393, 0.09035450220108032, 0.08188613504171371, 0.07848306000232697, 0.08198948204517365, 0.08693301677703857, 0.10055165737867355, 0.13737061619758606, 0.13041970133781433, 0.12167003750801086, 0.10319256782531738, 0.09188880026340485, 0.08820439875125885, 0.08759081363677979, 0.0838848426938057, 0.12373198568820953, 0.14291317760944366, 0.12699982523918152, 0.12009759247303009, 0.10715165734291077], "val_loss": [0.12497038394212723, 0.10869674384593964, 0.08082740753889084, 0.07698957622051239, 0.08434940874576569, 0.07884623110294342, 0.07173208892345428, 0.07319127023220062, 0.07149667292833328, 0.06699877232313156, 0.06367276608943939, 0.06161877512931824, 0.05925564840435982, 0.06373073905706406, 0.08820105344057083, 0.06706751137971878, 0.06056855618953705, 0.059231583029031754, 0.061789944767951965, 0.057734109461307526, 0.08191569149494171, 0.07474493235349655, 0.0722988098859787, 0.07227722555398941, 0.06968539208173752, 0.07672126591205597, 0.05877084657549858, 0.05604357272386551, 0.05333474650979042, 0.05379197373986244, 0.05221471190452576, 0.06399324536323547, 0.0525500550866127, 0.0477619506418705, 0.046440184116363525, 0.04607188701629639, 0.04498034715652466, 0.04332451522350311, 0.04243917390704155, 0.0789981484413147, 0.042155634611845016, 0.04123809188604355, 0.06147497519850731, 0.05332281440496445, 0.05236343294382095, 0.04813144728541374, 0.1412861943244934, 0.04211828485131264, 0.094467394053936, 0.11609233915805817, 0.07006455212831497, 0.07156433910131454, 0.06443512439727783, 0.06356414407491684, 0.06186223030090332, 0.0636410191655159, 0.06011643260717392, 0.10340049117803574, 0.0912516638636589, 0.0857895240187645, 0.0749896839261055, 0.0701189860701561], "val_mae": [0.17911486327648163, 0.2181369662284851, 0.1635855734348297, 0.15285739302635193, 0.15552504360675812, 0.14307138323783875, 0.1381089687347412, 0.14030174911022186, 0.13150085508823395, 0.12593863904476166, 0.11925994604825974, 0.11468492448329926, 0.11267919838428497, 0.10848400741815567, 0.14797841012477875, 0.1165226623415947, 0.10606462508440018, 0.10363427549600601, 0.1074547991156578, 0.09866052865982056, 0.12859131395816803, 0.11251553893089294, 0.10723724216222763, 0.1057969406247139, 0.10528260469436646, 0.12372111529111862, 0.10033822059631348, 0.0946827083826065, 0.09286804497241974, 0.09165128320455551, 0.08814976364374161, 0.09825734794139862, 0.09558545798063278, 0.08856411278247833, 0.08391213417053223, 0.08311554789543152, 0.07907912135124207, 0.07585757970809937, 0.07541050761938095, 0.12722329795360565, 0.07668761163949966, 0.0743701159954071, 0.09695430099964142, 0.08601531386375427, 0.0831390768289566, 0.07656296342611313, 0.15290340781211853, 0.0759393721818924, 0.15193982422351837, 0.16393743455410004, 0.11543300002813339, 0.11082159727811813, 0.09409011155366898, 0.09113657474517822, 0.08677717298269272, 0.08903950452804565, 0.0843564122915268, 0.16006217896938324, 0.13426165282726288, 0.12268640100955963, 0.11172816157341003, 0.10212238878011703]}