{"loss": [0.07450375705957413, 0.05515480786561966, 0.04949048161506653, 0.047030866146087646, 0.04542725160717964, 0.04449040815234184, 0.04350505769252777, 0.04270085319876671, 0.04195452108979225, 0.04145977646112442, 0.04089781269431114, 0.040411945432424545, 0.03984459117054939, 0.0392439030110836, 0.03903218358755112, 0.038641564548015594, 0.03846028074622154, 0.03821852430701256, 0.037887655198574066, 0.03767900541424751, 0.03769335150718689, 0.037396885454654694, 0.03718364238739014, 0.037199318408966064, 0.03689087927341461, 0.03677399456501007, 0.03690207749605179, 0.0366041399538517, 0.036611828953027725, 0.036425694823265076, 0.036459360271692276, 0.03633120283484459, 0.03615210950374603, 0.03600351884961128, 0.0359717421233654, 0.03575815632939339, 0.03580364212393761, 0.035631213337183, 0.035622239112854004, 0.03559475019574165, 0.03558562695980072, 0.035562481731176376, 0.035451099276542664, 0.03499013930559158, 0.03538720682263374, 0.03529778867959976, 0.035110145807266235, 0.03512527048587799, 0.03498590737581253, 0.03508839011192322, 0.03500775992870331, 0.035169124603271484, 0.03477948531508446, 0.03493746742606163], "mae": [0.14821170270442963, 0.10971895605325699, 0.09765970706939697, 0.09279366582632065, 0.089591845870018, 0.08743365854024887, 0.0852929949760437, 0.08369181305170059, 0.08214613050222397, 0.08104530721902847, 0.07994551956653595, 0.07895474880933762, 0.07790759950876236, 0.07658950239419937, 0.07616912573575974, 0.07532662153244019, 0.0750199481844902, 0.07449018210172653, 0.07394572347402573, 0.07334477454423904, 0.07325147837400436, 0.07286348193883896, 0.07265713810920715, 0.07255430519580841, 0.07196064293384552, 0.07178262621164322, 0.0718500018119812, 0.07136500626802444, 0.07134991884231567, 0.07102452218532562, 0.07105916738510132, 0.07075808942317963, 0.07036715000867844, 0.07018698751926422, 0.06998910009860992, 0.06954237818717957, 0.06969232112169266, 0.06937921047210693, 0.06918340921401978, 0.06921089440584183, 0.06894242763519287, 0.06919396668672562, 0.0688704177737236, 0.06809602677822113, 0.06836578249931335, 0.06841879338026047, 0.06806691735982895, 0.06806173920631409, 0.06767641752958298, 0.0678822323679924, 0.06780202686786652, 0.06801102310419083, 0.06751364469528198, 0.06751120090484619], "val_loss": [0.05902663618326187, 0.04904406517744064, 0.04617523401975632, 0.04417411610484123, 0.0423271581530571, 0.04173268750309944, 0.040553051978349686, 0.04023030027747154, 0.03880966827273369, 0.0377330482006073, 0.038338594138622284, 0.03815724700689316, 0.03790013864636421, 0.03695658966898918, 0.03635580465197563, 0.035587381571531296, 0.037376537919044495, 0.03565416857600212, 0.03586169332265854, 0.03716445714235306, 0.03519972041249275, 0.03651009127497673, 0.03473317250609398, 0.035783927887678146, 0.03689057379961014, 0.037602342665195465, 0.03543737158179283, 0.03584541752934456, 0.03546152636408806, 0.037119630724191666, 0.03658708930015564, 0.035656172782182693, 0.03497586399316788, 0.034181058406829834, 0.035191044211387634, 0.03482881188392639, 0.036567311733961105, 0.035912953317165375, 0.03583979606628418, 0.03484577685594559, 0.035770073533058167, 0.034985557198524475, 0.035287387669086456, 0.03507259488105774, 0.036120641976594925, 0.034416742622852325, 0.036038726568222046, 0.036510907113552094, 0.03496285155415535, 0.03493456169962883, 0.0354338064789772, 0.034602090716362, 0.03566638007760048, 0.03600865975022316], "val_mae": [0.11096122860908508, 0.08881119638681412, 0.08162131905555725, 0.0780673623085022, 0.07447174936532974, 0.073918916285038, 0.07101975381374359, 0.07016399502754211, 0.0672566294670105, 0.06774576008319855, 0.06686393171548843, 0.06504005193710327, 0.06422963738441467, 0.06396555155515671, 0.06350718438625336, 0.061723362654447556, 0.06383872032165527, 0.06162299960851669, 0.061082206666469574, 0.062053877860307693, 0.06044807657599449, 0.06197821721434593, 0.059269979596138, 0.0611848346889019, 0.06177464872598648, 0.06372791528701782, 0.060969457030296326, 0.060047633945941925, 0.060119327157735825, 0.06171199679374695, 0.0607929602265358, 0.05963670462369919, 0.05988231301307678, 0.058307498693466187, 0.059283919632434845, 0.05915151163935661, 0.06047937273979187, 0.05982384830713272, 0.05986960232257843, 0.05848820507526398, 0.06013760343194008, 0.05906211957335472, 0.059278398752212524, 0.05892924219369888, 0.05992292985320091, 0.05832478031516075, 0.06048355624079704, 0.06031227856874466, 0.05867932736873627, 0.059232816100120544, 0.05980541557073593, 0.05928879231214523, 0.0590074323117733, 0.06010821461677551]}