{"loss": [0.07251467555761337, 0.054234523326158524, 0.05050947144627571, 0.04807526245713234, 0.046348344534635544, 0.0453060120344162, 0.04436856508255005, 0.0437072217464447, 0.04290374740958214, 0.0423830971121788, 0.04170762002468109, 0.04140329733490944, 0.040638335049152374, 0.04056926071643829, 0.04002300649881363, 0.03972215577960014, 0.03942379727959633, 0.03952303156256676, 0.03911920636892319, 0.03885120525956154, 0.038978032767772675, 0.03848996013402939, 0.03847311809659004, 0.03810565546154976, 0.037976156920194626, 0.037794679403305054, 0.037584565579891205, 0.037606131285429, 0.03735504671931267, 0.03735187277197838, 0.03697403892874718, 0.03727377951145172, 0.03694303706288338, 0.036987870931625366, 0.03653335943818092, 0.03666141629219055, 0.03656085208058357, 0.036349739879369736, 0.037908121943473816, 0.036410339176654816, 0.03659612685441971, 0.03618562966585159, 0.036089468747377396, 0.036074843257665634, 0.03610026836395264, 0.03606266900897026, 0.03606926277279854, 0.03577877953648567, 0.035708073526620865, 0.0358872190117836, 0.03589106351137161, 0.035698916763067245, 0.035739123821258545], "mae": [0.1443144977092743, 0.10744136571884155, 0.10007564723491669, 0.09515655785799026, 0.09123905003070831, 0.0889490395784378, 0.0870743989944458, 0.08572973310947418, 0.08404127508401871, 0.08293113857507706, 0.08158941566944122, 0.08086707442998886, 0.07936490327119827, 0.07917923480272293, 0.07825376838445663, 0.07774421572685242, 0.07688548415899277, 0.0769542008638382, 0.07629302144050598, 0.0757872611284256, 0.07584088295698166, 0.0749627873301506, 0.07492192089557648, 0.07412693649530411, 0.07401607185602188, 0.0735449343919754, 0.07316937297582626, 0.0731901079416275, 0.07264069467782974, 0.0726577416062355, 0.07191313803195953, 0.07253066450357437, 0.07183168828487396, 0.07198440283536911, 0.0709279328584671, 0.07124669849872589, 0.07109077274799347, 0.07063328474760056, 0.07304950803518295, 0.07074321061372757, 0.07092582434415817, 0.07033982872962952, 0.07007168233394623, 0.0698738545179367, 0.06995174288749695, 0.06988319009542465, 0.06997663527727127, 0.06940791010856628, 0.06927645206451416, 0.06955289095640182, 0.06940151005983353, 0.06921857595443726, 0.0692865401506424], "val_loss": [0.054270777851343155, 0.0494128055870533, 0.048689134418964386, 0.04833747074007988, 0.048288751393556595, 0.04605415090918541, 0.048013247549533844, 0.04838002100586891, 0.045641541481018066, 0.0481552816927433, 0.04668431729078293, 0.048189666122198105, 0.047002583742141724, 0.04727225378155708, 0.04336431249976158, 0.04769595339894295, 0.042881812900304794, 0.045562032610177994, 0.04358963668346405, 0.041781578212976456, 0.04369731247425079, 0.04610252380371094, 0.044469572603702545, 0.04382894188165665, 0.04322679340839386, 0.043328944593667984, 0.04454768821597099, 0.04262042045593262, 0.042679645121097565, 0.04126016050577164, 0.042219195514917374, 0.041852932423353195, 0.04023626074194908, 0.042249277234077454, 0.04240230470895767, 0.04262082651257515, 0.04148251563310623, 0.04297614470124245, 0.04256788641214371, 0.042133353650569916, 0.042230118066072464, 0.04372849687933922, 0.04318514093756676, 0.04293801635503769, 0.04181326553225517, 0.041791658848524094, 0.04138897359371185, 0.04281964153051376, 0.042315155267715454, 0.042210135608911514, 0.04303703457117081, 0.04248328134417534, 0.04183945059776306], "val_mae": [0.09851312637329102, 0.08728763461112976, 0.08431434631347656, 0.08159809559583664, 0.07785762846469879, 0.07603171467781067, 0.07727450877428055, 0.0761331245303154, 0.07275346666574478, 0.07612406462430954, 0.07317689061164856, 0.07384149730205536, 0.0736420676112175, 0.07407383620738983, 0.06903689354658127, 0.07365217059850693, 0.06908439844846725, 0.07115224748849869, 0.06931950151920319, 0.06754226982593536, 0.06842616945505142, 0.07174324244260788, 0.07030706107616425, 0.06864453852176666, 0.0678737536072731, 0.06797021627426147, 0.0692332312464714, 0.06750939786434174, 0.06737913936376572, 0.06552739441394806, 0.06668488681316376, 0.06702271103858948, 0.06487566977739334, 0.06721953302621841, 0.06636835634708405, 0.06753487884998322, 0.06509280949831009, 0.0674162358045578, 0.06714855879545212, 0.06662951409816742, 0.06725246459245682, 0.0678325667977333, 0.0681178942322731, 0.06794997304677963, 0.066522978246212, 0.06614720821380615, 0.06574437767267227, 0.0671105608344078, 0.06646811217069626, 0.0663098692893982, 0.06851257383823395, 0.06708133965730667, 0.06618708372116089]}