{"loss": [0.12269943952560425, 0.11661053448915482, 0.10418280214071274, 0.10013587027788162, 0.08623974770307541, 0.09576929360628128, 0.0889006108045578, 0.0774613544344902, 0.09472871571779251, 0.09971141070127487, 0.08095769584178925, 0.06842140853404999, 0.06684400886297226, 0.06128086894750595, 0.060729287564754486, 0.05709557980298996, 0.055187176913022995, 0.052899572998285294, 0.05104341357946396, 0.049645744264125824, 0.04852575808763504, 0.04664207622408867, 0.04512569308280945, 0.0440337136387825, 0.04300367832183838, 0.04210531339049339, 0.041236840188503265, 0.0416368767619133, 0.039747122675180435, 0.039101675152778625, 0.03859740123152733, 0.037995193153619766, 0.03744511678814888, 0.03695317730307579, 0.036459535360336304, 0.03618064895272255, 0.03562239184975624, 0.03545669838786125, 0.03530438616871834, 0.034883491694927216, 0.034365952014923096, 0.03384122624993324, 0.03475678712129593, 0.033265162259340286, 0.03243688493967056, 0.031860463321208954, 0.03151615709066391, 0.031055597588419914, 0.03081267513334751, 0.03053365834057331, 0.030328039079904556, 0.03150314837694168, 0.030432729050517082, 0.029695238918066025, 0.029119281098246574, 0.029373405501246452, 0.030017925426363945, 0.028345705941319466, 0.028137486428022385, 0.027871286496520042, 0.027456102892756462, 0.027208173647522926, 0.02712644450366497, 0.026556815952062607, 0.0264371819794178, 0.02619324065744877, 0.025859087705612183, 0.025594625622034073, 0.02540818601846695, 0.025191696360707283, 0.024942342191934586, 0.024740198627114296, 0.02450604923069477, 0.024228470399975777, 0.02439119853079319, 0.024140147492289543, 0.023869307711720467, 0.029925523325800896, 0.07131072133779526, 0.05468226596713066, 0.04432648792862892, 0.04027559608221054, 0.03676769509911537, 0.03492274135351181, 0.03347606956958771, 0.032342713326215744, 0.03189251199364662, 0.030822720378637314, 0.03035905957221985, 0.029927847906947136, 0.02927897498011589, 0.028807517141103745, 0.02836347557604313, 0.028004072606563568, 0.02809344045817852, 0.027514318004250526, 0.02704891748726368, 0.026964616030454636, 0.026572400704026222, 0.030530860647559166, 0.026750577613711357, 0.02570444345474243, 0.025418872013688087, 0.025094404816627502, 0.024701669812202454, 0.024565543979406357, 0.024324672296643257, 0.024698972702026367, 0.0239905696362257, 0.02416061796247959, 0.023646017536520958, 0.023757372051477432, 0.023195626214146614], "mae": [0.24623900651931763, 0.23664584755897522, 0.21522708237171173, 0.1952802687883377, 0.17077361047267914, 0.19048771262168884, 0.1751561015844345, 0.15375198423862457, 0.17974424362182617, 0.19060707092285156, 0.1563098430633545, 0.1342984437942505, 0.12867750227451324, 0.1194237545132637, 0.11711612343788147, 0.11057767271995544, 0.10651285946369171, 0.1019526794552803, 0.09797334671020508, 0.09499503672122955, 0.09266672283411026, 0.09002002328634262, 0.08727680146694183, 0.08512288331985474, 0.08332396298646927, 0.08166191726922989, 0.08000245690345764, 0.08012006431818008, 0.07700604945421219, 0.07556053251028061, 0.07440191507339478, 0.07329375296831131, 0.07203003019094467, 0.07105888426303864, 0.0699312686920166, 0.06934826821088791, 0.0682431310415268, 0.06774566322565079, 0.06739450991153717, 0.0665564090013504, 0.0657973513007164, 0.06488475948572159, 0.06595218181610107, 0.06403159350156784, 0.06368006765842438, 0.06302929669618607, 0.06239377334713936, 0.061353620141744614, 0.06087302789092064, 0.06030431017279625, 0.059850890189409256, 0.06154156103730202, 0.06003175303339958, 0.059018686413764954, 0.05781179293990135, 0.05788647383451462, 0.05881354585289955, 0.056243035942316055, 0.05572494491934776, 0.05527092143893242, 0.054406117647886276, 0.053928256034851074, 0.05362652242183685, 0.05265958234667778, 0.05223151668906212, 0.05175839737057686, 0.051110804080963135, 0.0504455640912056, 0.050091225653886795, 0.04965684190392494, 0.049180448055267334, 0.04879562929272652, 0.04842628911137581, 0.04778921976685524, 0.047905467450618744, 0.047535404562950134, 0.046891044825315475, 0.054197441786527634, 0.1286289095878601, 0.10480737686157227, 0.08461089432239532, 0.07493437081575394, 0.06805336475372314, 0.06444568932056427, 0.06160026416182518, 0.059073589742183685, 0.05795211344957352, 0.0560871846973896, 0.05491721257567406, 0.05389246717095375, 0.05270146578550339, 0.05191415548324585, 0.05094291269779205, 0.05019187554717064, 0.05011618137359619, 0.049187298864126205, 0.04819454997777939, 0.04795381426811218, 0.04722762107849121, 0.05120394751429558, 0.04737905412912369, 0.046127598732709885, 0.04566009342670441, 0.04515808820724487, 0.04444515332579613, 0.0440569743514061, 0.043563928455114365, 0.043922148644924164, 0.042855359613895416, 0.042968250811100006, 0.04215499386191368, 0.041982248425483704, 0.04120936617255211], "val_loss": [0.11846888065338135, 0.11366923153400421, 0.11158564686775208, 0.11705008894205093, 0.07969308644533157, 0.09454462677240372, 0.08294187486171722, 0.07168789952993393, 0.10665863752365112, 0.08803831785917282, 0.07452380657196045, 0.0662437304854393, 0.0629320815205574, 0.06087362766265869, 0.06153278797864914, 0.05842156708240509, 0.053555749356746674, 0.050662919878959656, 0.05402892082929611, 0.05088318511843681, 0.048955757170915604, 0.04816224053502083, 0.05224471166729927, 0.04944566264748573, 0.04624412581324577, 0.04282158240675926, 0.04184935986995697, 0.041157908737659454, 0.04100717604160309, 0.04126397520303726, 0.044829580932855606, 0.04085113853216171, 0.04142710566520691, 0.040352120995521545, 0.041476476937532425, 0.03804415464401245, 0.04017718881368637, 0.03852441906929016, 0.04014110937714577, 0.0352865606546402, 0.03647417947649956, 0.03628235682845116, 0.03691353648900986, 0.04390977323055267, 0.03644546493887901, 0.0347457155585289, 0.03473193198442459, 0.03387312591075897, 0.03282632306218147, 0.03505420312285423, 0.03290189057588577, 0.03410005196928978, 0.04362231120467186, 0.03287104144692421, 0.032163552939891815, 0.03305352106690407, 0.03187425434589386, 0.03133654221892357, 0.03090350329875946, 0.030358748510479927, 0.03238736465573311, 0.03293514624238014, 0.029709193855524063, 0.028694583103060722, 0.02958698570728302, 0.031635016202926636, 0.03073815628886223, 0.029935861006379128, 0.030951280146837234, 0.029947074130177498, 0.027980951592326164, 0.0329471156001091, 0.027009226381778717, 0.0291824359446764, 0.028037656098604202, 0.030369171872735023, 0.02713119238615036, 0.0858115404844284, 0.06462402641773224, 0.04855920746922493, 0.04186480864882469, 0.042652957141399384, 0.03710350766777992, 0.03699870407581329, 0.03673413395881653, 0.035853851586580276, 0.035181786864995956, 0.03297293558716774, 0.03433343768119812, 0.03148350119590759, 0.030942941084504128, 0.031134318560361862, 0.032745361328125, 0.030992288142442703, 0.032319653779268265, 0.030786732211709023, 0.03022039867937565, 0.031979773193597794, 0.031245023012161255, 0.02994973585009575, 0.030829185619950294, 0.03016595169901848, 0.03043358214199543, 0.030806418508291245, 0.02857876755297184, 0.031119074672460556, 0.027628082782030106, 0.029024681076407433, 0.02826312556862831, 0.028949322178959846, 0.03007316403090954, 0.02932998165488243, 0.02913229912519455],