{"loss": [0.07352858781814575, 0.05415262281894684, 0.05001252889633179, 0.04794049635529518, 0.04608551040291786, 0.04519401118159294, 0.04427125304937363, 0.043495211750268936, 0.04288244619965553, 0.042789869010448456, 0.04220641031861305, 0.042077235877513885, 0.041535474359989166, 0.04104836285114288, 0.04078052192926407, 0.04062189906835556, 0.04031829908490181, 0.0400538444519043, 0.03995898365974426, 0.0395527184009552, 0.03913475573062897, 0.03900095820426941, 0.03876464068889618, 0.03863352909684181, 0.03848819062113762, 0.03836027532815933, 0.03844401612877846, 0.037969984114170074, 0.037892505526542664, 0.03781706839799881, 0.03771626204252243, 0.037610262632369995, 0.037406668066978455, 0.0373644083738327, 0.037174686789512634, 0.03842617943882942, 0.037184957414865494, 0.036996908485889435, 0.03687373548746109, 0.036903172731399536, 0.03677656501531601, 0.0366397388279438], "mae": [0.1476786732673645, 0.10812755674123764, 0.0996701717376709, 0.09513455629348755, 0.09136485308408737, 0.08927207440137863, 0.08739020675420761, 0.08564183861017227, 0.08437813818454742, 0.08401095867156982, 0.08285089582204819, 0.08244780451059341, 0.08144654333591461, 0.08050040155649185, 0.0798783004283905, 0.07955721765756607, 0.078901506960392, 0.07833432406187057, 0.07797110825777054, 0.07743775844573975, 0.07646405696868896, 0.07604137808084488, 0.0755872055888176, 0.07529881596565247, 0.0749623030424118, 0.07480720430612564, 0.07475126534700394, 0.07411663234233856, 0.07380443066358566, 0.07371564209461212, 0.073328897356987, 0.07324197888374329, 0.072817362844944, 0.07266242802143097, 0.07214482873678207, 0.07401693612337112, 0.07245028018951416, 0.07183855772018433, 0.07163223624229431, 0.07165797799825668, 0.07136794179677963, 0.07108907401561737], "val_loss": [0.056973353028297424, 0.054107341915369034, 0.05815562233328819, 0.05263036489486694, 0.04626939073204994, 0.045666616410017014, 0.04485390707850456, 0.04470542073249817, 0.04333339259028435, 0.04311118274927139, 0.043944329023361206, 0.042402271181344986, 0.04252307116985321, 0.04351183399558067, 0.04205052927136421, 0.04285673052072525, 0.04373800382018089, 0.04181457683444023, 0.04171433672308922, 0.041923269629478455, 0.04077417775988579, 0.041371386498212814, 0.04155151918530464, 0.04125596210360527, 0.04158525541424751, 0.040843114256858826, 0.0403786338865757, 0.040792301297187805, 0.04072321578860283, 0.04067857936024666, 0.04278881475329399, 0.03951767832040787, 0.04062521457672119, 0.04245304316282272, 0.04150036722421646, 0.04106788709759712, 0.041339363902807236, 0.04178382828831673, 0.04159292206168175, 0.0402035266160965, 0.04083660617470741, 0.04090374708175659], "val_mae": [0.1027190163731575, 0.09810281544923782, 0.0994243398308754, 0.09005127102136612, 0.08159685134887695, 0.07936691492795944, 0.07738330215215683, 0.0767635926604271, 0.07421104609966278, 0.07410315424203873, 0.0740041732788086, 0.07217492908239365, 0.0711442083120346, 0.07114220410585403, 0.06997117400169373, 0.07103195786476135, 0.07221811264753342, 0.0688052549958229, 0.06994617730379105, 0.07046638429164886, 0.06772530823945999, 0.06860066950321198, 0.06891580671072006, 0.0675206184387207, 0.06856496632099152, 0.06720313429832458, 0.06750649213790894, 0.06737813353538513, 0.06670945882797241, 0.06800972670316696, 0.06822394579648972, 0.06559218466281891, 0.06664814800024033, 0.06894803047180176, 0.0685570016503334, 0.06710592657327652, 0.06608542799949646, 0.06807804852724075, 0.0673600360751152, 0.06617315113544464, 0.06553702056407928, 0.06551788002252579]}