{"loss": [0.07459653168916702, 0.05771782994270325, 0.052220460027456284, 0.04937173053622246, 0.04734114184975624, 0.045818619430065155, 0.04474872350692749, 0.043612122535705566, 0.042875148355960846, 0.042438581585884094, 0.04184335097670555, 0.04140469804406166, 0.04107583314180374, 0.04075782373547554, 0.04025314748287201, 0.03988982364535332, 0.03958763927221298, 0.039323266595602036, 0.03918103128671646, 0.03882453963160515, 0.03862334415316582, 0.03831126540899277, 0.03823971748352051, 0.03801150247454643, 0.037960585206747055, 0.03764038905501366, 0.03734621778130531, 0.03718551993370056, 0.037003207951784134, 0.037092696875333786, 0.036782264709472656, 0.03667087480425835, 0.03652476519346237, 0.03627796471118927, 0.036325786262750626, 0.03613308444619179, 0.03592624515295029, 0.035832908004522324, 0.03570881113409996, 0.03564963862299919, 0.03544432669878006, 0.0357423834502697, 0.03531443700194359, 0.035303156822919846, 0.03512796759605408, 0.035016365349292755, 0.03495963662862778, 0.03489905595779419, 0.03469481319189072, 0.03462677448987961, 0.03459742292761803, 0.03441278636455536, 0.03442487120628357, 0.034573256969451904, 0.03427165374159813, 0.03425651043653488, 0.03405682370066643, 0.03395819291472435, 0.034126438200473785], "mae": [0.14955732226371765, 0.11494071036577225, 0.10405047237873077, 0.09817157685756683, 0.09408026188611984, 0.09056341648101807, 0.08797381073236465, 0.08589676022529602, 0.08428365737199783, 0.08334729075431824, 0.08219907432794571, 0.0810358002781868, 0.08037298172712326, 0.07980645447969437, 0.07875865697860718, 0.07797423750162125, 0.07731790095567703, 0.07667218893766403, 0.07642097026109695, 0.07568245381116867, 0.0751708447933197, 0.07452976703643799, 0.0744955763220787, 0.07394762337207794, 0.07375694811344147, 0.07325092703104019, 0.0726911798119545, 0.07230465114116669, 0.07179445028305054, 0.07198430597782135, 0.0714331567287445, 0.07125172764062881, 0.07091798633337021, 0.07036329060792923, 0.0704188123345375, 0.07002701610326767, 0.06957778334617615, 0.0695141851902008, 0.06920987367630005, 0.06902031600475311, 0.06861750036478043, 0.06917630136013031, 0.06837249547243118, 0.06836794316768646, 0.06796006113290787, 0.06761385500431061, 0.06754246354103088, 0.06734801083803177, 0.0670037716627121, 0.06694371998310089, 0.06678009778261185, 0.06654134392738342, 0.06646555662155151, 0.06656033545732498, 0.06608514487743378, 0.06611622124910355, 0.06565126031637192, 0.06562262773513794, 0.06580677628517151], "val_loss": [0.06272291392087936, 0.05302068591117859, 0.05042701214551926, 0.04597774147987366, 0.045014042407274246, 0.04219960421323776, 0.04204434156417847, 0.04023653641343117, 0.041832610964775085, 0.04060572385787964, 0.03927752748131752, 0.03815282881259918, 0.03971582651138306, 0.03815429285168648, 0.03700631856918335, 0.038906700909137726, 0.038072217255830765, 0.038811519742012024, 0.03835653141140938, 0.036601051688194275, 0.037866104394197464, 0.03616334870457649, 0.03591717407107353, 0.03723863884806633, 0.03616735339164734, 0.03749661147594452, 0.03620060905814171, 0.035121846944093704, 0.03504947945475578, 0.03541608899831772, 0.03520676866173744, 0.035317812114953995, 0.03477661311626434, 0.035034459084272385, 0.0345454178750515, 0.035720016807317734, 0.034549400210380554, 0.03517591953277588, 0.03478262200951576, 0.0348791778087616, 0.034319981932640076, 0.03480129316449165, 0.03364703804254532, 0.034562256187200546, 0.03505400940775871, 0.03480285033583641, 0.03469796106219292, 0.03336209058761597, 0.033352456986904144, 0.03445128723978996, 0.0346175879240036, 0.034841012209653854, 0.03491051867604256, 0.034481268376111984, 0.0339442677795887, 0.03404415398836136, 0.034475311636924744, 0.03371509537100792, 0.03374582529067993], "val_mae": [0.11056475341320038, 0.093574658036232, 0.08917396515607834, 0.08253099024295807, 0.08057152479887009, 0.07605987042188644, 0.0743945837020874, 0.07147465646266937, 0.07254564017057419, 0.07071138918399811, 0.06811700761318207, 0.06798450648784637, 0.06859277933835983, 0.06627346575260162, 0.06490062177181244, 0.06652212142944336, 0.0660000741481781, 0.0666024312376976, 0.0660644993185997, 0.06420193612575531, 0.06489614397287369, 0.06179437041282654, 0.061504513025283813, 0.06280777603387833, 0.06211690604686737, 0.06353231519460678, 0.06138893961906433, 0.06103542074561119, 0.060053832828998566, 0.05994720757007599, 0.06021209433674812, 0.058928512036800385, 0.05888628587126732, 0.060119543224573135, 0.05869762599468231, 0.06018573418259621, 0.05948895961046219, 0.059044744819402695, 0.058253638446331024, 0.05863948538899422, 0.05836709961295128, 0.05812970921397209, 0.0577394925057888, 0.05784381553530693, 0.05827344208955765, 0.05742703750729561, 0.058194003999233246, 0.05687923729419708, 0.05620458349585533, 0.05789491906762123, 0.058889228850603104, 0.057847924530506134, 0.05766674876213074, 0.057612769305706024, 0.05707584694027901, 0.05646107345819473, 0.056998636573553085, 0.05585941672325134, 0.05640657991170883]}