{"loss": [0.07848374545574188, 0.058116715401411057, 0.05290240794420242, 0.049329258501529694, 0.04683753103017807, 0.04492819681763649, 0.04380228370428085, 0.043013956397771835, 0.042106613516807556, 0.04162061586976051, 0.04111702740192413, 0.040494468063116074, 0.040220171213150024, 0.03998948633670807, 0.03954235091805458, 0.039245493710041046, 0.03906191512942314, 0.038796450942754745, 0.03864499554038048, 0.03855696693062782, 0.03817542642354965, 0.0380595400929451, 0.03785541653633118, 0.037722326815128326, 0.03760012239217758, 0.037578653544187546, 0.03738894313573837, 0.03720645606517792, 0.036974772810935974, 0.036883410066366196, 0.03679414466023445, 0.03660821169614792, 0.03645965829491615, 0.03659753128886223, 0.03635239601135254, 0.036115873605012894, 0.03612549602985382, 0.03607018664479256, 0.035928305238485336, 0.03566785529255867, 0.03573177382349968, 0.03579346463084221, 0.03568539395928383, 0.0355968102812767, 0.03552507236599922, 0.03541361540555954, 0.03515356034040451, 0.03559141606092453, 0.035127706825733185, 0.035152945667505264, 0.03500249236822128, 0.03506797179579735], "mae": [0.1566946804523468, 0.11523672193288803, 0.105486199259758, 0.09833356738090515, 0.09302522987127304, 0.0887814313173294, 0.0863804817199707, 0.08465595543384552, 0.08276344835758209, 0.08156762272119522, 0.08041007816791534, 0.07914617657661438, 0.0786885917186737, 0.07795616239309311, 0.07715607434511185, 0.0765235647559166, 0.07602328807115555, 0.07552596181631088, 0.07526352256536484, 0.07499241083860397, 0.07437573373317719, 0.07410569489002228, 0.07355525344610214, 0.07325088232755661, 0.07308153063058853, 0.07299055904150009, 0.07262397557497025, 0.07225370407104492, 0.07176290452480316, 0.0715574398636818, 0.07154133170843124, 0.0710134506225586, 0.07078668475151062, 0.0709301233291626, 0.07061126828193665, 0.06985592097043991, 0.06988777220249176, 0.06970329582691193, 0.06960896402597427, 0.06910398602485657, 0.069090336561203, 0.06931447982788086, 0.06891366094350815, 0.06863533705472946, 0.06878528743982315, 0.06838459521532059, 0.06806761026382446, 0.06855287402868271, 0.0680168867111206, 0.06792505830526352, 0.06766500324010849, 0.06771925836801529], "val_loss": [0.0627388134598732, 0.05333096161484718, 0.04959064722061157, 0.049045659601688385, 0.04365675523877144, 0.04466601461172104, 0.04375351592898369, 0.0429454930126667, 0.040360938757658005, 0.04100770130753517, 0.04028064385056496, 0.04123743623495102, 0.041145652532577515, 0.04129565507173538, 0.04178367555141449, 0.040778130292892456, 0.037725791335105896, 0.038999564945697784, 0.03960349038243294, 0.03877069056034088, 0.03798322752118111, 0.03904946520924568, 0.039364032447338104, 0.03912361338734627, 0.037014152854681015, 0.03905733302235603, 0.040226008743047714, 0.0373699814081192, 0.039574749767780304, 0.03869185969233513, 0.0392073355615139, 0.038937199860811234, 0.04013853892683983, 0.03683987632393837, 0.03855724632740021, 0.038794536143541336, 0.038482438772916794, 0.03830922022461891, 0.03699955716729164, 0.03768318146467209, 0.038074709475040436, 0.036739908158779144, 0.038157228380441666, 0.037387121468782425, 0.037255000323057175, 0.03772873431444168, 0.03733484819531441, 0.03885972499847412, 0.039150021970272064, 0.036913465708494186, 0.03938974067568779, 0.03729630634188652], "val_mae": [0.11668386310338974, 0.09712449461221695, 0.09085661172866821, 0.08507847040891647, 0.076959989964962, 0.07697831839323044, 0.07447289675474167, 0.0726461187005043, 0.06914250552654266, 0.0700373575091362, 0.06815047562122345, 0.06879366934299469, 0.06812053173780441, 0.06807886064052582, 0.06869108229875565, 0.06766088306903839, 0.06476447731256485, 0.06532596051692963, 0.06526436656713486, 0.06486472487449646, 0.06341321021318436, 0.06458687037229538, 0.06509146839380264, 0.06467051059007645, 0.062300700694322586, 0.06370645761489868, 0.06540881097316742, 0.06209373474121094, 0.0645376592874527, 0.06460705399513245, 0.06520219892263412, 0.0640781968832016, 0.06546929478645325, 0.0624634250998497, 0.06297928094863892, 0.0625687912106514, 0.06269579380750656, 0.062438350170850754, 0.0616879016160965, 0.06159953027963638, 0.06182006001472473, 0.06042492762207985, 0.06205063685774803, 0.06104819104075432, 0.061121173202991486, 0.06241645663976669, 0.06053636223077774, 0.06304417550563812, 0.06307864189147949, 0.060883376747369766, 0.0634206235408783, 0.06113840639591217]}