{"loss": [0.10216405242681503, 0.0844036340713501, 0.07404444366693497, 0.07200662791728973, 0.061675749719142914, 0.06552303582429886, 0.055416591465473175, 0.06626235693693161, 0.09617246687412262, 0.08162452280521393, 0.06577198952436447, 0.05836161971092224, 0.05616157501935959, 0.07642094045877457, 0.06067916750907898, 0.05508846417069435, 0.04977816343307495, 0.046884793788194656, 0.0746762827038765, 0.08263153582811356, 0.06903795152902603, 0.06209553778171539, 0.0570320226252079, 0.05285017937421799, 0.049817852675914764, 0.08700589835643768, 0.08436429500579834, 0.06734973937273026, 0.05694622918963432, 0.048091400414705276, 0.04255536571145058, 0.03915473818778992, 0.03645865246653557, 0.03703046217560768, 0.03543839603662491, 0.03252701461315155, 0.03136015683412552, 0.030843302607536316, 0.029525035992264748, 0.029041210189461708, 0.030134260654449463, 0.034351978451013565, 0.027240227907896042, 0.026506973430514336, 0.026191532611846924, 0.026084603741765022, 0.026556702330708504, 0.025073250755667686, 0.025098545476794243, 0.024226371198892593, 0.024657126516103745, 0.02351619489490986, 0.02298532985150814, 0.02275807224214077, 0.024616962298750877, 0.026396367698907852, 0.0695759728550911, 0.08049289882183075, 0.061770468950271606, 0.06251305341720581, 0.098689965903759, 0.079957515001297, 0.0642419159412384, 0.06048490107059479, 0.07467423379421234, 0.05683194845914841, 0.050531867891550064, 0.046860985457897186, 0.043928373605012894, 0.051780831068754196, 0.08695116639137268, 0.08069682866334915, 0.049668267369270325, 0.04442576318979263, 0.08172919601202011, 0.06874670833349228, 0.08262694627046585, 0.06474856287240982, 0.06843622028827667, 0.09461641311645508, 0.0696893259882927, 0.055450696498155594, 0.08454925566911697, 0.06543130427598953], "mae": [0.20588529109954834, 0.1635437309741974, 0.14620143175125122, 0.14791710674762726, 0.12388817220926285, 0.1314157247543335, 0.11248728632926941, 0.12816886603832245, 0.18724076449871063, 0.16608138382434845, 0.13496564328670502, 0.119526207447052, 0.11364752054214478, 0.15309500694274902, 0.12046106159687042, 0.11116226762533188, 0.10137277841567993, 0.09495121985673904, 0.14847736060619354, 0.16444987058639526, 0.13893218338489532, 0.12093865126371384, 0.11043614894151688, 0.10413356870412827, 0.09694342315196991, 0.1689319908618927, 0.1673872470855713, 0.12893584370613098, 0.11007391661405563, 0.09272458404302597, 0.08133673667907715, 0.07472624629735947, 0.06919661909341812, 0.06898968666791916, 0.06726936250925064, 0.061202023178339005, 0.05878474563360214, 0.05743802338838577, 0.05491721257567406, 0.054127927869558334, 0.05448588728904724, 0.06456376612186432, 0.051266130059957504, 0.0494622141122818, 0.048684123903512955, 0.048392876982688904, 0.049255453050136566, 0.04641057178378105, 0.046504005789756775, 0.04470893368124962, 0.04550986364483833, 0.04338740557432175, 0.04244748875498772, 0.04190661013126373, 0.04542307183146477, 0.04889954999089241, 0.12324891239404678, 0.15752828121185303, 0.12385377287864685, 0.1126110777258873, 0.19320571422576904, 0.1500079333782196, 0.11753769218921661, 0.10962574928998947, 0.1356971114873886, 0.10499832034111023, 0.09320852160453796, 0.08544695377349854, 0.07952431589365005, 0.09289142489433289, 0.16197867691516876, 0.14981088042259216, 0.093408964574337, 0.08203884959220886, 0.15913799405097961, 0.13852128386497498, 0.15572813153266907, 0.11577951908111572, 0.12577968835830688, 0.1920458972454071, 0.1356387734413147, 0.11041082441806793, 0.16446703672409058, 0.11917717754840851], "val_loss": [0.08176139742136002, 0.0757305845618248, 0.11497387290000916, 0.06357985734939575, 0.05986176058650017, 0.05944068729877472, 0.0529804602265358, 0.08341888338327408, 0.09551732242107391, 0.06478037685155869, 0.060052670538425446, 0.05478281527757645, 0.054173704236745834, 0.06833183020353317, 0.05574440956115723, 0.05164816230535507, 0.048156313598155975, 0.04425959661602974, 0.09119334816932678, 0.07430148869752884, 0.06721263378858566, 0.058641500771045685, 0.057640984654426575, 0.05335845425724983, 0.04761712998151779, 0.10037478804588318, 0.07000669091939926, 0.06462368369102478, 0.055208150297403336, 0.04398550093173981, 0.040521830320358276, 0.037292174994945526, 0.034404147416353226, 0.04502059519290924, 0.03419919312000275, 0.03232617303729057, 0.03191322833299637, 0.032151784747838974, 0.03059558942914009, 0.028038639575242996, 0.07779334485530853, 0.028005806729197502, 0.02719387225806713, 0.027150003239512444, 0.02600572071969509, 0.028126820921897888, 0.02694871462881565, 0.025957057252526283, 0.026189088821411133, 0.025537792593240738, 0.025950010865926743, 0.02559775486588478, 0.024828961119055748, 0.024367576465010643, 0.025384200736880302, 0.024935822933912277, 0.0995793268084526, 0.08478033542633057, 0.05884433910250664, 0.12234774976968765, 0.08100567758083344, 0.06910156458616257, 0.060127004981040955, 0.058619093149900436, 0.06346464902162552, 0.05580319091677666, 0.04871322959661484, 0.04480701684951782, 0.041765566915273666, 0.11556623131036758, 0.14349710941314697, 0.05482238903641701, 0.04689991846680641, 0.04637830704450607, 0.06465959548950195, 0.1012614518404007, 0.06698678433895111, 0.05915948748588562, 0.11598735302686691, 0.08296684175729752, 0.06127169355750084, 0.057148538529872894, 0.08180490881204605, 0.05753152072429657], "val_mae": [0.1579902470111847, 0.14727380871772766, 0.19397607445716858, 0.1299508512020111, 0.12051499634981155, 0.12125459313392639, 0.10581179708242416, 0.1754506677389145, 0.19843222200870514, 0.1343497931957245, 0.12431598454713821, 0.11463917791843414, 0.10785770416259766, 0.14164599776268005, 0.11312571913003922, 0.10285353660583496, 0.09841825813055038, 0.09095776826143265, 0.18753582239151, 0.15204153954982758, 0.1330834925174713, 0.1170043870806694, 0.11173800379037857, 0.10119813680648804, 0.09300550818443298, 0.20304100215435028, 0.1360776573419571, 0.12428955733776093, 0.10873012244701385, 0.085608571767807, 0.07911328971385956, 0.07119588553905487, 0.06687122583389282, 0.083346888422966, 0.06452493369579315, 0.05908963456749916, 0.057379912585020065, 0.059502433985471725, 0.055607132613658905, 0.05222177878022194, 0.11544904857873917, 0.05301029235124588, 0.05084609612822533, 0.05013785511255264, 0.04822796583175659, 0.04996328800916672, 0.04907570406794548, 0.04699264466762543, 0.04770588502287865, 0.04613139107823372, 0.04567810520529747, 0.04513462632894516, 0.04411090910434723, 0.04350372403860092, 0.046641748398542404, 0.04602094739675522, 0.19178606569766998, 0.1680465191602707, 0.11089398711919785, 0.23427212238311768, 0.15961281955242157, 0.12793689966201782, 0.11045621335506439, 0.10421451181173325, 0.11646735668182373, 0.10031639784574509, 0.09082900732755661, 0.08055850118398666, 0.07608010619878769, 0.2166234850883484, 0.151342511177063, 0.1046999841928482, 0.08502380549907684, 0.08275285363197327, 0.13547657430171967, 0.2014857977628708, 0.11502692103385925, 0.10483373701572418, 0.24055582284927368, 0.1705327033996582, 0.11870680749416351, 0.10699038207530975, 0.15087319910526276, 0.09810113906860352]}