{"loss": [0.12291761487722397, 0.11555422842502594, 0.10449082404375076, 0.09217863529920578, 0.0838545635342598, 0.07805340737104416, 0.0752183347940445, 0.07263986021280289, 0.08549891412258148, 0.10108532756567001, 0.08426062017679214, 0.07474205642938614, 0.07294722646474838, 0.08291326463222504, 0.09075775742530823, 0.10808844864368439, 0.09520146250724792, 0.08606880903244019, 0.08177432417869568, 0.07814916223287582, 0.0726151242852211, 0.06895481795072556, 0.06408235430717468, 0.062200453132390976, 0.05926835909485817, 0.059215299785137177, 0.055421147495508194, 0.05349193140864372, 0.052155572921037674, 0.05122459679841995, 0.0536639429628849, 0.052627842873334885, 0.04844299703836441, 0.04693664237856865, 0.04535873234272003, 0.04619891196489334, 0.04436304792761803, 0.042999181896448135, 0.041881851851940155, 0.04227656498551369, 0.04069390147924423, 0.04278787225484848, 0.040214765816926956, 0.039851684123277664, 0.03871356323361397, 0.03787754476070404, 0.04202134534716606, 0.038704756647348404, 0.03808053582906723, 0.037370942533016205, 0.03623374551534653, 0.03606420382857323, 0.03542324900627136, 0.035238683223724365, 0.0345277413725853, 0.034150730818510056, 0.034577447921037674, 0.03369496762752533, 0.05523698776960373, 0.03569028526544571, 0.04299412667751312, 0.039943594485521317, 0.049535639584064484, 0.04541553929448128, 0.03788245841860771, 0.03747288137674332, 0.036908142268657684, 0.036476075649261475, 0.037227049469947815, 0.03611745685338974, 0.03553130477666855, 0.0348532535135746, 0.03147817775607109, 0.031127337366342545, 0.035928402096033096, 0.03074806183576584, 0.029529377818107605, 0.03225591406226158, 0.028987186029553413, 0.028724929317831993, 0.02845511958003044, 0.02963174879550934, 0.0659264475107193, 0.060051266103982925, 0.07117053866386414, 0.0565340481698513, 0.04806084185838699, 0.04601578786969185, 0.03600635007023811, 0.03370695933699608, 0.033731453120708466, 0.03184231370687485, 0.031011059880256653, 0.043856069445610046, 0.04077574610710144, 0.039610013365745544, 0.057249024510383606, 0.04834778606891632], "mae": [0.2471303939819336, 0.23568537831306458, 0.21961753070354462, 0.19146868586540222, 0.1694195568561554, 0.15702670812606812, 0.15140381455421448, 0.14650148153305054, 0.15912750363349915, 0.18473869562149048, 0.17215341329574585, 0.15037396550178528, 0.14687439799308777, 0.16160285472869873, 0.16592533886432648, 0.20836304128170013, 0.19122883677482605, 0.1740388125181198, 0.1642804741859436, 0.15753869712352753, 0.1467241644859314, 0.1408238559961319, 0.1308898627758026, 0.1258441060781479, 0.12038235366344452, 0.11962215602397919, 0.1133856400847435, 0.10983102768659592, 0.10715775936841965, 0.10468119382858276, 0.10695960372686386, 0.1052347794175148, 0.09965552389621735, 0.0958377867937088, 0.09260406345129013, 0.09276898205280304, 0.08993575721979141, 0.08732088655233383, 0.08519788831472397, 0.08497265726327896, 0.08271576464176178, 0.08420134335756302, 0.08111640065908432, 0.08022822439670563, 0.07859732955694199, 0.07711561024188995, 0.08224702626466751, 0.07878878712654114, 0.0770699605345726, 0.0756656676530838, 0.07373971492052078, 0.07308673858642578, 0.07197657227516174, 0.07129867374897003, 0.07012197375297546, 0.06916575878858566, 0.06931737065315247, 0.067947618663311, 0.0950491726398468, 0.07275446504354477, 0.07925660163164139, 0.0740770474076271, 0.08420596271753311, 0.08100760728120804, 0.06913699954748154, 0.06812319159507751, 0.067008376121521, 0.06634734570980072, 0.06713725626468658, 0.06589662283658981, 0.06479351967573166, 0.06399234384298325, 0.06152113154530525, 0.0605105422437191, 0.06593633443117142, 0.06009465083479881, 0.05952521786093712, 0.06205273047089577, 0.05816694349050522, 0.05748187378048897, 0.05686293914914131, 0.05809086188673973, 0.10414493829011917, 0.10112057626247406, 0.11620327830314636, 0.09546127915382385, 0.08035889267921448, 0.07882276177406311, 0.06839144974946976, 0.06330958753824234, 0.06251178681850433, 0.059724047780036926, 0.05859306454658508, 0.07330989092588425, 0.0726265162229538, 0.07082930207252502, 0.08938097953796387, 0.0851447805762291], "val_loss": [0.11990118771791458, 0.10723958164453506, 0.09603996574878693, 0.07850054651498795, 0.0756143257021904, 0.07313278317451477, 0.07265488803386688, 0.06990357488393784, 0.06947862356901169, 0.07681623846292496, 0.07386530935764313, 0.07069864869117737, 0.06821588426828384, 0.06856487691402435, 0.11836303770542145, 0.10901357233524323, 0.08112450689077377, 0.08066024631261826, 0.07455729693174362, 0.06719820946455002, 0.07197566330432892, 0.06563083827495575, 0.06340192258358002, 0.06799319386482239, 0.05791658163070679, 0.0556885227560997, 0.10896618664264679, 0.053815923631191254, 0.05843750014901161, 0.05771419033408165, 0.05172611027956009, 0.05054362490773201, 0.048932384699583054, 0.049106888473033905, 0.052848294377326965, 0.04466570168733597, 0.04722284898161888, 0.04452129453420639, 0.04082589969038963, 0.043301668018102646, 0.0409216433763504, 0.0425742045044899, 0.043756190687417984, 0.04424196109175682, 0.038834765553474426, 0.04380336403846741, 0.04016176611185074, 0.0368984192609787, 0.039153069257736206, 0.03922891989350319, 0.04158905893564224, 0.03633633628487587, 0.03653383627533913, 0.037096891552209854, 0.036958348006010056, 0.03654869273304939, 0.036046676337718964, 0.03695620223879814, 0.03945044428110123, 0.0345047228038311, 0.04358633980154991, 0.04181234538555145, 0.0728602334856987, 0.043074000626802444, 0.03870614618062973, 0.03907433897256851, 0.04025007039308548, 0.03748222440481186, 0.03874949738383293, 0.03790391981601715, 0.037167929112911224, 0.03443713113665581, 0.037216559052467346, 0.03211836516857147, 0.033876243978738785, 0.033928513526916504, 0.031094567850232124, 0.029712624847888947, 0.03445703536272049, 0.02982986718416214, 0.031902946531772614, 0.04741941764950752, 0.07569398730993271, 0.05952799320220947, 0.06045113131403923, 0.052594900131225586, 0.04229191318154335, 0.04375758394598961, 0.038820669054985046, 0.03268829360604286, 0.03368115797638893, 0.033343493938446045, 0.0340186208486557, 0.056283362209796906, 0.04258424788713455, 0.0352780781686306, 0.0935816541314125, 0.04024013131856918],