{"loss": [0.07955938577651978, 0.0628587007522583, 0.0587485209107399, 0.05621461197733879, 0.0548536516726017, 0.05390400439500809, 0.053113628178834915, 0.052339714020490646, 0.05167340859770775, 0.0513315312564373, 0.050916921347379684, 0.050763700157403946, 0.050377242267131805, 0.05014028772711754, 0.0499737411737442, 0.04969271644949913, 0.049622200429439545, 0.04911787062883377, 0.04915814474225044, 0.04900174215435982, 0.048816703259944916, 0.04864714294672012, 0.04839712381362915, 0.0483468659222126, 0.04824623093008995, 0.048082102090120316, 0.04801531881093979, 0.04784436151385307, 0.04771921783685684, 0.04760117083787918, 0.04760521650314331, 0.047480709850788116, 0.047440022230148315, 0.047345396131277084, 0.047093234956264496, 0.04717201739549637, 0.047156840562820435, 0.04712618142366409, 0.04695364087820053], "mae": [0.1595640331506729, 0.12463892996311188, 0.11623846739530563, 0.11117366701364517, 0.10836496949195862, 0.106414295732975, 0.10473369807004929, 0.1032600849866867, 0.10188356041908264, 0.10108260065317154, 0.10031278431415558, 0.09992967545986176, 0.09918628633022308, 0.098850317299366, 0.0984521433711052, 0.09804323315620422, 0.09774757921695709, 0.0968412309885025, 0.09690578281879425, 0.09667456150054932, 0.09608688205480576, 0.09581878036260605, 0.09547030180692673, 0.09506606310606003, 0.09518256038427353, 0.09480366855859756, 0.09447740018367767, 0.09427019208669662, 0.09402178972959518, 0.09372483938932419, 0.09357038885354996, 0.0934947282075882, 0.09333070367574692, 0.09315016865730286, 0.0926736444234848, 0.09266939759254456, 0.09253574162721634, 0.09247209131717682, 0.09237577021121979], "val_loss": [0.06927138566970825, 0.06535730510950089, 0.06313187628984451, 0.06261202692985535, 0.061372026801109314, 0.06110161170363426, 0.05830457806587219, 0.06044178456068039, 0.056718163192272186, 0.05637913569808006, 0.05811101198196411, 0.0556216761469841, 0.05746128410100937, 0.054871391505002975, 0.05425293371081352, 0.05346585065126419, 0.054660916328430176, 0.051410458981990814, 0.05261915177106857, 0.05333787202835083, 0.05179363116621971, 0.05170900747179985, 0.05282846838235855, 0.05067773163318634, 0.05256655067205429, 0.05150127410888672, 0.05075545981526375, 0.04929761961102486, 0.04923894256353378, 0.052270807325839996, 0.05083698034286499, 0.051940906792879105, 0.051051098853349686, 0.05185837298631668, 0.05167409032583237, 0.049905817955732346, 0.05070672184228897, 0.049807995557785034, 0.05027031525969505], "val_mae": [0.11920831352472305, 0.11089212447404861, 0.10841219872236252, 0.10537584125995636, 0.10576646029949188, 0.10248129069805145, 0.0997222289443016, 0.10138851404190063, 0.09852523356676102, 0.09665113687515259, 0.09865197539329529, 0.09511770308017731, 0.09691847860813141, 0.09470180422067642, 0.09385493397712708, 0.09169185906648636, 0.09342657774686813, 0.08927355706691742, 0.08913733810186386, 0.09130524843931198, 0.08911966532468796, 0.08907181769609451, 0.08976081758737564, 0.08882831782102585, 0.08948920667171478, 0.0887649729847908, 0.08724647015333176, 0.08555988222360611, 0.08623012900352478, 0.08831556886434555, 0.0866822600364685, 0.08919266611337662, 0.08731652796268463, 0.0889408215880394, 0.08806879073381424, 0.08574866503477097, 0.08786311745643616, 0.08579406142234802, 0.08687646687030792]}