{"loss": [0.07536348700523376, 0.05933649465441704, 0.05530102550983429, 0.05280165746808052, 0.05094408988952637, 0.049760520458221436, 0.04893089458346367, 0.04799439758062363, 0.0472724512219429, 0.04640936851501465, 0.04576136916875839, 0.04502652585506439, 0.04442942515015602, 0.04399939626455307, 0.04350229352712631, 0.04330192878842354, 0.04310669004917145, 0.042796410620212555, 0.04262248054146767, 0.04237617552280426, 0.04230501875281334, 0.04205121472477913, 0.04200798273086548, 0.04189463332295418, 0.04160634055733681, 0.041695550084114075, 0.04157575964927673, 0.04144437238574028, 0.04135452210903168, 0.04117896780371666, 0.041223667562007904, 0.041170116513967514, 0.04084138199687004, 0.04080434516072273, 0.040705494582653046, 0.0406067781150341], "mae": [0.1514747589826584, 0.1184580847620964, 0.11070138961076736, 0.10514349490404129, 0.10143093019723892, 0.09882178157567978, 0.09696109592914581, 0.09507498890161514, 0.09361878037452698, 0.09171710908412933, 0.09025876969099045, 0.08865513652563095, 0.08753396570682526, 0.08651011437177658, 0.08552335202693939, 0.08506493270397186, 0.08449345082044601, 0.08404535800218582, 0.08356515318155289, 0.08315965533256531, 0.08299589157104492, 0.0823991447687149, 0.08225196599960327, 0.08213309943675995, 0.08153484016656876, 0.08154523372650146, 0.08156518638134003, 0.08113336563110352, 0.08102045208215714, 0.08061186224222183, 0.08063659816980362, 0.08056454360485077, 0.07984990626573563, 0.07980362325906754, 0.0796160101890564, 0.07941553741693497], "val_loss": [0.061343804001808167, 0.05573498457670212, 0.05194303020834923, 0.05142989009618759, 0.048143915832042694, 0.04665857553482056, 0.04591893032193184, 0.04555768892168999, 0.04491041973233223, 0.04373299330472946, 0.04290931671857834, 0.04269518703222275, 0.0414530374109745, 0.041864149272441864, 0.04226680099964142, 0.04105782508850098, 0.04158462584018707, 0.04104011878371239, 0.04079234227538109, 0.041012853384017944, 0.0400947630405426, 0.040453072637319565, 0.04068714752793312, 0.039481550455093384, 0.0402110330760479, 0.0392952524125576, 0.03996443748474121, 0.041282545775175095, 0.039668578654527664, 0.040440481156110764, 0.04071203991770744, 0.040373582392930984, 0.039851345121860504, 0.03939918056130409, 0.04004347324371338, 0.0397123247385025], "val_mae": [0.11291725188493729, 0.10207261145114899, 0.09445985406637192, 0.0940786749124527, 0.08584204316139221, 0.08246253430843353, 0.08236053586006165, 0.0810294896364212, 0.07946226000785828, 0.07765929400920868, 0.0747060477733612, 0.07432718575000763, 0.0728512778878212, 0.07196083664894104, 0.07261165231466293, 0.07033781707286835, 0.07169251888990402, 0.07001764327287674, 0.07106560468673706, 0.0703187808394432, 0.06820683926343918, 0.07005186378955841, 0.06924213469028473, 0.06926728785037994, 0.06931968778371811, 0.06884516775608063, 0.06937669962644577, 0.07082705944776535, 0.06907212734222412, 0.0698910802602768, 0.07140547782182693, 0.06931688636541367, 0.06910289824008942, 0.06832081824541092, 0.06920379400253296, 0.06722912192344666]}