{"loss": [0.07242296636104584, 0.05222431570291519, 0.048100948333740234, 0.04572213441133499, 0.04381841421127319, 0.04246171563863754, 0.0412151999771595, 0.04027523100376129, 0.03971923887729645, 0.038820523768663406, 0.03837810084223747, 0.037989452481269836, 0.03747524321079254, 0.037010859698057175, 0.03658632934093475, 0.03620917350053787, 0.03597927838563919, 0.03557654470205307, 0.03534204512834549, 0.03566768020391464, 0.034846000373363495, 0.03468542918562889, 0.03447413444519043, 0.034191932529211044, 0.03396164998412132, 0.033878955990076065, 0.03355935588479042, 0.0334663987159729, 0.033529143780469894, 0.03346413001418114, 0.033163703978061676, 0.03305496647953987, 0.032958731055259705, 0.033340033143758774, 0.0328466072678566, 0.0326092466711998, 0.03260394185781479], "mae": [0.1456170380115509, 0.10421723127365112, 0.09555299580097198, 0.09045685082674026, 0.08627209067344666, 0.08328893035650253, 0.08089116960763931, 0.07866379618644714, 0.07738358527421951, 0.07565320283174515, 0.074745774269104, 0.07403828203678131, 0.07297377288341522, 0.07208195328712463, 0.07125935703516006, 0.07053807377815247, 0.07017169892787933, 0.06930793076753616, 0.06888851523399353, 0.0692986324429512, 0.06790296733379364, 0.06744473427534103, 0.06708809733390808, 0.06644274294376373, 0.06609517335891724, 0.06593930721282959, 0.06527304649353027, 0.06496425718069077, 0.06516333669424057, 0.06506936252117157, 0.06447482109069824, 0.06410662084817886, 0.06380631029605865, 0.06451982259750366, 0.06374741345643997, 0.06337341666221619, 0.06315383315086365], "val_loss": [0.054063376039266586, 0.04847067594528198, 0.046344224363565445, 0.04451998695731163, 0.04074171185493469, 0.04181133955717087, 0.04052676633000374, 0.04025662690401077, 0.03829018026590347, 0.040192846208810806, 0.03854134678840637, 0.03693264722824097, 0.037388917058706284, 0.03703603148460388, 0.03752046450972557, 0.03813325986266136, 0.03657768294215202, 0.03666136413812637, 0.03693605586886406, 0.037197891622781754, 0.037411272525787354, 0.036258094012737274, 0.03728794679045677, 0.03577679023146629, 0.03553798794746399, 0.035650163888931274, 0.034347355365753174, 0.03617500513792038, 0.036450035870075226, 0.034572575241327286, 0.035532545298337936, 0.03746388480067253, 0.036082763224840164, 0.03741130605340004, 0.036735355854034424, 0.03677952662110329, 0.03687787428498268], "val_mae": [0.0982585921883583, 0.08623401820659637, 0.080475814640522, 0.07775069773197174, 0.07224678248167038, 0.07186771184206009, 0.0696614533662796, 0.0671045184135437, 0.0651826411485672, 0.06647718697786331, 0.0635884553194046, 0.06206095218658447, 0.06201816350221634, 0.06125757470726967, 0.061499785631895065, 0.0624762587249279, 0.05998321250081062, 0.06000950559973717, 0.05951402708888054, 0.05972331762313843, 0.06066792085766792, 0.05806436017155647, 0.05980252847075462, 0.058917079120874405, 0.05793190747499466, 0.05661214515566826, 0.05663951486349106, 0.05783207342028618, 0.05885912477970123, 0.056009721010923386, 0.05754391476511955, 0.05870404839515686, 0.057516541332006454, 0.05907169729471207, 0.059509847313165665, 0.058522023260593414, 0.05959115922451019]}