{"loss": [0.07451211661100388, 0.05413179472088814, 0.049702826887369156, 0.046850718557834625, 0.04445333406329155, 0.042973801493644714, 0.0418492816388607, 0.040966812521219254, 0.04009417071938515, 0.03948453441262245, 0.03900853171944618, 0.03844531252980232, 0.037995316088199615, 0.03760165721178055, 0.03720555454492569, 0.036846958100795746, 0.036528922617435455, 0.03630344569683075, 0.035906706005334854, 0.03570404648780823, 0.035552702844142914, 0.03506612405180931, 0.0350855216383934, 0.03466826304793358, 0.034519441425800323, 0.03425329178571701, 0.03394365310668945, 0.03370135650038719, 0.033720262348651886, 0.03346069157123566, 0.0331735722720623, 0.033086132258176804, 0.03301545977592468, 0.032831255346536636, 0.032637450844049454, 0.03251674026250839, 0.03240237385034561, 0.03226752206683159, 0.03225558251142502, 0.032173868268728256, 0.03202396258711815, 0.032006945461034775, 0.03162114694714546, 0.03163120523095131, 0.031513843685388565, 0.03152594342827797, 0.031460750848054886, 0.031241433694958687, 0.03120367042720318, 0.03136298060417175, 0.031007908284664154, 0.031026890501379967, 0.030793847516179085, 0.0307393129914999, 0.030635016039013863, 0.030507003888487816, 0.030673006549477577, 0.030396560207009315, 0.030267653986811638, 0.030436387285590172, 0.030274542048573494, 0.030201362445950508, 0.030121993273496628, 0.03020181693136692, 0.030016683042049408, 0.030129889026284218, 0.030057957395911217, 0.029751567170023918, 0.029890554025769234, 0.029735801741480827], "mae": [0.14951947331428528, 0.10779764503240585, 0.09897666424512863, 0.09294448792934418, 0.08788517862558365, 0.08441851288080215, 0.08217143267393112, 0.08030317723751068, 0.07853684574365616, 0.07716058194637299, 0.07626856118440628, 0.07507110387086868, 0.07412173599004745, 0.07327987253665924, 0.072512187063694, 0.07158584147691727, 0.0710434764623642, 0.07068245112895966, 0.06982071697711945, 0.06940275430679321, 0.06905289739370346, 0.068137027323246, 0.06809437274932861, 0.06718679517507553, 0.06693758815526962, 0.06622669845819473, 0.06578093022108078, 0.06532496958971024, 0.06503510475158691, 0.06470741331577301, 0.0641726702451706, 0.06400115042924881, 0.06398341059684753, 0.06346848607063293, 0.06303061544895172, 0.06267519295215607, 0.06264857202768326, 0.062257204204797745, 0.062196966260671616, 0.06203477457165718, 0.06162148714065552, 0.06154748797416687, 0.06093309819698334, 0.06078868359327316, 0.06055852770805359, 0.060492075979709625, 0.0604364387691021, 0.05997304245829582, 0.05982939153909683, 0.06009220331907272, 0.059396784752607346, 0.059414926916360855, 0.05920939892530441, 0.058866605162620544, 0.05863203480839729, 0.05839205160737038, 0.05859195813536644, 0.058075398206710815, 0.0578802227973938, 0.058022744953632355, 0.057898398488759995, 0.05777989327907562, 0.05746486410498619, 0.057528574019670486, 0.05714648216962814, 0.05738779902458191, 0.05732714384794235, 0.05677739903330803, 0.05696010962128639, 0.05659371614456177], "val_loss": [0.05531959980726242, 0.04922613874077797, 0.04620012268424034, 0.04278534650802612, 0.04197949543595314, 0.03947845473885536, 0.041470736265182495, 0.039329711347818375, 0.03837960213422775, 0.03717025741934776, 0.03729225695133209, 0.03726360574364662, 0.03628018870949745, 0.03839714825153351, 0.036916643381118774, 0.035558294504880905, 0.03511231020092964, 0.03644513338804245, 0.035153213888406754, 0.0367276594042778, 0.03625001385807991, 0.03438267111778259, 0.035263244062662125, 0.034345097839832306, 0.033587101846933365, 0.03411906957626343, 0.0350273959338665, 0.03427373245358467, 0.034823786467313766, 0.03458032011985779, 0.03555009514093399, 0.0348362922668457, 0.0347333662211895, 0.03347928822040558, 0.03452087938785553, 0.03364009037613869, 0.03455718979239464, 0.033606357872486115, 0.03265075385570526, 0.03361225128173828, 0.03421082720160484, 0.03336983174085617, 0.03276282176375389, 0.033264387398958206, 0.03263067826628685, 0.034239914268255234, 0.03338140249252319, 0.033079251646995544, 0.033306367695331573, 0.032146748155355453, 0.033069413155317307, 0.032556191086769104, 0.034544218331575394, 0.03333652764558792, 0.03321635350584984, 0.032966677099466324, 0.03269185870885849, 0.03355439007282257, 0.032933443784713745, 0.03181476891040802, 0.03321471065282822, 0.03297913074493408, 0.032979436218738556, 0.03290112316608429, 0.03218604251742363, 0.032449644058942795, 0.032753124833106995, 0.03361105918884277, 0.03278133273124695, 0.03271033614873886], "val_mae": [0.10312189906835556, 0.09260466694831848, 0.08279238641262054, 0.07702791690826416, 0.07392141968011856, 0.07042375206947327, 0.07104925066232681, 0.06798643618822098, 0.06698856502771378, 0.06472045928239822, 0.0642007440328598, 0.0626073107123375, 0.061247728765010834, 0.06313289701938629, 0.06174907088279724, 0.05925435572862625, 0.059154070913791656, 0.06020064651966095, 0.05829869955778122, 0.059575263410806656, 0.05910429358482361, 0.05675987899303436, 0.05740904435515404, 0.05661934241652489, 0.05562412366271019, 0.056330688297748566, 0.05699872225522995, 0.05608581751585007, 0.05611904710531235, 0.05586140975356102, 0.05618864670395851, 0.056015197187662125, 0.05511881411075592, 0.05388275906443596, 0.055358078330755234, 0.05457467585802078, 0.0548442043364048, 0.053512196987867355, 0.05278744548559189, 0.05486852675676346, 0.054330941289663315, 0.05465371906757355, 0.05264030024409294, 0.05244501307606697, 0.052709657698869705, 0.05400610342621803, 0.05386883392930031, 0.05286283418536186, 0.05262945592403412, 0.05256081372499466, 0.05260958522558212, 0.05288003012537956, 0.054276153445243835, 0.05257948115468025, 0.05277203395962715, 0.05166814848780632, 0.052058957517147064, 0.05316106975078583, 0.052607156336307526, 0.05114206671714783, 0.05226174741983414, 0.05246170982718468, 0.05241049453616142, 0.051546428352594376, 0.05087747424840927, 0.05133739113807678, 0.052007414400577545, 0.05196763575077057, 0.05225846543908119, 0.052098389714956284]}