{"loss": [0.07568291574716568, 0.055031970143318176, 0.0493282824754715, 0.04637298360466957, 0.044357780367136, 0.04309096932411194, 0.04165281355381012, 0.04072770103812218, 0.040128305554389954, 0.03937926143407822, 0.038786422461271286, 0.03816435486078262, 0.03764092177152634, 0.037260960787534714, 0.036934878677129745, 0.03651024401187897, 0.036060746759176254, 0.035800132900476456, 0.03551634028553963, 0.03515304997563362, 0.035207439213991165, 0.034864526242017746, 0.034596435725688934, 0.03442787379026413, 0.03401331230998039, 0.03387468308210373, 0.03382064774632454, 0.03362980857491493, 0.03350294381380081, 0.03336019814014435, 0.03313685953617096, 0.03299788013100624, 0.03297004476189613, 0.032770197838544846, 0.03289256989955902, 0.0325152762234211, 0.03266769275069237, 0.03250431269407272, 0.03208620101213455, 0.03234279155731201, 0.031811878085136414, 0.03192358464002609, 0.03185467794537544, 0.03161611780524254], "mae": [0.15168577432632446, 0.10989625751972198, 0.0984320342540741, 0.09205619990825653, 0.0876929834485054, 0.08499167114496231, 0.08199883252382278, 0.07990064471960068, 0.07874850928783417, 0.0771825835108757, 0.0758090689778328, 0.07469531148672104, 0.073583222925663, 0.07269929349422455, 0.07199404388666153, 0.07116122543811798, 0.0704646110534668, 0.069646917283535, 0.06906233727931976, 0.06844913959503174, 0.06845848262310028, 0.06782865524291992, 0.06730727106332779, 0.06683195382356644, 0.06615792214870453, 0.06599396467208862, 0.06588802486658096, 0.06540390104055405, 0.06521444767713547, 0.06469759345054626, 0.06430206447839737, 0.0641583576798439, 0.063863605260849, 0.06353074312210083, 0.06367285549640656, 0.06303638964891434, 0.06321526318788528, 0.06284017860889435, 0.062283970415592194, 0.06253373622894287, 0.06158169358968735, 0.06186922639608383, 0.06171059235930443, 0.061159443110227585], "val_loss": [0.057975102216005325, 0.04901670664548874, 0.04468611627817154, 0.0426066629588604, 0.040315207093954086, 0.040283266454935074, 0.03738487884402275, 0.03777744248509407, 0.03756118565797806, 0.03720393031835556, 0.036461472511291504, 0.036271966993808746, 0.03632989898324013, 0.03370688110589981, 0.03334583342075348, 0.03439096733927727, 0.033597659319639206, 0.03357259929180145, 0.03450305759906769, 0.033413365483284, 0.032564543187618256, 0.03390561789274216, 0.034739792346954346, 0.03313159570097923, 0.03329474478960037, 0.03386390209197998, 0.03171033039689064, 0.034580983221530914, 0.031737070530653, 0.03177366405725479, 0.03159525245428085, 0.03140045329928398, 0.03256283327937126, 0.030812066048383713, 0.030812334269285202, 0.030941078439354897, 0.032629646360874176, 0.031067777425050735, 0.031565386801958084, 0.03142395615577698, 0.03138040751218796, 0.03095536306500435, 0.03127828612923622, 0.03185344114899635], "val_mae": [0.10627210140228271, 0.09125570207834244, 0.08331947773694992, 0.07810597866773605, 0.07291601598262787, 0.07212146371603012, 0.06816961616277695, 0.06632525473833084, 0.06648150086402893, 0.06435543298721313, 0.06381646543741226, 0.06280862540006638, 0.062054894864559174, 0.05869203433394432, 0.0576435811817646, 0.05775229260325432, 0.05657153204083443, 0.05662301927804947, 0.05733715370297432, 0.055783241987228394, 0.0550786554813385, 0.05682573840022087, 0.05797910317778587, 0.054968588054180145, 0.055673182010650635, 0.05682383477687836, 0.05362718924880028, 0.05586584284901619, 0.05380788445472717, 0.05374995619058609, 0.054014064371585846, 0.05279862508177757, 0.05436759442090988, 0.051584966480731964, 0.052320078015327454, 0.052252139896154404, 0.052617114037275314, 0.05216251313686371, 0.05257095769047737, 0.05353867635130882, 0.05216211825609207, 0.05185768008232117, 0.05251084268093109, 0.05189375951886177]}