{"loss": [0.11800022423267365, 0.0974922776222229, 0.10573180019855499, 0.1048961654305458, 0.09217193722724915, 0.08401001244783401, 0.0797613114118576, 0.07624820619821548, 0.07436065375804901, 0.07241201400756836, 0.07066822052001953, 0.06875079870223999, 0.06720138341188431, 0.0656340941786766, 0.06403570622205734, 0.06241331994533539, 0.06101259961724281, 0.05971284955739975, 0.05853286758065224, 0.057462047785520554, 0.056005120277404785, 0.05485384538769722, 0.053819846361875534, 0.0531010627746582, 0.052120864391326904, 0.05141802504658699, 0.05110650137066841, 0.05012532323598862, 0.04971149191260338, 0.04917871579527855, 0.04846793785691261, 0.04778192192316055, 0.047902099788188934, 0.04706785827875137, 0.04647408053278923, 0.04594406858086586, 0.04554042965173721, 0.04515207186341286, 0.04466363415122032, 0.04407602176070213, 0.04364502802491188, 0.043359022587537766, 0.04336577653884888, 0.042895521968603134, 0.04249000549316406, 0.11322945356369019, 0.0955563336610794, 0.08777374774217606, 0.08529017865657806, 0.09592720121145248, 0.09469950199127197, 0.09307952970266342, 0.09220516681671143, 0.09150218963623047, 0.0910695493221283, 0.08973821252584457, 0.0890507847070694, 0.08982118964195251, 0.08787298202514648, 0.08750786632299423, 0.0874827429652214, 0.08655617386102676, 0.0858784019947052, 0.08544468134641647, 0.08494026213884354, 0.08460833132266998, 0.08429457247257233, 0.0838644951581955, 0.08365099877119064, 0.08348669856786728, 0.08324515074491501, 0.08379613608121872, 0.08294863998889923, 0.0827101469039917, 0.08252321183681488], "mae": [0.239862322807312, 0.19473432004451752, 0.19751346111297607, 0.20394544303417206, 0.1792168766260147, 0.1642576903104782, 0.1571173220872879, 0.14891916513442993, 0.14394710958003998, 0.14050747454166412, 0.1373421549797058, 0.13415881991386414, 0.13110941648483276, 0.12844951450824738, 0.12583525478839874, 0.12267457693815231, 0.11925815045833588, 0.11633741110563278, 0.11406628787517548, 0.11157252639532089, 0.10870645940303802, 0.10633952170610428, 0.10434949398040771, 0.10281799733638763, 0.10097692906856537, 0.09960510581731796, 0.09868037700653076, 0.09733076393604279, 0.0963420420885086, 0.09539765119552612, 0.0942373052239418, 0.09309129416942596, 0.09301579743623734, 0.09162022173404694, 0.09059029817581177, 0.0897066667675972, 0.08887634426355362, 0.08828919380903244, 0.08733708411455154, 0.08631812036037445, 0.08562071621417999, 0.08510922640562057, 0.08486492931842804, 0.08432233333587646, 0.08317224681377411, 0.16086947917938232, 0.1495402455329895, 0.13149943947792053, 0.12529273331165314, 0.12950368225574493, 0.12324851751327515, 0.12018290162086487, 0.11822819709777832, 0.11683917790651321, 0.11655329912900925, 0.11464036256074905, 0.11331093311309814, 0.11399345844984055, 0.11118002235889435, 0.11040914058685303, 0.1103060394525528, 0.10901273041963577, 0.1078842505812645, 0.1071329414844513, 0.10614683479070663, 0.10553839057683945, 0.10477057099342346, 0.10391005128622055, 0.10346318781375885, 0.10307583957910538, 0.10245201736688614, 0.10310402512550354, 0.10190323740243912, 0.10146459192037582, 0.10107409954071045], "val_loss": [0.10400253534317017, 0.0928584486246109, 0.09999823570251465, 0.10478205978870392, 0.08381497114896774, 0.08197496086359024, 0.07702802866697311, 0.07499546557664871, 0.07327358424663544, 0.07043582201004028, 0.07188853621482849, 0.06750990450382233, 0.06569698452949524, 0.07154697924852371, 0.06217891350388527, 0.061218999326229095, 0.059769224375486374, 0.05830793082714081, 0.057628508657217026, 0.056751932948827744, 0.05404797941446304, 0.0541064515709877, 0.053232591599226, 0.05201919749379158, 0.05143151804804802, 0.04984762519598007, 0.05041872337460518, 0.049363426864147186, 0.04851076006889343, 0.048651207238435745, 0.046797286719083786, 0.04699293151497841, 0.048235900700092316, 0.04620056971907616, 0.048134688287973404, 0.04536360874772072, 0.04456030949950218, 0.04450540617108345, 0.043267566710710526, 0.043326109647750854, 0.04316272959113121, 0.04402340576052666, 0.05112023651599884, 0.044278018176555634, 0.043101511895656586, 0.10991916060447693, 0.0918230339884758, 0.08617372810840607, 0.08323846012353897, 0.0950760543346405, 0.09291497617959976, 0.09213919192552567, 0.09056156873703003, 0.09170564264059067, 0.09459618479013443, 0.08842133730649948, 0.08977945894002914, 0.08701998740434647, 0.08650361001491547, 0.08708128333091736, 0.08714672178030014, 0.08647667616605759, 0.08688070625066757, 0.08528495579957962, 0.08402623236179352, 0.08413524180650711, 0.08350393176078796, 0.08424893021583557, 0.0835416242480278, 0.08284512162208557, 0.0850406289100647, 0.0827859491109848, 0.08340651541948318, 0.0823851004242897, 0.08260323107242584], "val_mae": [0.2106664925813675, 0.18675558269023895, 0.19007614254951477, 0.20662856101989746, 0.16506817936897278, 0.1647108644247055, 0.1495143473148346, 0.14543601870536804, 0.1424247771501541, 0.13844434916973114, 0.1360098421573639, 0.1318397969007492, 0.12866920232772827, 0.13400901854038239, 0.12546053528785706, 0.11812476813793182, 0.11455392092466354, 0.11606018245220184, 0.11244639754295349, 0.1093449667096138, 0.10630720108747482, 0.10430845618247986, 0.1033375933766365, 0.09997463971376419, 0.10005991905927658, 0.09581563621759415, 0.09810740500688553, 0.09635701030492783, 0.09501372277736664, 0.09470807760953903, 0.09260953217744827, 0.09359774738550186, 0.09325376152992249, 0.09041029959917068, 0.09090502560138702, 0.08880965411663055, 0.08654095232486725, 0.08784874528646469, 0.0842970758676529, 0.08548907190561295, 0.08540751785039902, 0.08620501309633255, 0.09203778952360153, 0.08428692817687988, 0.08377872407436371, 0.17520156502723694, 0.1378834992647171, 0.12736383080482483, 0.12072575837373734, 0.1236642450094223, 0.11972817778587341, 0.11889422684907913, 0.11590363085269928, 0.11743125319480896, 0.12030217051506042, 0.1127171590924263, 0.11601551622152328, 0.11115574836730957, 0.10994340479373932, 0.1085648313164711, 0.1111365556716919, 0.10953966528177261, 0.10931069403886795, 0.10822947323322296, 0.10422433912754059, 0.10524529963731766, 0.10307211428880692, 0.10427404940128326, 0.10479966551065445, 0.1029372438788414, 0.10581118613481522, 0.10201726853847504, 0.10225127637386322, 0.1010352298617363, 0.1003628596663475]}