{"loss": [0.11898829787969589, 0.09507830440998077, 0.08141101896762848, 0.07589401304721832, 0.0724792554974556, 0.07209800183773041, 0.0696021169424057, 0.09121297299861908, 0.0951429009437561, 0.07435049116611481, 0.07827136665582657, 0.07617814838886261, 0.06906694918870926, 0.06703073531389236, 0.06423549354076385, 0.07902178913354874, 0.06321527808904648, 0.060732465237379074, 0.06740017235279083, 0.06433916836977005, 0.06196388229727745, 0.08449296653270721, 0.10011076182126999, 0.09426163136959076, 0.0866580381989479, 0.0868365541100502, 0.06961562484502792, 0.06563499569892883, 0.06808428466320038, 0.07721828669309616, 0.065473273396492, 0.06004844978451729, 0.05767252296209335, 0.05532672628760338, 0.059579603374004364, 0.07295503467321396, 0.061079684644937515, 0.05742991343140602, 0.05310564860701561, 0.05142085626721382, 0.05053474009037018, 0.0489276722073555, 0.04844275116920471, 0.04753950238227844, 0.04714350774884224, 0.04655385762453079, 0.045789770781993866, 0.045033421367406845, 0.04431129992008209, 0.04693368449807167, 0.04330090060830116, 0.04419910907745361, 0.07644389569759369, 0.05229674652218819, 0.04732711985707283, 0.04548991471529007, 0.043979495763778687, 0.04370206966996193, 0.042490191757678986, 0.041936587542295456, 0.049275998026132584, 0.09127210825681686, 0.06569462269544601, 0.05882097780704498, 0.05595012381672859, 0.05404108762741089, 0.06530731916427612, 0.07414114475250244, 0.07253309339284897, 0.08550180494785309, 0.07055924087762833, 0.08273985981941223, 0.07353156805038452, 0.06864012777805328, 0.07840244472026825, 0.0867505669593811, 0.09457061439752579, 0.08888557553291321, 0.07751275599002838, 0.07406840473413467, 0.0712815672159195, 0.06925366818904877, 0.06772637367248535, 0.06637986749410629, 0.06521773338317871, 0.06758067011833191, 0.06761465221643448, 0.06148573383688927, 0.12525713443756104, 0.11207596212625504], "mae": [0.24078872799873352, 0.18997323513031006, 0.15475225448608398, 0.1484585404396057, 0.14125388860702515, 0.1396118402481079, 0.13511797785758972, 0.17199155688285828, 0.17757970094680786, 0.1462780237197876, 0.14089995622634888, 0.1288200169801712, 0.12675413489341736, 0.12759198248386383, 0.12562015652656555, 0.14003434777259827, 0.1232554018497467, 0.11866002529859543, 0.12383843958377838, 0.1167912632226944, 0.11162198334932327, 0.12978681921958923, 0.1445135474205017, 0.13911651074886322, 0.13179278373718262, 0.13301220536231995, 0.12343000620603561, 0.1171901673078537, 0.11684302985668182, 0.13777504861354828, 0.12440699338912964, 0.11649205535650253, 0.11141710728406906, 0.10681901127099991, 0.10791634023189545, 0.12231869250535965, 0.10707952082157135, 0.10363014042377472, 0.10092026740312576, 0.09829491376876831, 0.09651543200016022, 0.0931699275970459, 0.09199057519435883, 0.09032272547483444, 0.08971477299928665, 0.08933107554912567, 0.0878806933760643, 0.0863833799958229, 0.08498428016901016, 0.08871983736753464, 0.08353811502456665, 0.0839758813381195, 0.1286505162715912, 0.10520007461309433, 0.09483420103788376, 0.08965535461902618, 0.08585295081138611, 0.08469408750534058, 0.08199300616979599, 0.08088508248329163, 0.08591730147600174, 0.13916727900505066, 0.11852774024009705, 0.10718926787376404, 0.10067831724882126, 0.09627563506364822, 0.10798525810241699, 0.11497128754854202, 0.11585251986980438, 0.1340213418006897, 0.11823048442602158, 0.13294154405593872, 0.12452437728643417, 0.11685977876186371, 0.12025515735149384, 0.12839992344379425, 0.1415531188249588, 0.13317520916461945, 0.11781079322099686, 0.11153540015220642, 0.1097833514213562, 0.10636734217405319, 0.10320986062288284, 0.10043597966432571, 0.09892970323562622, 0.10280673950910568, 0.11001157015562057, 0.09677678346633911, 0.1467885971069336, 0.1390812247991562], "val_loss": [0.1050305962562561, 0.08429449051618576, 0.07788969576358795, 0.07468128949403763, 0.0708870217204094, 0.0706520527601242, 0.06969570368528366, 0.10395800322294235, 0.076876200735569, 0.0716167539358139, 0.08389658480882645, 0.07452362775802612, 0.06889888644218445, 0.0656350627541542, 0.06265907734632492, 0.06520314514636993, 0.06077399104833603, 0.06010326370596886, 0.0675167515873909, 0.06208040192723274, 0.06047253683209419, 0.1018855944275856, 0.09891737252473831, 0.08699570596218109, 0.08452974259853363, 0.0876450464129448, 0.06622486561536789, 0.0633985623717308, 0.10363037139177322, 0.06824448704719543, 0.061702191829681396, 0.05756189674139023, 0.05562243238091469, 0.05410807207226753, 0.12054530531167984, 0.06330574303865433, 0.058501724153757095, 0.05512149631977081, 0.05304785817861557, 0.05182892456650734, 0.04866054654121399, 0.048695582896471024, 0.05047336220741272, 0.04663363844156265, 0.046387799084186554, 0.046267252415418625, 0.04473770037293434, 0.04462684318423271, 0.04353860765695572, 0.044240280985832214, 0.043122343719005585, 0.10364595800638199, 0.05625046417117119, 0.04793740063905716, 0.04599602892994881, 0.04436154663562775, 0.04267514869570732, 0.042364440858364105, 0.04288480058312416, 0.041294921189546585, 0.12999893724918365, 0.07325476408004761, 0.05932291969656944, 0.055899593979120255, 0.054199494421482086, 0.05323762819170952, 0.06488676369190216, 0.08384473621845245, 0.06802381575107574, 0.07475529611110687, 0.06614020466804504, 0.07497469335794449, 0.06998948752880096, 0.06715664267539978, 0.07431919127702713, 0.09900137782096863, 0.13254833221435547, 0.08240389823913574, 0.07507992535829544, 0.07240348309278488, 0.07160276919603348, 0.06914765387773514, 0.06767810881137848, 0.06586367636919022, 0.06071155145764351, 0.08069388568401337, 0.06232238560914993, 0.060452647507190704, 0.11631006747484207, 0.1497945785522461], "val_mae": [0.21402055025100708, 0.15924741327762604, 0.15251606702804565, 0.14422869682312012, 0.13784028589725494, 0.1383371204137802, 0.1304357796907425, 0.20271888375282288, 0.15694157779216766, 0.1391420215368271, 0.13347706198692322, 0.12701617181301117, 0.12535244226455688, 0.12696464359760284, 0.12257543951272964, 0.12890902161598206, 0.11885898560285568, 0.1159786805510521, 0.12309296429157257, 0.11249031871557236, 0.10834430158138275, 0.1450011134147644, 0.1409684121608734, 0.13270346820354462, 0.13102960586547852, 0.13585840165615082, 0.12047850340604782, 0.11433237046003342, 0.1409408003091812, 0.1253722608089447, 0.12056107074022293, 0.11217161267995834, 0.10801377892494202, 0.10398351401090622, 0.1454778015613556, 0.11144702881574631, 0.10354460775852203, 0.10299062728881836, 0.10192887485027313, 0.09916466474533081, 0.0952157974243164, 0.09113621711730957, 0.09519286453723907, 0.090294748544693, 0.08750620484352112, 0.09032910317182541, 0.0859730988740921, 0.08459430187940598, 0.08308354020118713, 0.08674852550029755, 0.08274666965007782, 0.1438676118850708, 0.11201810091733932, 0.09906893223524094, 0.09089774638414383, 0.08648651838302612, 0.08296804130077362, 0.08246900886297226, 0.08127448707818985, 0.07949962466955185, 0.1516721546649933, 0.12764665484428406, 0.10927095264196396, 0.10207437723875046, 0.09797269850969315, 0.09374971687793732, 0.10565425455570221, 0.12558867037296295, 0.10747747868299484, 0.1229928582906723, 0.11269792914390564, 0.12597554922103882, 0.12037784606218338, 0.11557593941688538, 0.11505503207445145, 0.1463768035173416, 0.15009838342666626, 0.12523038685321808, 0.11239360272884369, 0.10877615213394165, 0.10791367292404175, 0.10533993691205978, 0.10223744064569473, 0.09983677417039871, 0.09541334211826324, 0.1256043016910553, 0.09923983365297318, 0.09450043737888336, 0.14048811793327332, 0.16084712743759155]}