{"loss": [0.11270817369222641, 0.09258510917425156, 0.08564627170562744, 0.08262931555509567, 0.08099134266376495, 0.07939780503511429, 0.07872075587511063, 0.07396290451288223, 0.09056562185287476, 0.073273204267025, 0.0807454064488411, 0.0786486566066742, 0.06766314804553986, 0.0660610944032669, 0.06891914457082748, 0.06425326317548752, 0.09257882833480835, 0.09090328216552734, 0.08784624934196472, 0.09298404306173325, 0.07963898777961731, 0.07373079657554626, 0.07083231955766678, 0.06919252127408981, 0.06779103726148605, 0.06703050434589386, 0.06577670574188232, 0.06500478833913803, 0.06400397419929504, 0.06328889727592468, 0.06264463812112808, 0.062245145440101624, 0.06165503337979317, 0.06124960258603096, 0.06014767289161682, 0.06000358983874321, 0.059487417340278625, 0.05900084227323532, 0.058806195855140686, 0.05802759528160095, 0.05808591842651367, 0.05709776282310486, 0.05718712508678436, 0.05649116635322571, 0.055891744792461395, 0.055508945137262344, 0.11382754892110825, 0.09224508702754974, 0.07601462304592133, 0.07046740502119064, 0.06884554028511047, 0.06839302182197571, 0.10892894119024277, 0.09823086857795715, 0.09579925239086151, 0.09401293843984604, 0.08913688361644745, 0.10699810087680817, 0.11774265766143799, 0.11137755960226059, 0.10144583135843277, 0.0655970498919487, 0.061694975942373276, 0.061005640774965286, 0.06169617176055908, 0.059199683368206024, 0.058622900396585464, 0.05812126398086548, 0.09952643513679504, 0.09002842754125595, 0.07752551138401031, 0.06469768285751343, 0.08427269756793976, 0.06947100162506104, 0.07914389669895172, 0.06739333271980286], "mae": [0.23246121406555176, 0.18450047075748444, 0.16662563383579254, 0.15365640819072723, 0.15075169503688812, 0.15128950774669647, 0.15006425976753235, 0.14308592677116394, 0.1561659872531891, 0.14444926381111145, 0.14629793167114258, 0.14451926946640015, 0.1320403516292572, 0.12849988043308258, 0.13397367298603058, 0.12736666202545166, 0.15767702460289001, 0.14936195313930511, 0.1466846615076065, 0.1662161648273468, 0.15239979326725006, 0.13638468086719513, 0.12894120812416077, 0.12530022859573364, 0.12260245531797409, 0.12092083692550659, 0.11852528899908066, 0.11685840040445328, 0.11492238193750381, 0.11312101036310196, 0.11169537156820297, 0.11059079319238663, 0.10951995849609375, 0.10843989998102188, 0.1065274104475975, 0.10568074882030487, 0.10455279797315598, 0.1036415696144104, 0.10277120769023895, 0.1013282760977745, 0.1011655256152153, 0.09947595000267029, 0.09930408746004105, 0.09800183027982712, 0.09677795320749283, 0.09621575474739075, 0.14590340852737427, 0.12855164706707, 0.1179911196231842, 0.11063423752784729, 0.10694868117570877, 0.10547950118780136, 0.13478639721870422, 0.1242445707321167, 0.12215190380811691, 0.12146303802728653, 0.11781764030456543, 0.13727019727230072, 0.15304352343082428, 0.1415906697511673, 0.13915246725082397, 0.10851677507162094, 0.1001487523317337, 0.09794581681489944, 0.0976119264960289, 0.09454090148210526, 0.09267020970582962, 0.09149651974439621, 0.13528691232204437, 0.12638260424137115, 0.11085765063762665, 0.09940053522586823, 0.11894161999225616, 0.10846984386444092, 0.11772233247756958, 0.10272467136383057], "val_loss": [0.08439356833696365, 0.08930037170648575, 0.0862758532166481, 0.07892268151044846, 0.07829117029905319, 0.07984078675508499, 0.0771932527422905, 0.07206215709447861, 0.08800004422664642, 0.07075624167919159, 0.08038051426410675, 0.07047151029109955, 0.06568551063537598, 0.0660940483212471, 0.06527107954025269, 0.06256697326898575, 0.09304690361022949, 0.09274248033761978, 0.08467825502157211, 0.08609694242477417, 0.0776587501168251, 0.07197671383619308, 0.07091826945543289, 0.06823117285966873, 0.06566476821899414, 0.06603097170591354, 0.06445882469415665, 0.06495192646980286, 0.06353654712438583, 0.06269291043281555, 0.061601925641298294, 0.06032896786928177, 0.060296665877103806, 0.05976684018969536, 0.0618840716779232, 0.0585995689034462, 0.05837930366396904, 0.05754385516047478, 0.05755237117409706, 0.056606099009513855, 0.0560736209154129, 0.05649666488170624, 0.05613883584737778, 0.05516828969120979, 0.05537210404872894, 0.05467906966805458, 0.10130516439676285, 0.08492860943078995, 0.07122676819562912, 0.06914253532886505, 0.06803518533706665, 0.0666045993566513, 0.09903869777917862, 0.0969032347202301, 0.09575255215167999, 0.08931552618741989, 0.08196446299552917, 0.13920368254184723, 0.11802554875612259, 0.11284621059894562, 0.07043080031871796, 0.062141552567481995, 0.061203815042972565, 0.05994945392012596, 0.06136862933635712, 0.058590155094861984, 0.05817408114671707, 0.058010462671518326, 0.09437432885169983, 0.08176308125257492, 0.0691949874162674, 0.059192828834056854, 0.07443255931138992, 0.06634349375963211, 0.07025109231472015, 0.06463734805583954], "val_mae": [0.17691007256507874, 0.1795676052570343, 0.1622614711523056, 0.14651133120059967, 0.14921577274799347, 0.15660949051380157, 0.15013387799263, 0.13783924281597137, 0.16602283716201782, 0.14114119112491608, 0.14676757156848907, 0.13546577095985413, 0.1302165389060974, 0.13280044496059418, 0.1299823373556137, 0.12563073635101318, 0.15484389662742615, 0.15132609009742737, 0.14240926504135132, 0.16887471079826355, 0.1419031023979187, 0.1322968453168869, 0.13108988106250763, 0.12274660170078278, 0.11986422538757324, 0.11858958005905151, 0.11424444615840912, 0.11674794554710388, 0.11441665142774582, 0.1156432032585144, 0.10874961316585541, 0.10891357809305191, 0.10718823224306107, 0.10712087154388428, 0.1086585745215416, 0.1029798686504364, 0.10374923050403595, 0.10216541588306427, 0.10209475457668304, 0.09922009706497192, 0.09797970950603485, 0.09876943379640579, 0.09875034540891647, 0.0969059094786644, 0.09603793174028397, 0.09477441012859344, 0.1384301781654358, 0.12105636298656464, 0.11464276909828186, 0.10802756994962692, 0.10592354089021683, 0.10301049798727036, 0.1263081580400467, 0.12375971674919128, 0.1231909766793251, 0.11987676471471786, 0.11250169575214386, 0.15828442573547363, 0.14747902750968933, 0.14246289432048798, 0.11547396332025528, 0.1017051413655281, 0.09803659468889236, 0.0952148288488388, 0.09956044703722, 0.09247378259897232, 0.09116975963115692, 0.09048473834991455, 0.12786118686199188, 0.11446887254714966, 0.10399739444255829, 0.0937124490737915, 0.11609145998954773, 0.10498547554016113, 0.10889451205730438, 0.0989333838224411]}