{"loss": [0.10306032001972198, 0.07808127999305725, 0.07633115351200104, 0.07771129161119461, 0.07318121939897537, 0.07028347253799438, 0.06957343220710754, 0.0763382613658905, 0.07535204291343689, 0.06736355274915695, 0.07786130905151367, 0.06622574478387833, 0.05970563739538193, 0.05589129030704498, 0.054169509559869766, 0.08465147763490677, 0.07765503227710724, 0.0743778869509697, 0.06789514422416687, 0.06134742498397827, 0.06069019064307213, 0.06721938401460648, 0.07332470268011093, 0.07212580740451813, 0.058308739215135574, 0.08648878335952759, 0.07073377817869186, 0.062158580869436264, 0.06202862411737442, 0.05707519128918648, 0.052177123725414276, 0.04870158061385155, 0.05178464204072952, 0.0462401919066906, 0.042208053171634674, 0.04120270907878876, 0.058193620294332504, 0.07054632157087326, 0.06343819946050644, 0.05707623064517975, 0.05159325152635574, 0.05661351978778839, 0.04940694198012352, 0.04415462911128998, 0.04301145672798157, 0.04197609797120094, 0.039284102618694305, 0.03810076788067818, 0.03693618252873421, 0.063123919069767, 0.07652553915977478, 0.055336833000183105, 0.06546176970005035, 0.055524881929159164, 0.04652723670005798, 0.042303070425987244, 0.058383408933877945, 0.04714301601052284, 0.040372539311647415, 0.038488730788230896, 0.040118515491485596, 0.05347946286201477, 0.051417168229818344, 0.050619155168533325, 0.04880669713020325, 0.060129158198833466, 0.04502081125974655, 0.03711825981736183, 0.03528057411313057, 0.06347758322954178, 0.06880779564380646, 0.07199466973543167, 0.06435191631317139, 0.07486338913440704, 0.047278597950935364, 0.04274795576930046, 0.03989173844456673, 0.0801348090171814, 0.08111591637134552, 0.06308416277170181, 0.05473855510354042, 0.11608317494392395, 0.11252353340387344, 0.07917382568120956, 0.06415214389562607, 0.060338862240314484, 0.05912470445036888, 0.07548294216394424, 0.0845266655087471, 0.05948425084352493, 0.05171198397874832, 0.048678863793611526, 0.06185776740312576, 0.08783407509326935, 0.06907714903354645, 0.06264069676399231, 0.06033680960536003, 0.13150931894779205, 0.11127676069736481, 0.09229175746440887, 0.0662713572382927, 0.05960259214043617, 0.05340506136417389, 0.05290601775050163, 0.05017504841089249, 0.04703902825713158, 0.044805899262428284, 0.04365170747041702, 0.041917599737644196], "mae": [0.2105071246623993, 0.15462805330753326, 0.14989647269248962, 0.15231740474700928, 0.1450483500957489, 0.13966155052185059, 0.13766954839229584, 0.13939283788204193, 0.1422407031059265, 0.12971308827400208, 0.14386378228664398, 0.12891067564487457, 0.1191510260105133, 0.11188894510269165, 0.10823240131139755, 0.166777104139328, 0.14562730491161346, 0.13929282128810883, 0.13100190460681915, 0.11672685295343399, 0.115460604429245, 0.1211196780204773, 0.14882028102874756, 0.1345570832490921, 0.1080295592546463, 0.1556335985660553, 0.1443200409412384, 0.1262143850326538, 0.1241849884390831, 0.11249468475580215, 0.1043795719742775, 0.09711803495883942, 0.1010475754737854, 0.09236712753772736, 0.08421865850687027, 0.08213141560554504, 0.10714533925056458, 0.13567735254764557, 0.12305495142936707, 0.11447092145681381, 0.10458814352750778, 0.10806913673877716, 0.09887045621871948, 0.08934571593999863, 0.08628352731466293, 0.08346933126449585, 0.07859770208597183, 0.0759817361831665, 0.07356492429971695, 0.11276346445083618, 0.1404653936624527, 0.11169153451919556, 0.12061864137649536, 0.10762058198451996, 0.09233594685792923, 0.08355674147605896, 0.1068667471408844, 0.09210450202226639, 0.0799330398440361, 0.07498787343502045, 0.07602503895759583, 0.09271921962499619, 0.09947320818901062, 0.09237928688526154, 0.09023535996675491, 0.10372164100408554, 0.08824246376752853, 0.071116141974926, 0.06685560941696167, 0.0944928228855133, 0.11557779461145401, 0.11261559277772903, 0.11528947204351425, 0.11102107167243958, 0.08642569929361343, 0.07887835800647736, 0.07426800578832626, 0.12389171868562698, 0.12843748927116394, 0.10476230829954147, 0.08991558104753494, 0.1547657996416092, 0.1816461682319641, 0.15454915165901184, 0.12616531550884247, 0.11313387006521225, 0.11373958736658096, 0.13583078980445862, 0.16323845088481903, 0.11249018460512161, 0.09993876516819, 0.09299277514219284, 0.10521533340215683, 0.12869055569171906, 0.10864225029945374, 0.0979292169213295, 0.09340458363294601, 0.19685325026512146, 0.2240937352180481, 0.18173015117645264, 0.12866762280464172, 0.11813583225011826, 0.10487332195043564, 0.1011614054441452, 0.09516793489456177, 0.08940599858760834, 0.08492836356163025, 0.08258248120546341, 0.0790209025144577], "val_loss": [0.08063507825136185, 0.07580983638763428, 0.07541481405496597, 0.07245340943336487, 0.07053480297327042, 0.06742135435342789, 0.06603535264730453, 0.08400636166334152, 0.08188723027706146, 0.062964528799057, 0.07045561075210571, 0.061501432210206985, 0.05779311805963516, 0.05549624189734459, 0.051723845303058624, 0.08145209401845932, 0.07535058259963989, 0.06997042149305344, 0.06291981041431427, 0.05876423791050911, 0.05548044294118881, 0.10774439573287964, 0.05960922688245773, 0.060488466173410416, 0.055433157831430435, 0.07869043201208115, 0.06446906924247742, 0.05857057124376297, 0.05520166456699371, 0.052900366485118866, 0.04957611486315727, 0.04471174627542496, 0.05370401591062546, 0.043463557958602905, 0.04025721177458763, 0.03973206877708435, 0.07109156996011734, 0.0628434345126152, 0.05884360522031784, 0.052915774285793304, 0.05096827819943428, 0.046891242265701294, 0.04551876708865166, 0.04415951669216156, 0.04221373796463013, 0.04011856019496918, 0.03899573162198067, 0.03669808804988861, 0.036759860813617706, 0.14283692836761475, 0.05935264006257057, 0.05127828195691109, 0.04943186417222023, 0.04763321205973625, 0.04284847900271416, 0.04098190739750862, 0.04712635278701782, 0.04143418371677399, 0.03857926279306412, 0.03836768493056297, 0.0360700748860836, 0.06363886594772339, 0.043457768857479095, 0.0422506257891655, 0.04404833912849426, 0.08654847741127014, 0.03792868182063103, 0.035973306745290756, 0.03401494771242142, 0.09683484584093094, 0.06057148799300194, 0.09710388630628586, 0.04806885868310928, 0.0532209612429142, 0.044727873057127, 0.04063300043344498, 0.12799416482448578, 0.092191182076931, 0.06883909553289413, 0.057318855077028275, 0.052716534584760666, 0.14357496798038483, 0.09529856592416763, 0.06971855461597443, 0.058603256940841675, 0.0722137838602066, 0.052836377173662186, 0.11207585036754608, 0.0721355676651001, 0.05537201464176178, 0.05117403715848923, 0.04706951230764389, 0.11060015857219696, 0.0746646523475647, 0.06371258199214935, 0.061262309551239014, 0.06102679669857025, 0.11956019699573517, 0.10670650005340576, 0.07642027735710144, 0.0721125677227974, 0.056336890906095505, 0.05417100340127945, 0.04939188063144684, 0.04790179058909416, 0.045102283358573914, 0.044221196323633194, 0.042976025491952896, 0.04038242995738983],