{"loss": [0.09919474273920059, 0.07903535664081573, 0.07766459137201309, 0.07234066724777222, 0.06929101049900055, 0.06459519267082214, 0.07636171579360962, 0.06744538247585297, 0.0636645257472992, 0.053222864866256714, 0.09597156941890717, 0.08731526136398315, 0.08081354200839996, 0.06693978607654572, 0.0569792203605175, 0.0535891130566597, 0.050756413489580154, 0.049272846430540085, 0.04725518450140953, 0.0456281341612339, 0.044679731130599976, 0.04322552680969238, 0.042052485048770905, 0.04103458672761917, 0.0529257096350193, 0.05999406799674034, 0.04932348057627678, 0.04646945372223854, 0.04503455013036728, 0.0652361810207367, 0.049338456243276596, 0.045402124524116516, 0.044070810079574585, 0.07337964326143265, 0.09959934651851654, 0.08004885166883469, 0.05865143612027168, 0.044222697615623474, 0.042595796287059784, 0.04168160259723663, 0.06372618675231934, 0.04388158768415451, 0.06067297235131264, 0.052212104201316833, 0.042580168694257736, 0.03947528079152107, 0.038369063287973404, 0.037996917963027954, 0.0369311161339283, 0.03693424165248871, 0.036279935389757156, 0.035583123564720154, 0.03567526116967201, 0.03495645150542259, 0.036401551216840744, 0.03430206701159477, 0.03422809764742851, 0.033828895539045334, 0.03562555089592934, 0.03367042541503906, 0.03293219581246376, 0.02948801964521408, 0.027644295245409012, 0.08357638120651245, 0.07177538424730301, 0.06265246868133545, 0.05667760595679283, 0.06261567026376724, 0.08107464760541916, 0.07066423445940018, 0.06455917656421661, 0.061572685837745667, 0.10275952517986298, 0.08057021349668503, 0.11372878402471542, 0.07597380876541138, 0.06968072801828384, 0.06595459580421448, 0.06368345767259598, 0.06103566661477089, 0.07915651053190231, 0.06580737233161926, 0.07791054248809814, 0.08662068098783493, 0.12430783361196518, 0.10107028484344482, 0.09616661071777344, 0.10425559431314468, 0.08007904887199402, 0.07296475768089294, 0.07026325911283493, 0.06999949365854263, 0.06567402929067612, 0.0805024802684784, 0.06989236176013947, 0.09681478142738342, 0.0919729545712471, 0.07238510251045227, 0.06939775496721268, 0.07378965616226196, 0.06336232274770737, 0.059436097741127014, 0.07876309007406235], "mae": [0.20419837534427643, 0.15977098047733307, 0.15724614262580872, 0.146405428647995, 0.13912683725357056, 0.13013696670532227, 0.14542101323604584, 0.13099586963653564, 0.12943023443222046, 0.10743864625692368, 0.18696458637714386, 0.17045721411705017, 0.15738695859909058, 0.13146771490573883, 0.10709153860807419, 0.0977783277630806, 0.09171996265649796, 0.08846057951450348, 0.0847705528140068, 0.08164224028587341, 0.07966046035289764, 0.07678703218698502, 0.07436864078044891, 0.07231946289539337, 0.08269952237606049, 0.09793621301651001, 0.0819363221526146, 0.07644349336624146, 0.07318692654371262, 0.11249575018882751, 0.08718730509281158, 0.07802849262952805, 0.074647918343544, 0.09765014052391052, 0.13362327218055725, 0.1070403903722763, 0.0865715742111206, 0.07234083861112595, 0.06924669444561005, 0.06755685061216354, 0.09542331844568253, 0.07446908205747604, 0.09135869890451431, 0.08770517259836197, 0.07246062904596329, 0.06589069217443466, 0.06294151395559311, 0.0618731714785099, 0.059929415583610535, 0.06009663641452789, 0.059021204710006714, 0.05778881534934044, 0.05824006721377373, 0.05672813579440117, 0.05941323935985565, 0.05605834349989891, 0.055209845304489136, 0.05446503311395645, 0.05677942559123039, 0.055218856781721115, 0.05324188992381096, 0.05245141685009003, 0.05003887414932251, 0.11930997669696808, 0.1352141797542572, 0.12029030919075012, 0.10758042335510254, 0.11542041599750519, 0.14994394779205322, 0.1320439726114273, 0.12077439576387405, 0.11468396335840225, 0.19572408497333527, 0.14899487793445587, 0.14988721907138824, 0.1366262435913086, 0.12504541873931885, 0.11659564822912216, 0.11110683530569077, 0.10565000772476196, 0.1407153606414795, 0.12290491163730621, 0.12149981409311295, 0.13268299400806427, 0.22352781891822815, 0.19213643670082092, 0.18421100080013275, 0.19636954367160797, 0.15558266639709473, 0.13959136605262756, 0.1345261186361313, 0.13368093967437744, 0.12661847472190857, 0.14998038113117218, 0.13238650560379028, 0.14725153148174286, 0.17891302704811096, 0.14538805186748505, 0.13580861687660217, 0.14438748359680176, 0.12361451983451843, 0.11561451852321625, 0.14540190994739532], "val_loss": [0.07903551310300827, 0.07998298108577728, 0.07428552210330963, 0.07006500661373138, 0.06720598042011261, 0.06113088130950928, 0.06430523842573166, 0.07804644107818604, 0.05585053190588951, 0.0502631813287735, 0.09110906720161438, 0.08414577692747116, 0.07372018694877625, 0.058697011321783066, 0.05281459167599678, 0.05311549827456474, 0.04943758249282837, 0.05165454372763634, 0.04636966064572334, 0.044651348143815994, 0.044750962406396866, 0.042159128934144974, 0.04094725474715233, 0.04035137966275215, 0.07871847599744797, 0.05284610390663147, 0.0468563437461853, 0.04702255129814148, 0.04398170858621597, 0.055778585374355316, 0.04773445054888725, 0.04633597284555435, 0.04348175600171089, 0.1240309476852417, 0.09190546721220016, 0.07223270833492279, 0.04500000178813934, 0.04310285300016403, 0.04205866903066635, 0.0425100140273571, 0.04559575021266937, 0.04233930632472038, 0.06565633416175842, 0.045073140412569046, 0.040252797305583954, 0.03870389237999916, 0.03828218951821327, 0.03839929774403572, 0.03731045499444008, 0.03928784281015396, 0.036615945398807526, 0.03724704310297966, 0.03528861701488495, 0.03506498411297798, 0.03597991541028023, 0.03526188060641289, 0.03397150710225105, 0.034258559346199036, 0.03951089829206467, 0.033856697380542755, 0.03414307162165642, 0.02905692346394062, 0.02903168834745884, 0.09843596816062927, 0.0671854317188263, 0.058084964752197266, 0.05385299026966095, 0.08311685174703598, 0.07729065418243408, 0.06584780663251877, 0.06098727881908417, 0.14676150679588318, 0.08126624673604965, 0.14405514299869537, 0.08449526131153107, 0.07264966517686844, 0.0679270476102829, 0.06525324285030365, 0.061796482652425766, 0.06098073720932007, 0.0673401728272438, 0.06534682214260101, 0.11309179663658142, 0.07182081043720245, 0.11336693167686462, 0.08252076059579849, 0.1148020476102829, 0.09859469532966614, 0.07723516970872879, 0.07336971163749695, 0.06943944096565247, 0.06785799562931061, 0.06316480785608292, 0.07236537337303162, 0.07022933661937714, 0.07485903799533844, 0.0763520747423172, 0.06963428854942322, 0.10168493539094925, 0.06588016450405121, 0.06222325563430786, 0.05785706266760826, 0.08017995953559875],