{"loss": [0.10675102472305298, 0.10587629675865173, 0.09987437725067139, 0.09212350100278854, 0.08535628020763397, 0.07294362038373947, 0.08542732149362564, 0.0815209448337555, 0.07438894361257553, 0.07004477083683014, 0.07818387448787689, 0.06696392595767975, 0.07770446687936783, 0.09083858132362366, 0.06454603374004364, 0.05424218624830246, 0.06528694927692413, 0.05232461169362068, 0.047922905534505844, 0.06833701580762863, 0.05325554311275482, 0.0485820434987545, 0.04577033966779709, 0.043951936066150665, 0.042739927768707275, 0.041446324437856674, 0.04026824235916138, 0.03954743593931198, 0.0386960431933403, 0.03769354149699211, 0.037031106650829315, 0.037018582224845886, 0.03569893538951874, 0.035170961171388626, 0.03470723330974579, 0.08796752989292145, 0.10608097910881042, 0.09114974737167358, 0.0981132760643959, 0.08962684869766235, 0.08819188922643661, 0.090657539665699, 0.07481573522090912, 0.06436176598072052, 0.05581008270382881, 0.051226336508989334, 0.05681570991873741, 0.0487714521586895, 0.04518374055624008, 0.043093811720609665, 0.041737716645002365, 0.042039431631565094, 0.039486467838287354, 0.03988135606050491, 0.03815333545207977, 0.11625789850950241, 0.14384883642196655, 0.14349351823329926, 0.14323505759239197, 0.14305461943149567, 0.14267614483833313, 0.14232002198696136, 0.14160174131393433, 0.13094277679920197, 0.09914287179708481, 0.08402782678604126, 0.06564615666866302, 0.05908946320414543, 0.05590211600065231, 0.053756359964609146, 0.05164046213030815, 0.04845765605568886, 0.04633750393986702, 0.044465091079473495, 0.04280738905072212], "mae": [0.2120337188243866, 0.21009288728237152, 0.19602857530117035, 0.1835983246564865, 0.16749155521392822, 0.14796365797519684, 0.16738858819007874, 0.16000406444072723, 0.14619635045528412, 0.13590359687805176, 0.1437179297208786, 0.133806511759758, 0.15139861404895782, 0.14998933672904968, 0.12994235754013062, 0.11054772883653641, 0.1265452802181244, 0.10819078236818314, 0.09780760109424591, 0.12435966730117798, 0.1024186760187149, 0.09105801582336426, 0.08465193212032318, 0.08071238547563553, 0.07809297740459442, 0.07526066154241562, 0.0727974995970726, 0.07119525223970413, 0.06948001682758331, 0.0678151398897171, 0.06669029593467712, 0.06649821996688843, 0.06428583711385727, 0.0630575567483902, 0.062024734914302826, 0.16137723624706268, 0.20889978110790253, 0.17544950544834137, 0.16847668588161469, 0.14918850362300873, 0.1501326709985733, 0.16075608134269714, 0.1365795135498047, 0.1267564296722412, 0.1119718849658966, 0.10237575322389603, 0.10900253057479858, 0.09490015357732773, 0.08851014077663422, 0.0840313509106636, 0.08112624287605286, 0.08079705387353897, 0.07723681628704071, 0.07792545855045319, 0.07460466772317886, 0.1322094351053238, 0.1501346081495285, 0.14943532645702362, 0.14881736040115356, 0.14836059510707855, 0.14761748909950256, 0.14686319231987, 0.14654573798179626, 0.1692112386226654, 0.1968584656715393, 0.16459965705871582, 0.11959289014339447, 0.10421714186668396, 0.0971393883228302, 0.09219474345445633, 0.0881575495004654, 0.0849585235118866, 0.08122116327285767, 0.07887439429759979, 0.07502603530883789], "val_loss": [0.12271440029144287, 0.10796136409044266, 0.13729660212993622, 0.09444229304790497, 0.0762927234172821, 0.0693405494093895, 0.074900783598423, 0.07248227298259735, 0.07581046968698502, 0.06534573435783386, 0.06892461329698563, 0.15824729204177856, 0.08894570171833038, 0.07276316732168198, 0.058769553899765015, 0.05139197036623955, 0.055546872317790985, 0.048849448561668396, 0.0464383102953434, 0.057076167315244675, 0.0527181550860405, 0.04624880850315094, 0.043938469141721725, 0.04260685294866562, 0.042055610567331314, 0.0408104844391346, 0.040184058248996735, 0.03804456442594528, 0.040404312312603, 0.03736060857772827, 0.03619202971458435, 0.035844359546899796, 0.035088106989860535, 0.03540768101811409, 0.03426195681095123, 0.11275284737348557, 0.1061941385269165, 0.08259540796279907, 0.09403794258832932, 0.08614744991064072, 0.07745087146759033, 0.06673581153154373, 0.08536505699157715, 0.05732942000031471, 0.0523327998816967, 0.04932933673262596, 0.06658235937356949, 0.046695780009031296, 0.045489344745874405, 0.042318835854530334, 0.04160900413990021, 0.04148135706782341, 0.03862738981842995, 0.038038864731788635, 0.09259534627199173, 0.1441287100315094, 0.14364658296108246, 0.14332345128059387, 0.14311064779758453, 0.1430366039276123, 0.14229442179203033, 0.1420344114303589, 0.14092077314853668, 0.10230407863855362, 0.09500738233327866, 0.07981430739164352, 0.06007476523518562, 0.05666520074009895, 0.05401293933391571, 0.05201791971921921, 0.05269809067249298, 0.04773959144949913, 0.04548380523920059, 0.044522084295749664, 0.04474739357829094], "val_mae": [0.252144455909729, 0.2154179811477661, 0.17528705298900604, 0.15986435115337372, 0.1592675894498825, 0.1395684778690338, 0.15042433142662048, 0.14542898535728455, 0.14878879487514496, 0.12690852582454681, 0.1386895477771759, 0.21913380920886993, 0.14763158559799194, 0.1394384354352951, 0.1210782527923584, 0.10584504157304764, 0.11571203917264938, 0.10198012739419937, 0.0928104966878891, 0.10976717621088028, 0.09848852455615997, 0.08731294423341751, 0.0813174918293953, 0.07881047576665878, 0.07678427547216415, 0.07438396662473679, 0.07288829982280731, 0.06807108223438263, 0.07031194120645523, 0.06708438694477081, 0.06493823975324631, 0.06574834138154984, 0.06420090049505234, 0.06269258260726929, 0.0616939440369606, 0.22757557034492493, 0.22815419733524323, 0.15531685948371887, 0.1574157327413559, 0.1448715776205063, 0.13812683522701263, 0.1263473480939865, 0.1557423621416092, 0.11885892599821091, 0.10456952452659607, 0.10106928646564484, 0.12260652333498001, 0.09051913022994995, 0.08654217422008514, 0.08166831731796265, 0.07960246503353119, 0.07934267818927765, 0.07515721023082733, 0.07453034073114395, 0.13752645254135132, 0.15047040581703186, 0.14980944991111755, 0.1493825614452362, 0.14860402047634125, 0.14759139716625214, 0.1469704806804657, 0.14658097922801971, 0.14612646400928497, 0.20504696667194366, 0.18637026846408844, 0.14549630880355835, 0.10645579546689987, 0.10208896547555923, 0.09421668946743011, 0.09048064053058624, 0.08721739798784256, 0.08280951529741287, 0.07984759658575058, 0.0796167328953743, 0.07781064510345459]}