{"loss": [0.11424130201339722, 0.08406240493059158, 0.07733424007892609, 0.0729040801525116, 0.07179560512304306, 0.06943880021572113, 0.08697815239429474, 0.073130302131176, 0.0681656077504158, 0.07306079566478729, 0.0706067681312561, 0.06501466035842896, 0.06050132215023041, 0.057851508259773254, 0.05613287165760994, 0.054791584610939026, 0.05298853665590286, 0.05162781849503517, 0.051054853945970535, 0.048833128064870834, 0.047898564487695694, 0.053751181811094284, 0.0459769032895565, 0.04495531693100929, 0.0653051808476448, 0.05432955548167229, 0.045980304479599, 0.04464109241962433, 0.043051719665527344, 0.042277589440345764, 0.07482673972845078, 0.06125905364751816, 0.056857943534851074, 0.05469144508242607, 0.07286788523197174, 0.05642314255237579, 0.05725552886724472, 0.09290283173322678, 0.09097817540168762, 0.08113230019807816, 0.0864219143986702, 0.07106322795152664, 0.06592787802219391, 0.06167452782392502, 0.07677809149026871, 0.07179652154445648, 0.06315595656633377, 0.07547316700220108, 0.06267435103654861, 0.0743151381611824, 0.09305733442306519, 0.09735529869794846, 0.07960034906864166, 0.09745088964700699, 0.08805503696203232, 0.06642463058233261, 0.058964263647794724, 0.10158242285251617, 0.07374031841754913, 0.09525987505912781, 0.0697997510433197, 0.07511936873197556, 0.06564647704362869, 0.06017911061644554, 0.077229343354702, 0.07654691487550735, 0.06803420931100845, 0.06986597925424576, 0.06852997839450836, 0.09059219807386398], "mae": [0.23161554336547852, 0.1674063503742218, 0.15397872030735016, 0.14273618161678314, 0.14038679003715515, 0.1363660991191864, 0.17573411762714386, 0.15098416805267334, 0.13715508580207825, 0.14249886572360992, 0.14125867187976837, 0.13026705384254456, 0.12080872058868408, 0.11526888608932495, 0.11155292391777039, 0.108512744307518, 0.10470663756132126, 0.1017269492149353, 0.1001862958073616, 0.09607332944869995, 0.09401458501815796, 0.10029933601617813, 0.0907382220029831, 0.08843874931335449, 0.1114879846572876, 0.1035788506269455, 0.0932113379240036, 0.08933267742395401, 0.08549760282039642, 0.08337955176830292, 0.11779166758060455, 0.10008273273706436, 0.09459745138883591, 0.09072134643793106, 0.10902073234319687, 0.09116604924201965, 0.08852382004261017, 0.13573750853538513, 0.1356591433286667, 0.12271719425916672, 0.13138622045516968, 0.11762730032205582, 0.1089077815413475, 0.10130555927753448, 0.11854876577854156, 0.13217179477214813, 0.1192908063530922, 0.12738588452339172, 0.11630865931510925, 0.11964990198612213, 0.13761654496192932, 0.14398854970932007, 0.13237810134887695, 0.15432468056678772, 0.146566703915596, 0.12327902764081955, 0.10740895569324493, 0.14637865126132965, 0.13531862199306488, 0.15222515165805817, 0.13053980469703674, 0.13109955191612244, 0.12859326601028442, 0.11822604387998581, 0.1364697813987732, 0.14626185595989227, 0.12808041274547577, 0.12262704968452454, 0.12936340272426605, 0.13448794186115265], "val_loss": [0.09053695201873779, 0.08121080696582794, 0.07363444566726685, 0.07150910049676895, 0.06916338205337524, 0.06942538917064667, 0.07655734568834305, 0.06956173479557037, 0.06611891835927963, 0.07419340312480927, 0.06693027168512344, 0.06221932917833328, 0.05821710079908371, 0.059896573424339294, 0.060190923511981964, 0.05408512428402901, 0.051783762872219086, 0.053075965493917465, 0.04866354539990425, 0.04773039370775223, 0.04562697932124138, 0.04868663102388382, 0.04494352638721466, 0.043607890605926514, 0.06178632006049156, 0.04743565246462822, 0.04453850910067558, 0.04316386952996254, 0.04195699468255043, 0.040570881217718124, 0.06470086425542831, 0.0610516257584095, 0.05443114787340164, 0.05441631004214287, 0.06144050508737564, 0.0514911487698555, 0.14201676845550537, 0.07737202197313309, 0.08522765338420868, 0.0772286206483841, 0.0729914978146553, 0.06651172041893005, 0.0704803541302681, 0.06085081025958061, 0.07730688899755478, 0.06563907861709595, 0.060367561876773834, 0.0790591612458229, 0.05997120216488838, 0.08963030576705933, 0.09686290472745895, 0.0844825878739357, 0.07637418806552887, 0.11852522939443588, 0.07679236680269241, 0.06113089993596077, 0.05538426339626312, 0.07870408892631531, 0.06982395797967911, 0.07235759496688843, 0.06843599677085876, 0.0718877911567688, 0.06153101101517677, 0.057338349521160126, 0.06921985745429993, 0.07462861388921738, 0.06537597626447678, 0.11324939131736755, 0.06214315444231033, 0.12923790514469147], "val_mae": [0.17184408009052277, 0.1606375277042389, 0.147185817360878, 0.1380833387374878, 0.1361762136220932, 0.13681171834468842, 0.16211283206939697, 0.14257965981960297, 0.13218607008457184, 0.1486603319644928, 0.13515149056911469, 0.1253058910369873, 0.11700382083654404, 0.11839756369590759, 0.11280056834220886, 0.10489024966955185, 0.1024310514330864, 0.10502158850431442, 0.09735149890184402, 0.09348960220813751, 0.09068822115659714, 0.09543123096227646, 0.0879003182053566, 0.08732403814792633, 0.10632939636707306, 0.09726560115814209, 0.09066208451986313, 0.08903350681066513, 0.08449572324752808, 0.0824241191148758, 0.10688111186027527, 0.09935060143470764, 0.09161172807216644, 0.08940403163433075, 0.09748013317584991, 0.08564931899309158, 0.15096810460090637, 0.12459880113601685, 0.13006217777729034, 0.11663343757390976, 0.12331574410200119, 0.11013583838939667, 0.11396817862987518, 0.09839701652526855, 0.13859985768795013, 0.12466142326593399, 0.11363329738378525, 0.13207876682281494, 0.10994987934827805, 0.13645432889461517, 0.1416565179824829, 0.13939803838729858, 0.12580201029777527, 0.15475325286388397, 0.1362634301185608, 0.11253806203603745, 0.10097960382699966, 0.1367434710264206, 0.13702073693275452, 0.13917620480060577, 0.12753644585609436, 0.13666024804115295, 0.12222746759653091, 0.11248128861188889, 0.14162378013134003, 0.14281706511974335, 0.12400073558092117, 0.1387798935174942, 0.1211760938167572, 0.1639525294303894]}