{"loss": [0.07384836673736572, 0.05509075149893761, 0.05140412971377373, 0.04881921410560608, 0.0467558391392231, 0.04521581903100014, 0.044375792145729065, 0.04384990409016609, 0.04315341264009476, 0.04266958311200142, 0.042272984981536865, 0.04206361994147301, 0.04148922488093376, 0.0413641594350338, 0.04106287658214569, 0.040959492325782776, 0.040971193462610245, 0.04094073921442032, 0.04012731835246086, 0.03994094207882881, 0.041878629475831985, 0.041700009256601334, 0.041448310017585754, 0.04054144024848938, 0.043964046984910965, 0.04413197934627533, 0.04370442032814026, 0.042481813579797745, 0.041893359273672104, 0.04219465330243111, 0.042144306004047394, 0.04161522909998894, 0.04178048297762871, 0.04125000908970833, 0.042733967304229736, 0.04752100259065628, 0.0444575697183609, 0.042778726667165756, 0.042355727404356, 0.04172543063759804, 0.04045013710856438, 0.041016921401023865, 0.04073643684387207, 0.04081032797694206, 0.04015633463859558, 0.03984552621841431, 0.04015983268618584, 0.03981828689575195], "mae": [0.1447010338306427, 0.1075037345290184, 0.10085397958755493, 0.09537909179925919, 0.09144172072410583, 0.08837805688381195, 0.08674247562885284, 0.0856388732790947, 0.08426182717084885, 0.08339162170886993, 0.08236831426620483, 0.0819639042019844, 0.08065357804298401, 0.08064930886030197, 0.08008701354265213, 0.07973229885101318, 0.07951068878173828, 0.07941704243421555, 0.07817263156175613, 0.0776282474398613, 0.08096183091402054, 0.08110594749450684, 0.08064146339893341, 0.07888596504926682, 0.0848010703921318, 0.0857573077082634, 0.08526403456926346, 0.08303585648536682, 0.08170583099126816, 0.08194420486688614, 0.08200620859861374, 0.08102105557918549, 0.0810120552778244, 0.08021590858697891, 0.08270765095949173, 0.09174466133117676, 0.08667518198490143, 0.08354402333498001, 0.08220184594392776, 0.08116020262241364, 0.07883328944444656, 0.07959089428186417, 0.07921341806650162, 0.07910336554050446, 0.0780746266245842, 0.0770416259765625, 0.07775645703077316, 0.07719510048627853], "val_loss": [0.0551321916282177, 0.052863072603940964, 0.04658817872405052, 0.04546889662742615, 0.045608311891555786, 0.043108705431222916, 0.0421815849840641, 0.041198067367076874, 0.041166674345731735, 0.04271169751882553, 0.04102623462677002, 0.04083248972892761, 0.03923643380403519, 0.04058196395635605, 0.04029635339975357, 0.03911367431282997, 0.039116501808166504, 0.03836400434374809, 0.03849595785140991, 0.0409235879778862, 0.04127541556954384, 0.041371386498212814, 0.04164741933345795, 0.03840106353163719, 0.04403827339410782, 0.0440908744931221, 0.044348109513521194, 0.04085354506969452, 0.040349554270505905, 0.04027673602104187, 0.04134000092744827, 0.043215714395046234, 0.03981484845280647, 0.03953170403838158, 0.04959091544151306, 0.04388809576630592, 0.04448399692773819, 0.04106840863823891, 0.05222052335739136, 0.039997249841690063, 0.04067600890994072, 0.0423332117497921, 0.03958756476640701, 0.03988278657197952, 0.03985746204853058, 0.04063956066966057, 0.03986646234989166, 0.03875928372144699], "val_mae": [0.09981817752122879, 0.09311562031507492, 0.08519180864095688, 0.0804828405380249, 0.07929176837205887, 0.07570905983448029, 0.07240947335958481, 0.07128831744194031, 0.07173003256320953, 0.07326740026473999, 0.06911313533782959, 0.07056742906570435, 0.06736807525157928, 0.06858498603105545, 0.06646879017353058, 0.0659889429807663, 0.0664769783616066, 0.06595201790332794, 0.06519272923469543, 0.06848178058862686, 0.06980409473180771, 0.07026439160108566, 0.06920836120843887, 0.06511873751878738, 0.07406684011220932, 0.07429341226816177, 0.07558203488588333, 0.06988749653100967, 0.07017645984888077, 0.06956969201564789, 0.0702286884188652, 0.07143235951662064, 0.06769079715013504, 0.066831573843956, 0.08175233006477356, 0.07430160045623779, 0.0749872624874115, 0.07021264731884003, 0.09304233640432358, 0.06887095421552658, 0.06838778406381607, 0.07030529528856277, 0.06700664013624191, 0.06760513782501221, 0.06612371653318405, 0.06881291419267654, 0.06724894046783447, 0.06484252959489822]}