{"loss": [0.07447919994592667, 0.05667022988200188, 0.05268504098057747, 0.0498531274497509, 0.0479404553771019, 0.04665999487042427, 0.04562815651297569, 0.04458558186888695, 0.044397637248039246, 0.04357107728719711, 0.04336562752723694, 0.04296199232339859, 0.043070368468761444, 0.04487118497490883, 0.04304329678416252, 0.04210006073117256, 0.04186414182186127, 0.04158923402428627, 0.041462384164333344, 0.04172304645180702, 0.04111913591623306, 0.041136059910058975, 0.04135171324014664, 0.0406954288482666, 0.04129228740930557, 0.04189334437251091, 0.040667153894901276, 0.040874458849430084, 0.040970806032419205, 0.04119611531496048, 0.04048756882548332, 0.040562696754932404, 0.04070751368999481, 0.04038866236805916, 0.04047512263059616, 0.04076749086380005, 0.04108492657542229, 0.04077984765172005, 0.04107874259352684, 0.040965501219034195, 0.04204440861940384, 0.042799971997737885, 0.041326042264699936, 0.04079108312726021, 0.04174623265862465, 0.04092467203736305, 0.04384536296129227, 0.04367602616548538, 0.042031385004520416, 0.04142764210700989, 0.041168734431266785, 0.04504965618252754, 0.0427396185696125, 0.04237109795212746, 0.04198108986020088, 0.048165928572416306], "mae": [0.1464884728193283, 0.11066411435604095, 0.10275378078222275, 0.09737641364336014, 0.09384283423423767, 0.09124302864074707, 0.0891517922282219, 0.08720464259386063, 0.0867156982421875, 0.08546966314315796, 0.08471301943063736, 0.0840013399720192, 0.08427460491657257, 0.08712077885866165, 0.08426683396100998, 0.0823272094130516, 0.08181553333997726, 0.08138924092054367, 0.08090580254793167, 0.08145669847726822, 0.08040257543325424, 0.08036590367555618, 0.0805443525314331, 0.07952394336462021, 0.0806056559085846, 0.08138089627027512, 0.07949073612689972, 0.07982867956161499, 0.07999244332313538, 0.08038589358329773, 0.07895594090223312, 0.07911723852157593, 0.07953854650259018, 0.07877057045698166, 0.07884874194860458, 0.07937327027320862, 0.0804625004529953, 0.07941009104251862, 0.08027312159538269, 0.07988730072975159, 0.08147784322500229, 0.08378663659095764, 0.08054540306329727, 0.0794178918004036, 0.08121174573898315, 0.0803384929895401, 0.08536513894796371, 0.0853089690208435, 0.08166667073965073, 0.08114549517631531, 0.08073844015598297, 0.08781275898218155, 0.08343266695737839, 0.08239497244358063, 0.08234819769859314, 0.09469805657863617], "val_loss": [0.05722663179039955, 0.05251896753907204, 0.049602050334215164, 0.04865718260407448, 0.04939824342727661, 0.044196248054504395, 0.04420331120491028, 0.04510625824332237, 0.04373742267489433, 0.043691541999578476, 0.04247542470693588, 0.0437992699444294, 0.04445689171552658, 0.043984539806842804, 0.04305269196629524, 0.04362786188721657, 0.043259408324956894, 0.044033970683813095, 0.04303671792149544, 0.044495925307273865, 0.042828794568777084, 0.04245291277766228, 0.04465480521321297, 0.042662277817726135, 0.04276984557509422, 0.040140289813280106, 0.04400138184428215, 0.04654231667518616, 0.04329864680767059, 0.0421326607465744, 0.0416787751019001, 0.043180275708436966, 0.042779069393873215, 0.040935367345809937, 0.043673690408468246, 0.041746195405721664, 0.04355381801724434, 0.043018169701099396, 0.0432029590010643, 0.04574953019618988, 0.04788591340184212, 0.04284967854619026, 0.04291003569960594, 0.045599907636642456, 0.04299493134021759, 0.04281579703092575, 0.04559234902262688, 0.04270506650209427, 0.049901776015758514, 0.043745122849941254, 0.04397021606564522, 0.046991199254989624, 0.04526551067829132, 0.04634103924036026, 0.056942738592624664, 0.052266720682382584], "val_mae": [0.1033160611987114, 0.09136203676462173, 0.08489256352186203, 0.08268404006958008, 0.08269242197275162, 0.07594052702188492, 0.0739639550447464, 0.07414980977773666, 0.07203194499015808, 0.07262760400772095, 0.07088946551084518, 0.07146414369344711, 0.07109501957893372, 0.07243558019399643, 0.07123411446809769, 0.07206621766090393, 0.07089638710021973, 0.06978186964988708, 0.06876979023218155, 0.07083434611558914, 0.06892896443605423, 0.06832043826580048, 0.0713825449347496, 0.06823428720235825, 0.06907840073108673, 0.06601900607347488, 0.06922553479671478, 0.07409029453992844, 0.07110708951950073, 0.06876535713672638, 0.06804360449314117, 0.06838618963956833, 0.0687449499964714, 0.06654361635446548, 0.06919784843921661, 0.06714409589767456, 0.07078945636749268, 0.06941445171833038, 0.06931450217962265, 0.0706176608800888, 0.07692039012908936, 0.07000341266393661, 0.0684392973780632, 0.071833036839962, 0.06828576326370239, 0.06916918605566025, 0.07962405681610107, 0.07117652148008347, 0.08048110455274582, 0.07142338901758194, 0.06992752104997635, 0.07853042334318161, 0.07660160958766937, 0.07329574972391129, 0.10287868231534958, 0.0901436060667038]}