{"loss": [0.07470516860485077, 0.05475156009197235, 0.050779830664396286, 0.04810210317373276, 0.046398892998695374, 0.04585951566696167, 0.044438980519771576, 0.04385843127965927, 0.04367830604314804, 0.042780518531799316, 0.042332421988248825, 0.04227176681160927, 0.04186343774199486, 0.04177675396203995, 0.04153873026371002, 0.04145991802215576, 0.04149101302027702, 0.04318024963140488, 0.04831923916935921, 0.04511608928442001, 0.043690696358680725, 0.0435037724673748, 0.0430045984685421, 0.0428365096449852, 0.0429481603205204, 0.04351513460278511, 0.043069057166576385, 0.04268866404891014, 0.043047644197940826, 0.04217579960823059, 0.04212795943021774, 0.041971977800130844, 0.04205245524644852, 0.042801424860954285, 0.04219088703393936, 0.04205980896949768, 0.04209968447685242, 0.04175615683197975, 0.041683029383420944, 0.041863810271024704, 0.04199221357703209, 0.048805270344018936, 0.04643898084759712, 0.046310171484947205, 0.04572517052292824, 0.04498656466603279, 0.04450694099068642], "mae": [0.14721620082855225, 0.10738199949264526, 0.09956241399049759, 0.09483765065670013, 0.0911390632390976, 0.09015660732984543, 0.08742029219865799, 0.08604743331670761, 0.08542089909315109, 0.08388303220272064, 0.08280105888843536, 0.08273053169250488, 0.08193822205066681, 0.08173554390668869, 0.08144799619913101, 0.08116669207811356, 0.08114892244338989, 0.08464934676885605, 0.0966506227850914, 0.08708062022924423, 0.08502265065908432, 0.08513612300157547, 0.0842091515660286, 0.0839734673500061, 0.08414439111948013, 0.08507101982831955, 0.08435636013746262, 0.08368425071239471, 0.08435630053281784, 0.08244168013334274, 0.08224610984325409, 0.08206252753734589, 0.0821700170636177, 0.0837128609418869, 0.08244965970516205, 0.08224594593048096, 0.08260767161846161, 0.08162000775337219, 0.08148957043886185, 0.08165785670280457, 0.08195558190345764, 0.09439109265804291, 0.09106370806694031, 0.09083211421966553, 0.08958995342254639, 0.08848709613084793, 0.08750525861978531], "val_loss": [0.0552353635430336, 0.05120445042848587, 0.04627697542309761, 0.04691401869058609, 0.047307588160037994, 0.045497749000787735, 0.04449499398469925, 0.044884953647851944, 0.04732842743396759, 0.042936623096466064, 0.04398166015744209, 0.042600732296705246, 0.04353199526667595, 0.04411941021680832, 0.04300614073872566, 0.04448491334915161, 0.04223458096385002, 0.06284523755311966, 0.05093769356608391, 0.04563497379422188, 0.04450267553329468, 0.044284388422966, 0.04447605088353157, 0.04538075998425484, 0.04453600198030472, 0.047405872493982315, 0.044943805783987045, 0.046763814985752106, 0.04357500374317169, 0.04410601407289505, 0.0446004681289196, 0.04495153948664665, 0.04594691842794418, 0.04399532824754715, 0.04671914875507355, 0.04333464056253433, 0.0430624894797802, 0.04481076821684837, 0.04349973425269127, 0.045778024941682816, 0.04479575529694557, 0.0499749630689621, 0.047484613955020905, 0.047042377293109894, 0.0461701862514019, 0.044450946152210236, 0.046403687447309494], "val_mae": [0.10270211845636368, 0.08926169574260712, 0.08214779198169708, 0.07864661514759064, 0.0779339000582695, 0.07520610094070435, 0.0737069621682167, 0.07253740727901459, 0.07409140467643738, 0.07000532001256943, 0.07116750627756119, 0.06915640085935593, 0.06940972805023193, 0.07090390473604202, 0.06856485456228256, 0.0709788128733635, 0.06795699149370193, 0.11888466775417328, 0.09166490286588669, 0.07206646353006363, 0.07284107804298401, 0.07257147878408432, 0.07066947221755981, 0.071744404733181, 0.072716623544693, 0.07639877498149872, 0.07253118604421616, 0.0724099799990654, 0.0698036178946495, 0.07008090615272522, 0.07191077619791031, 0.07264893501996994, 0.0734131783246994, 0.07029303908348083, 0.07396116107702255, 0.07084035128355026, 0.06938079744577408, 0.07050524652004242, 0.06918059289455414, 0.0739283561706543, 0.07013721019029617, 0.08144889026880264, 0.07934973388910294, 0.07864026725292206, 0.07674866914749146, 0.07490839809179306, 0.0760689303278923]}