{"loss": [0.12222275882959366, 0.11557050049304962, 0.10758645832538605, 0.09383706748485565, 0.08363493531942368, 0.07868664711713791, 0.07552225142717361, 0.07257755845785141, 0.07265227288007736, 0.07517159730195999, 0.08539783209562302, 0.07746222615242004, 0.0759565606713295, 0.07584458589553833, 0.06188337132334709, 0.05652415007352829, 0.05326737463474274, 0.05155070498585701, 0.04961078613996506, 0.0485885888338089, 0.04738539829850197, 0.0467003732919693, 0.04602977633476257, 0.044756777584552765, 0.04402073472738266, 0.04484426602721214, 0.0426495298743248, 0.042240504175424576, 0.042169395834207535, 0.04064871743321419, 0.040805451571941376, 0.04506302624940872, 0.039480723440647125, 0.03864274546504021, 0.03853723779320717, 0.03792935982346535, 0.04159292206168175, 0.037120696157217026, 0.03686540946364403, 0.03786967694759369, 0.03628704696893692, 0.036112673580646515, 0.035393863916397095, 0.03514336049556732, 0.08347556740045547, 0.0942293331027031, 0.07721851021051407, 0.05550083890557289, 0.07966183871030807, 0.04777077957987785, 0.04541716352105141, 0.044622551649808884, 0.037884943187236786, 0.03696072846651077, 0.036133773624897, 0.03533894568681717, 0.03498899191617966, 0.03454992175102234, 0.045227907598018646, 0.04149385914206505, 0.09399449080228806, 0.08142855763435364, 0.07641367614269257, 0.0665951818227768, 0.06318710744380951, 0.0521470345556736, 0.06734944880008698, 0.04367317259311676, 0.04583091288805008, 0.05693187192082405, 0.07658936083316803, 0.12382584810256958, 0.08424189686775208, 0.08795233815908432, 0.0753067210316658, 0.07933694869279861, 0.05692477524280548, 0.05522134527564049, 0.0488080196082592, 0.08078032732009888, 0.07200862467288971, 0.056705377995967865, 0.04699048399925232, 0.04563571885228157, 0.04234771430492401, 0.040930259972810745, 0.04887169972062111, 0.04516422003507614, 0.03923863545060158, 0.0424068458378315], "mae": [0.2459251433610916, 0.23650334775447845, 0.22469644248485565, 0.19545571506023407, 0.16922390460968018, 0.15731695294380188, 0.151850163936615, 0.14711710810661316, 0.14648695290088654, 0.14387984573841095, 0.16000744700431824, 0.14469777047634125, 0.1395389884710312, 0.14039523899555206, 0.12806996703147888, 0.11581685394048691, 0.10835353285074234, 0.10437028110027313, 0.10056409984827042, 0.09796623140573502, 0.09541655331850052, 0.09377206116914749, 0.09196421504020691, 0.08963688462972641, 0.08806435763835907, 0.08885324746370316, 0.08530645817518234, 0.08417144417762756, 0.08375494182109833, 0.08141881227493286, 0.0809582769870758, 0.08548496663570404, 0.07876399904489517, 0.07727095484733582, 0.07663656771183014, 0.07569801807403564, 0.0796630010008812, 0.07407990097999573, 0.07340767979621887, 0.0743178129196167, 0.07211853563785553, 0.07157823443412781, 0.07038675993680954, 0.06977018713951111, 0.12019714713096619, 0.15956105291843414, 0.12845943868160248, 0.10076366364955902, 0.1223524734377861, 0.09051695466041565, 0.08647624403238297, 0.08543888479471207, 0.07614350318908691, 0.07376205921173096, 0.07190809398889542, 0.07045475393533707, 0.06957899779081345, 0.06864587217569351, 0.07985136657953262, 0.07825178653001785, 0.15831583738327026, 0.15796244144439697, 0.14218394458293915, 0.13019520044326782, 0.11466332525014877, 0.0986236184835434, 0.12366262078285217, 0.08814886212348938, 0.08929842710494995, 0.10271985828876495, 0.1271679699420929, 0.18448537588119507, 0.15711478888988495, 0.1613776832818985, 0.14395587146282196, 0.1438980996608734, 0.11303357779979706, 0.10594850778579712, 0.09594902396202087, 0.135591059923172, 0.13286854326725006, 0.10407260060310364, 0.09046981483697891, 0.08730027079582214, 0.08307237923145294, 0.08024498075246811, 0.08963554352521896, 0.08633728325366974, 0.07802916318178177, 0.08036684989929199], "val_loss": [0.11691939830780029, 0.11667891591787338, 0.0935806930065155, 0.08808242529630661, 0.07922501116991043, 0.07137582451105118, 0.07935069501399994, 0.11537650972604752, 0.07079488039016724, 0.11653196811676025, 0.07483802735805511, 0.08322157710790634, 0.07382816821336746, 0.0645071342587471, 0.061901140958070755, 0.06635954231023788, 0.05261371657252312, 0.08456224203109741, 0.04965800419449806, 0.054572150111198425, 0.05154599994421005, 0.04554644599556923, 0.04746246710419655, 0.044594280421733856, 0.04768003150820732, 0.042428672313690186, 0.04377983137965202, 0.04231385886669159, 0.045545805245637894, 0.041173096746206284, 0.04173866659402847, 0.043592825531959534, 0.038721419870853424, 0.04033403843641281, 0.04130103439092636, 0.038535427302122116, 0.040948834270238876, 0.039523836225271225, 0.03711777180433273, 0.038030918687582016, 0.03908994793891907, 0.03945441544055939, 0.03719358891248703, 0.036017779260873795, 0.1287173181772232, 0.08056847006082535, 0.060297641903162, 0.055929817259311676, 0.06031220406293869, 0.04861094057559967, 0.04286612570285797, 0.04111411049962044, 0.039458975195884705, 0.04470421001315117, 0.04231172427535057, 0.040298942476511, 0.036867655813694, 0.03714340180158615, 0.097873754799366, 0.035734232515096664, 0.10131119936704636, 0.06797301024198532, 0.10827723890542984, 0.05051591619849205, 0.04955008253455162, 0.08317524194717407, 0.05094650387763977, 0.04339365288615227, 0.04849177971482277, 0.05127850919961929, 0.0933634340763092, 0.13368773460388184, 0.12318676710128784, 0.12640516459941864, 0.1014876514673233, 0.06569550186395645, 0.05428285524249077, 0.0483417883515358, 0.046821169555187225, 0.07921172678470612, 0.06097706779837608, 0.04859328269958496, 0.04634933918714523, 0.04408033564686775, 0.04713317006826401, 0.0397455170750618, 0.04493870586156845, 0.041339799761772156, 0.041556667536497116, 0.04219755530357361], "val_mae": [0.23911641538143158, 0.2352423369884491, 0.20635133981704712, 0.18274758756160736, 0.1574610471725464, 0.14926478266716003, 0.16273441910743713, 0.18911011517047882, 0.14062370359897614, 0.18885530531406403, 0.14195707440376282, 0.14661817252635956, 0.13483160734176636, 0.1354614943265915, 0.1269463747739792, 0.1251785010099411, 0.10865157097578049, 0.13921326398849487, 0.09825941920280457, 0.10278099775314331, 0.09958972036838531, 0.09111231565475464, 0.09399475157260895, 0.08909297734498978, 0.09424865245819092, 0.08522314578294754, 0.08691787719726562, 0.08341062068939209, 0.08757804334163666, 0.08216045796871185, 0.08162659406661987, 0.08327463269233704, 0.07570378482341766, 0.07734999060630798, 0.07991228252649307, 0.0760759711265564, 0.07850100845098495, 0.07596586644649506, 0.0736941322684288, 0.07495469599962234, 0.07586067169904709, 0.07460027933120728, 0.07146070152521133, 0.07033932954072952, 0.19705496728420258, 0.14024701714515686, 0.11475178599357605, 0.09832827001810074, 0.11690689623355865, 0.09178906679153442, 0.0845436379313469, 0.08111061900854111, 0.07787472009658813, 0.0820375308394432, 0.07832745462656021, 0.07438343018293381, 0.07111961394548416, 0.07295279204845428, 0.13790680468082428, 0.07189135998487473, 0.191093310713768, 0.14527162909507751, 0.17909671366214752, 0.10803042352199554, 0.10160179436206818, 0.13651466369628906, 0.10272452980279922, 0.08675885200500488, 0.09229975938796997, 0.10372745245695114, 0.15671798586845398, 0.1966712474822998, 0.19713515043258667, 0.20343369245529175, 0.15886954963207245, 0.13111740350723267, 0.10994070768356323, 0.10164815932512283, 0.09208450466394424, 0.1535411924123764, 0.11880411207675934, 0.09392131119966507, 0.08876249939203262, 0.08598261326551437, 0.08873018622398376, 0.07722800970077515, 0.08915632963180542, 0.08375166356563568, 0.08057104796171188, 0.08153657615184784]}