{"loss": [0.07374614477157593, 0.05101143941283226, 0.04622508957982063, 0.04338067024946213, 0.04179423302412033, 0.04085410386323929, 0.040321242064237595, 0.039598286151885986, 0.039032746106386185, 0.03861718997359276, 0.03822103142738342, 0.03770969435572624, 0.037463631480932236, 0.03791404888033867, 0.036959391087293625, 0.036638278514146805, 0.03635936602950096, 0.03603433072566986, 0.03589370846748352, 0.035847511142492294, 0.03551826626062393, 0.0356411449611187, 0.03529033809900284, 0.035184282809495926, 0.03510409966111183, 0.03492564707994461, 0.034845020622015, 0.03453362360596657, 0.03452567756175995, 0.03436070308089256, 0.034398071467876434, 0.03427603840827942, 0.034225720912218094, 0.03438924625515938, 0.03384789451956749, 0.03395114094018936, 0.033852703869342804, 0.03385289013385773, 0.03377238288521767, 0.03356783464550972, 0.03367263078689575, 0.03354137763381004, 0.03329611197113991, 0.03368034586310387, 0.033271003514528275], "mae": [0.14640860259532928, 0.10058404505252838, 0.09089573472738266, 0.0855826586484909, 0.08234737068414688, 0.0800858661532402, 0.07896173745393753, 0.07764393091201782, 0.07623828202486038, 0.07542149722576141, 0.0744829922914505, 0.07356670498847961, 0.07299953699111938, 0.0736246109008789, 0.07179616391658783, 0.07134988903999329, 0.0704781711101532, 0.07006938755512238, 0.06946010142564774, 0.06955698877573013, 0.06893349438905716, 0.06898529827594757, 0.06838861107826233, 0.0680561289191246, 0.06801953911781311, 0.06770679354667664, 0.06748943775892258, 0.06694003939628601, 0.0669383555650711, 0.06648364663124084, 0.0663464218378067, 0.06630263477563858, 0.0662253201007843, 0.06651171296834946, 0.06557923555374146, 0.06548421829938889, 0.06545080989599228, 0.0653591975569725, 0.06529778987169266, 0.06480874866247177, 0.06495131552219391, 0.06460022926330566, 0.06421352177858353, 0.06484527885913849, 0.0641113892197609], "val_loss": [0.05315914750099182, 0.04699269309639931, 0.042917534708976746, 0.04041069373488426, 0.04004550725221634, 0.040137726813554764, 0.03914066031575203, 0.03795119374990463, 0.03910047560930252, 0.037204913794994354, 0.036388881504535675, 0.03932570666074753, 0.041930560022592545, 0.037747595459222794, 0.0360579639673233, 0.037511978298425674, 0.0374004952609539, 0.03791347146034241, 0.0374828577041626, 0.037022605538368225, 0.03739209845662117, 0.03729690983891487, 0.03693995997309685, 0.03725183755159378, 0.037527263164520264, 0.03691251575946808, 0.03848082944750786, 0.037138838320970535, 0.03790530562400818, 0.03631550446152687, 0.036565396934747696, 0.037091344594955444, 0.037797871977090836, 0.03926609456539154, 0.03854011744260788, 0.036866217851638794, 0.03667514771223068, 0.03774748742580414, 0.037166573107242584, 0.03697450831532478, 0.03716427832841873, 0.03715706616640091, 0.03728487342596054, 0.03822726011276245, 0.0368528887629509], "val_mae": [0.09584629535675049, 0.08287648856639862, 0.07541623711585999, 0.07026918232440948, 0.06853114068508148, 0.06761301308870316, 0.0678420290350914, 0.06429975479841232, 0.06426125019788742, 0.06228305771946907, 0.0612105168402195, 0.06335368007421494, 0.06617365777492523, 0.06110363453626633, 0.06055280938744545, 0.06071111559867859, 0.0609716959297657, 0.060475848615169525, 0.060493528842926025, 0.059620846062898636, 0.06007332727313042, 0.059700410813093185, 0.05872374773025513, 0.05979262664914131, 0.059816814959049225, 0.058861441910266876, 0.060052402317523956, 0.05874998867511749, 0.059299491345882416, 0.057494550943374634, 0.058026835322380066, 0.059175241738557816, 0.059454478323459625, 0.061149757355451584, 0.05983351916074753, 0.057500746101140976, 0.05779901146888733, 0.05904029682278633, 0.059222862124443054, 0.05803101882338524, 0.05853649601340294, 0.059177301824092865, 0.05786706134676933, 0.05980384349822998, 0.057735539972782135]}