{"loss": [0.0731186717748642, 0.053028229624032974, 0.04749101400375366, 0.04480903223156929, 0.042833831161260605, 0.041415419429540634, 0.04028107970952988, 0.03905583918094635, 0.03848302364349365, 0.03760722279548645, 0.037194184958934784, 0.03652031719684601, 0.03646129369735718, 0.035682544112205505, 0.03531216084957123, 0.03505031391978264, 0.03462325036525726, 0.03440205752849579, 0.03434445336461067, 0.034201480448246, 0.03388002887368202, 0.03399435430765152, 0.033675406128168106, 0.033494774252176285, 0.03332679718732834, 0.03326045349240303, 0.033070746809244156, 0.03459758311510086, 0.03275786712765694, 0.03281843662261963, 0.03290609270334244, 0.032577451318502426, 0.032353565096855164, 0.03265529125928879, 0.03265262767672539, 0.03209222853183746, 0.03211214765906334, 0.03190566599369049, 0.03191949427127838, 0.0321660116314888, 0.031937263906002045, 0.031880564987659454, 0.03153611719608307, 0.03167713060975075, 0.03154825419187546, 0.0314202755689621, 0.0314355231821537, 0.031345583498477936, 0.03127960488200188, 0.03123338893055916, 0.031205281615257263, 0.03136853501200676, 0.030953848734498024, 0.03126830235123634, 0.030801134184002876, 0.03072209656238556, 0.030675042420625687, 0.030638590455055237, 0.030604589730501175, 0.030737055465579033, 0.030512310564517975, 0.030388666316866875, 0.030612871050834656, 0.0305490680038929, 0.030430397018790245, 0.030238790437579155, 0.030523631721735, 0.030129527673125267, 0.030168335884809494, 0.030199140310287476, 0.030214795842766762, 0.03000691905617714, 0.02996491640806198, 0.029957491904497147, 0.02984149381518364, 0.029833344742655754], "mae": [0.14497166872024536, 0.10438752174377441, 0.09357753396034241, 0.08858070522546768, 0.0846552848815918, 0.08177471160888672, 0.07924608886241913, 0.07676456868648529, 0.07528173178434372, 0.07353179901838303, 0.07265551388263702, 0.07141260802745819, 0.0709138810634613, 0.0696278065443039, 0.06871314346790314, 0.06822612881660461, 0.06740280985832214, 0.06689856946468353, 0.06680932641029358, 0.06646651029586792, 0.06596904993057251, 0.06593941897153854, 0.06547258049249649, 0.06508107483386993, 0.06454849243164062, 0.0644611343741417, 0.06409794092178345, 0.06663630157709122, 0.06347386538982391, 0.06363055855035782, 0.06360794603824615, 0.06309498846530914, 0.06264808028936386, 0.06303851306438446, 0.0631302073597908, 0.06210128217935562, 0.0620158351957798, 0.061730701476335526, 0.06152000650763512, 0.06191267445683479, 0.06186336651444435, 0.061597734689712524, 0.0609244741499424, 0.06112169474363327, 0.060756344348192215, 0.060508694499731064, 0.06052650883793831, 0.06025485694408417, 0.06020596995949745, 0.06018208712339401, 0.060025572776794434, 0.06025948375463486, 0.059656716883182526, 0.060006629675626755, 0.05933235585689545, 0.05900906026363373, 0.05908671393990517, 0.05884398892521858, 0.05870114266872406, 0.0590774342417717, 0.05864791199564934, 0.0583147332072258, 0.05886281281709671, 0.05859627202153206, 0.05830587446689606, 0.05812390148639679, 0.05856180191040039, 0.05784802883863449, 0.0578022263944149, 0.057686470448970795, 0.05788520723581314, 0.05761593580245972, 0.057430773973464966, 0.05738849192857742, 0.05707961693406105, 0.057063594460487366], "val_loss": [0.054161038249731064, 0.047998618334531784, 0.04337303340435028, 0.04212465509772301, 0.03972484543919563, 0.037476278841495514, 0.037690434604883194, 0.036310791969299316, 0.0368216410279274, 0.04004398733377457, 0.03637532517313957, 0.03576447814702988, 0.03465134650468826, 0.035089604556560516, 0.03513191267848015, 0.03321573883295059, 0.03295759856700897, 0.0335996188223362, 0.032832421362400055, 0.03331403434276581, 0.03517995402216911, 0.035867419093847275, 0.032474879175424576, 0.03326834738254547, 0.032504331320524216, 0.033197496086359024, 0.03228433430194855, 0.0330645889043808, 0.03302841633558273, 0.03315003216266632, 0.032548364251852036, 0.03278226777911186, 0.03303464502096176, 0.032534610480070114, 0.03227164223790169, 0.03243730962276459, 0.032531484961509705, 0.0326143279671669, 0.03219681978225708, 0.032927121967077255, 0.03244560956954956, 0.03323744609951973, 0.032130833715200424, 0.03246816247701645, 0.031986869871616364, 0.03181135281920433, 0.03303525224328041, 0.032550595700740814, 0.03357185423374176, 0.033595118671655655, 0.032169438898563385, 0.03229454532265663, 0.03248552978038788, 0.032704927027225494, 0.03232239931821823, 0.03254380077123642, 0.03211506828665733, 0.032894428819417953, 0.0330607034265995, 0.032651614397764206, 0.03252791985869408, 0.032624222338199615, 0.03377469629049301, 0.03215960040688515, 0.03323262557387352, 0.032112933695316315, 0.033559828996658325, 0.03279868885874748, 0.03311958536505699, 0.03529563918709755, 0.03374985605478287, 0.033781748265028, 0.03228206932544708, 0.032967325299978256, 0.03492581099271774, 0.032107751816511154], "val_mae": [0.10001131147146225, 0.0873301550745964, 0.07826859503984451, 0.07317832857370377, 0.06936368346214294, 0.06659519672393799, 0.06508038938045502, 0.06093210354447365, 0.06167281046509743, 0.06560790538787842, 0.05958990007638931, 0.05819009989500046, 0.05690211430191994, 0.056281570345163345, 0.057218242436647415, 0.05443247780203819, 0.05422164127230644, 0.054111819714307785, 0.05413860082626343, 0.05380554497241974, 0.055598314851522446, 0.056818194687366486, 0.0523865632712841, 0.053641267120838165, 0.05199841782450676, 0.05264338105916977, 0.05181838199496269, 0.05384010076522827, 0.05275673791766167, 0.05314193293452263, 0.05241302400827408, 0.052690539509058, 0.05228251591324806, 0.05266754701733589, 0.051555462181568146, 0.05188955366611481, 0.05190318450331688, 0.051638416945934296, 0.051546964794397354, 0.0526827834546566, 0.052215445786714554, 0.052785370498895645, 0.051202353090047836, 0.05202450975775719, 0.05117175728082657, 0.050965599715709686, 0.05142159387469292, 0.05161047726869583, 0.05288271605968475, 0.05302104353904724, 0.05052538961172104, 0.05130590498447418, 0.05183706060051918, 0.05128377303481102, 0.05086922645568848, 0.05089558660984039, 0.050787486135959625, 0.0509159117937088, 0.051514655351638794, 0.0512482225894928, 0.05168702453374863, 0.05238513648509979, 0.05191420018672943, 0.05028584226965904, 0.05211298540234566, 0.05069005861878395, 0.052980657666921616, 0.05191037431359291, 0.051651015877723694, 0.05454772710800171, 0.052361149340867996, 0.052879124879837036, 0.05123347043991089, 0.051185693591833115, 0.05452338606119156, 0.0500144436955452]}