{"loss": [0.07416544109582901, 0.05102553963661194, 0.04690368101000786, 0.0445396788418293, 0.04284239932894707, 0.041676878929138184, 0.0408223457634449, 0.039723239839076996, 0.03912658989429474, 0.03830629214644432, 0.03778136149048805, 0.03717505931854248, 0.03650659695267677, 0.03610675036907196, 0.035681743174791336, 0.035506945103406906, 0.03510008379817009, 0.03491729870438576, 0.03450215980410576, 0.034416716545820236, 0.03408246487379074, 0.034629322588443756, 0.03371211886405945, 0.03367869555950165, 0.033667922019958496, 0.03327441215515137, 0.033338334411382675, 0.03302500396966934, 0.03321816027164459, 0.03274946287274361, 0.032724007964134216, 0.03266878426074982, 0.0326567143201828, 0.03269430249929428, 0.032339129596948624, 0.032360903918743134, 0.03224950283765793, 0.03217108175158501, 0.03215513750910759, 0.032160691916942596, 0.03191014751791954, 0.031850188970565796, 0.0316205695271492, 0.03164663910865784, 0.03160938620567322, 0.031737376004457474, 0.03158313408493996, 0.03167527914047241, 0.03148004412651062, 0.031455349177122116, 0.03125816583633423, 0.03132445737719536, 0.031173374503850937, 0.031038779765367508, 0.030942117795348167, 0.03100067935883999, 0.030907001346349716, 0.031087882816791534, 0.030801033601164818, 0.030713718384504318, 0.03072849102318287, 0.03075317293405533, 0.03070104494690895, 0.03068390302360058, 0.03058134764432907, 0.030587781220674515, 0.03134313225746155, 0.030630091205239296, 0.030628759413957596], "mae": [0.14713533222675323, 0.10096245259046555, 0.09261361509561539, 0.08787313848733902, 0.0844973623752594, 0.08217962831258774, 0.08025546371936798, 0.07815567404031754, 0.07674083858728409, 0.07525062561035156, 0.07420957088470459, 0.07279102504253387, 0.07138286530971527, 0.07064934819936752, 0.0697103962302208, 0.0693407729268074, 0.06843482702970505, 0.06804639101028442, 0.06717684864997864, 0.06700548529624939, 0.06632069498300552, 0.06713604182004929, 0.0656871348619461, 0.06540901213884354, 0.06536512076854706, 0.06476185470819473, 0.06464310735464096, 0.06414978951215744, 0.06438016146421432, 0.06358534097671509, 0.06348560750484467, 0.06339399516582489, 0.06336355209350586, 0.06326176226139069, 0.06267417967319489, 0.06278069317340851, 0.06252080947160721, 0.06227681040763855, 0.062182869762182236, 0.06228591129183769, 0.06172650679945946, 0.061540719121694565, 0.06121346354484558, 0.06116044893860817, 0.061205025762319565, 0.06118124723434448, 0.061114054173231125, 0.0612480603158474, 0.060748275369405746, 0.06074151769280434, 0.060336362570524216, 0.060411468148231506, 0.06020711362361908, 0.05985036492347717, 0.05970025435090065, 0.05984695255756378, 0.059592366218566895, 0.05990375205874443, 0.05940261483192444, 0.05925041437149048, 0.05906816944479942, 0.05912240967154503, 0.05918116867542267, 0.05913004279136658, 0.05903158336877823, 0.05890443176031113, 0.059903379529714584, 0.05895701050758362, 0.058932896703481674], "val_loss": [0.05485759675502777, 0.04742969572544098, 0.044672489166259766, 0.0416208915412426, 0.041660577058792114, 0.040901195257902145, 0.04072894901037216, 0.04008209705352783, 0.0369909331202507, 0.03725403547286987, 0.03700728714466095, 0.03906999155879021, 0.0377080999314785, 0.0367097333073616, 0.03590906783938408, 0.035856422036886215, 0.03707030415534973, 0.036490701138973236, 0.03583572804927826, 0.036370500922203064, 0.03594793751835823, 0.03486645221710205, 0.035055357962846756, 0.035844746977090836, 0.03585832566022873, 0.03548881784081459, 0.036444347351789474, 0.035698603838682175, 0.035354189574718475, 0.035534679889678955, 0.03654186427593231, 0.035534024238586426, 0.03667588159441948, 0.03518136590719223, 0.035057686269283295, 0.03565579652786255, 0.035723425447940826, 0.03535958379507065, 0.03432526811957359, 0.03467585891485214, 0.0354185588657856, 0.0361962616443634, 0.036124467849731445, 0.03660399466753006, 0.034594614058732986, 0.03676673024892807, 0.036036621779203415, 0.03606816753745079, 0.035388119518756866, 0.03585587814450264, 0.03462345525622368, 0.03484027460217476, 0.03599542751908302, 0.03620500490069389, 0.03610905632376671, 0.03674324229359627, 0.035771194845438004, 0.03495653718709946, 0.0366109162569046, 0.03697177767753601, 0.03595900908112526, 0.035720404237508774, 0.03516135364770889, 0.03658151254057884, 0.034737929701805115, 0.03542427718639374, 0.03706299886107445, 0.03760550543665886, 0.03566600754857063], "val_mae": [0.09856054186820984, 0.08421629667282104, 0.07777784019708633, 0.07206040620803833, 0.06949425488710403, 0.06874004751443863, 0.06716614961624146, 0.06518605351448059, 0.06318813562393188, 0.061022188514471054, 0.05999552085995674, 0.06304214149713516, 0.05975238233804703, 0.05852699652314186, 0.05763189122080803, 0.05695943161845207, 0.05795225501060486, 0.05770987644791603, 0.05659312754869461, 0.056632451713085175, 0.05630788952112198, 0.05623248219490051, 0.056079525500535965, 0.05657998099923134, 0.056806061416864395, 0.05628122389316559, 0.056810081005096436, 0.055029336363077164, 0.05535667762160301, 0.055403776466846466, 0.05716531351208687, 0.054950375109910965, 0.05678167566657066, 0.05485819652676582, 0.054635919630527496, 0.055070966482162476, 0.05500569939613342, 0.0546133928000927, 0.05350803956389427, 0.05380341783165932, 0.05438916012644768, 0.05655236914753914, 0.05588938295841217, 0.055833108723163605, 0.05331334471702576, 0.05578114837408066, 0.05564671382308006, 0.05607098340988159, 0.05440104007720947, 0.05495624244213104, 0.053791750222444534, 0.054431699216365814, 0.05498916655778885, 0.05535483732819557, 0.05487506091594696, 0.0554783008992672, 0.05508492887020111, 0.05426768586039543, 0.056677237153053284, 0.055644914507865906, 0.05532511696219444, 0.054800353944301605, 0.0540696382522583, 0.05600164085626602, 0.05443437024950981, 0.05466936156153679, 0.056743983179330826, 0.057704124599695206, 0.05459868907928467]}