{"loss": [0.07375159859657288, 0.05512779951095581, 0.05094432830810547, 0.048646192997694016, 0.04698764905333519, 0.04591953381896019, 0.04528564587235451, 0.04472864419221878, 0.0442848801612854, 0.0437285378575325, 0.043347883969545364, 0.042813241481781006, 0.042410608381032944, 0.04219266399741173, 0.041940852999687195, 0.041874561458826065, 0.04166325181722641, 0.04114777594804764], "mae": [0.14573632180690765, 0.10936874151229858, 0.10108428448438644, 0.09653233736753464, 0.09293986856937408, 0.0907086730003357, 0.08927750587463379, 0.08783197402954102, 0.08688072860240936, 0.085721954703331, 0.0850357711315155, 0.08390901237726212, 0.08300040662288666, 0.08268996328115463, 0.0820392370223999, 0.08188355714082718, 0.08135543763637543, 0.08060289174318314], "val_loss": [0.05873972177505493, 0.056218478828668594, 0.05792504549026489, 0.05650102347135544, 0.05775660648941994, 0.05656886845827103, 0.058025047183036804, 0.054603856056928635, 0.05790300667285919, 0.05805118381977081, 0.054939690977334976, 0.05725201964378357, 0.05474507436156273, 0.05664391443133354, 0.05750608444213867, 0.05543781816959381, 0.05536261945962906, 0.056975238025188446], "val_mae": [0.10341466218233109, 0.09596119821071625, 0.09505821019411087, 0.09243787825107574, 0.09108519554138184, 0.08822440356016159, 0.0902855172753334, 0.08744083344936371, 0.08864455670118332, 0.08717156946659088, 0.0846366435289383, 0.08740848302841187, 0.0837850347161293, 0.08445452898740768, 0.08655416965484619, 0.08438737690448761, 0.08438548445701599, 0.08541315793991089]}