{"loss": [0.078570656478405, 0.05658305063843727, 0.0514909103512764, 0.04852353036403656, 0.04628380388021469, 0.044497113674879074, 0.043500255793333054, 0.04258864000439644, 0.04191896319389343, 0.041554857045412064, 0.04106254130601883, 0.04043065011501312, 0.04019065573811531, 0.039947062730789185, 0.03957248851656914, 0.04001244902610779, 0.03917043283581734, 0.038907188922166824, 0.03874002769589424, 0.03859628364443779, 0.03838261216878891, 0.03832077980041504, 0.038199134171009064, 0.03804568201303482, 0.03788314387202263, 0.0378769189119339, 0.03761902451515198, 0.03773839771747589, 0.037497371435165405, 0.03732551261782646, 0.03763068839907646, 0.03717874735593796, 0.03718922287225723, 0.03697565570473671, 0.03711852431297302, 0.037017710506916046, 0.03711845725774765, 0.03686440736055374, 0.03688238188624382, 0.0368710532784462, 0.03666375204920769, 0.036598823964595795, 0.03675264120101929, 0.03664905205368996, 0.036545734852552414, 0.03652004152536392, 0.036508675664663315, 0.03648942708969116, 0.03646715357899666, 0.036726318299770355, 0.03633704036474228, 0.03627973422408104, 0.03618529438972473, 0.036180559545755386, 0.03612760826945305, 0.03611336275935173, 0.03609256446361542], "mae": [0.1561296284198761, 0.11182717978954315, 0.10206104815006256, 0.09615186601877213, 0.09153149276971817, 0.08783068507909775, 0.08559879660606384, 0.0837375670671463, 0.08221548795700073, 0.0814034715294838, 0.08031223714351654, 0.07919368147850037, 0.0784502699971199, 0.07786213606595993, 0.07718317210674286, 0.07801704853773117, 0.07640378922224045, 0.07582878321409225, 0.07555464655160904, 0.0751621350646019, 0.07460874319076538, 0.07462408393621445, 0.07438286393880844, 0.07405734807252884, 0.07376624643802643, 0.07361986488103867, 0.07311797142028809, 0.07332359999418259, 0.07282879948616028, 0.07274453341960907, 0.0730350911617279, 0.07241176068782806, 0.07231293618679047, 0.07187137007713318, 0.07208938896656036, 0.07185429334640503, 0.07214057445526123, 0.07168996334075928, 0.07151895761489868, 0.07152481377124786, 0.07118570059537888, 0.07096708565950394, 0.07124852389097214, 0.07108717411756516, 0.07087165862321854, 0.07089759409427643, 0.07069116085767746, 0.0706629753112793, 0.07075267285108566, 0.07124996930360794, 0.07020850479602814, 0.07024674862623215, 0.07019443064928055, 0.0700252428650856, 0.06996182352304459, 0.06986305117607117, 0.06982146203517914], "val_loss": [0.06260813027620316, 0.05670111998915672, 0.052843108773231506, 0.05059482529759407, 0.04334353655576706, 0.041411712765693665, 0.041185516864061356, 0.04122117534279823, 0.04008844867348671, 0.037953153252601624, 0.03893345966935158, 0.037926990538835526, 0.03796243295073509, 0.03782658278942108, 0.03766841068863869, 0.03800457343459129, 0.038655977696180344, 0.03679531812667847, 0.03649584576487541, 0.036087483167648315, 0.036882735788822174, 0.03614154830574989, 0.036570679396390915, 0.03628301993012428, 0.03663689270615578, 0.03647569194436073, 0.03687392175197601, 0.036060888320207596, 0.03607177734375, 0.03509126603603363, 0.03731617331504822, 0.035623010247945786, 0.03533951938152313, 0.03677507862448692, 0.03550931066274643, 0.035141196101903915, 0.036439649760723114, 0.03494640439748764, 0.038440555334091187, 0.03634247928857803, 0.035846810787916183, 0.03481723740696907, 0.03588522598147392, 0.03517274186015129, 0.03500371053814888, 0.0355016253888607, 0.03438938036561012, 0.035659436136484146, 0.03598235547542572, 0.03559333086013794, 0.03548917546868324, 0.0351562574505806, 0.03513344004750252, 0.036242879927158356, 0.034654129296541214, 0.03452570363879204, 0.034854356199502945], "val_mae": [0.11291996389627457, 0.09774231165647507, 0.08991171419620514, 0.08713747560977936, 0.0763879045844078, 0.07206141203641891, 0.07106903195381165, 0.07043907046318054, 0.06909476965665817, 0.0652010440826416, 0.06521984189748764, 0.0649067759513855, 0.0639919564127922, 0.06468692421913147, 0.0625169649720192, 0.06345813721418381, 0.06335291266441345, 0.06123894080519676, 0.062098655849695206, 0.06087227538228035, 0.06106548383831978, 0.061889536678791046, 0.06173066049814224, 0.06084006652235985, 0.06091102957725525, 0.06114228814840317, 0.061359282582998276, 0.06137385591864586, 0.06017649546265602, 0.06008293852210045, 0.06294909864664078, 0.06051509454846382, 0.05910881608724594, 0.060711950063705444, 0.05970010906457901, 0.05932764336466789, 0.06015326827764511, 0.05832245945930481, 0.06254309415817261, 0.06043333560228348, 0.05916575342416763, 0.059008944779634476, 0.05990477278828621, 0.05839575082063675, 0.05942952632904053, 0.060172878205776215, 0.05887989699840546, 0.059584684669971466, 0.06002042815089226, 0.058695901185274124, 0.05926848202943802, 0.05866032838821411, 0.058795828372240067, 0.059845708310604095, 0.05835840851068497, 0.05863624066114426, 0.05866335704922676]}