{"loss": [0.07823075354099274, 0.060082558542490005, 0.05640222877264023, 0.05318005010485649, 0.050851136445999146, 0.04920486360788345, 0.04812638461589813, 0.047342874109745026, 0.04647790640592575, 0.04584580659866333, 0.04537693411111832, 0.04493587464094162, 0.0445626936852932, 0.0441034734249115, 0.04384366422891617, 0.043629009276628494, 0.04316601902246475, 0.04293479025363922, 0.04266756772994995, 0.042474422603845596, 0.04209500551223755, 0.04207783564925194, 0.04189946874976158, 0.04168093204498291, 0.04166172072291374, 0.041423358023166656, 0.041465844959020615, 0.041197068989276886, 0.041211679577827454, 0.04106973484158516, 0.04104065150022507, 0.04084811359643936, 0.0409211739897728, 0.040700435638427734, 0.04059990495443344, 0.040448401123285294, 0.040393732488155365, 0.04055827856063843, 0.04039141535758972, 0.04030175507068634, 0.04021477326750755, 0.04007234051823616, 0.040054600685834885, 0.04019630327820778, 0.04005492478609085, 0.03987216204404831, 0.039856746792793274, 0.03986392170190811, 0.039947886019945145, 0.039662085473537445, 0.03969986364245415, 0.03973912075161934], "mae": [0.15687526762485504, 0.11909180134534836, 0.11219877004623413, 0.10560876131057739, 0.10077901184558868, 0.09745744615793228, 0.0949971154332161, 0.093360036611557, 0.09177935123443604, 0.09037641435861588, 0.08935162425041199, 0.0884217619895935, 0.08770346641540527, 0.08660852164030075, 0.08593976497650146, 0.08566688746213913, 0.08491404354572296, 0.08412283658981323, 0.08368295431137085, 0.08321180939674377, 0.08253513276576996, 0.08244507014751434, 0.08198727667331696, 0.08160138130187988, 0.08153292536735535, 0.08093289285898209, 0.08097899705171585, 0.08061368018388748, 0.08056170493364334, 0.08034560084342957, 0.08006611466407776, 0.0797472596168518, 0.0798826813697815, 0.07952545583248138, 0.07927922159433365, 0.07909868657588959, 0.07877650111913681, 0.07908021658658981, 0.07901690155267715, 0.07857644557952881, 0.0785633847117424, 0.0782025083899498, 0.07827839255332947, 0.07838435471057892, 0.0782134011387825, 0.07789768278598785, 0.07768728584051132, 0.0778149664402008, 0.07780608534812927, 0.07727735489606857, 0.07750175893306732, 0.07751360535621643], "val_loss": [0.06152777001261711, 0.05677926912903786, 0.052127547562122345, 0.04913098365068436, 0.048448942601680756, 0.046652328222990036, 0.0458659902215004, 0.04526571184396744, 0.043399274349212646, 0.04502890259027481, 0.04222011938691139, 0.04406709969043732, 0.04269866645336151, 0.04090237617492676, 0.043836601078510284, 0.04097137972712517, 0.04073101654648781, 0.041166841983795166, 0.03971363604068756, 0.03983346372842789, 0.041108351200819016, 0.04081651195883751, 0.0408349335193634, 0.039730921387672424, 0.04067026078701019, 0.04050785303115845, 0.039330556988716125, 0.04112248495221138, 0.04174358397722244, 0.03986646234989166, 0.04009760543704033, 0.038436178117990494, 0.03936295211315155, 0.040555402636528015, 0.03847940266132355, 0.03924493491649628, 0.040457043796777725, 0.039959341287612915, 0.039038415998220444, 0.040290310978889465, 0.03922106325626373, 0.037812698632478714, 0.04013720899820328, 0.03840585798025131, 0.038928959518671036, 0.03990739583969116, 0.04001358523964882, 0.0399743989109993, 0.03860193490982056, 0.03960910439491272, 0.038842182606458664, 0.038545653223991394], "val_mae": [0.11127033084630966, 0.10268381237983704, 0.09546885639429092, 0.08947202563285828, 0.08762617409229279, 0.08431434631347656, 0.08224569261074066, 0.08089246600866318, 0.07711492478847504, 0.0790204256772995, 0.07584904134273529, 0.0769176185131073, 0.07497723400592804, 0.07336508482694626, 0.0755358636379242, 0.07252218574285507, 0.07072215527296066, 0.07295786589384079, 0.07035397738218307, 0.07098136097192764, 0.07047148048877716, 0.07012046128511429, 0.06982247531414032, 0.069033183157444, 0.07041237503290176, 0.06941131502389908, 0.07006166130304337, 0.06959255039691925, 0.07117276638746262, 0.06887833029031754, 0.06902176141738892, 0.06790783256292343, 0.0678820013999939, 0.06905833631753922, 0.06680554896593094, 0.0673583447933197, 0.06837965548038483, 0.068208247423172, 0.06634125113487244, 0.06861558556556702, 0.0664694607257843, 0.06568069756031036, 0.06753720343112946, 0.06599658727645874, 0.06631547957658768, 0.06741210073232651, 0.06759791076183319, 0.06740204989910126, 0.06590361148118973, 0.06730210036039352, 0.06653905659914017, 0.0648372694849968]}