{"loss": [0.07904653251171112, 0.06298735737800598, 0.05820324271917343, 0.05423249676823616, 0.051722582429647446, 0.04984656348824501, 0.048628199845552444, 0.04768054187297821, 0.04695500433444977, 0.04648086056113243, 0.04585552215576172, 0.04540463909506798, 0.045091260224580765, 0.044612545520067215, 0.04439055919647217, 0.0439777709543705, 0.043782398104667664, 0.04348576441407204, 0.0432765819132328, 0.04312886297702789, 0.04299021139740944, 0.042694177478551865, 0.04248259961605072, 0.04235796630382538, 0.04222524166107178, 0.0420866385102272, 0.041767459362745285, 0.04178785905241966, 0.04162834584712982, 0.04134541004896164, 0.04129081591963768, 0.041245464235544205, 0.04090502858161926, 0.04101823270320892, 0.04096662253141403, 0.04099419340491295, 0.040861405432224274, 0.040791105479002, 0.0406690314412117, 0.0405513197183609, 0.040418557822704315, 0.040472179651260376, 0.04034537076950073], "mae": [0.15766675770282745, 0.12495273351669312, 0.1160300076007843, 0.10813486576080322, 0.10296297073364258, 0.09906956553459167, 0.0962354764342308, 0.09419911354780197, 0.09253322333097458, 0.09136427938938141, 0.0903666615486145, 0.08926718682050705, 0.08854255080223083, 0.08758189529180527, 0.0872674286365509, 0.08647655695676804, 0.08583343774080276, 0.08540427684783936, 0.0848609060049057, 0.08469124883413315, 0.08424670994281769, 0.08383942395448685, 0.08338454365730286, 0.08308689296245575, 0.082739919424057, 0.08255254477262497, 0.08201391249895096, 0.08194580674171448, 0.08155868202447891, 0.08119374513626099, 0.08085735887289047, 0.08087923377752304, 0.08018959313631058, 0.08028125017881393, 0.08033459633588791, 0.08020547032356262, 0.07997287809848785, 0.07984588295221329, 0.07957585155963898, 0.07937738299369812, 0.079243004322052, 0.0791616216301918, 0.07884792983531952], "val_loss": [0.06538558751344681, 0.05943595618009567, 0.05450284108519554, 0.05096164345741272, 0.049318619072437286, 0.04701295122504234, 0.046311285346746445, 0.046183403581380844, 0.04494711384177208, 0.04441017657518387, 0.04518178477883339, 0.04372985288500786, 0.04324446618556976, 0.04372024163603783, 0.04332311078906059, 0.04341432452201843, 0.043589238077402115, 0.04138655215501785, 0.0414901003241539, 0.041601650416851044, 0.04049795866012573, 0.04390691965818405, 0.04092932865023613, 0.04113924875855446, 0.04192734509706497, 0.041332028806209564, 0.04062191769480705, 0.04014549404382706, 0.04015769809484482, 0.04174341633915901, 0.040271032601594925, 0.04086852818727493, 0.03947850316762924, 0.03948923200368881, 0.041654281318187714, 0.042030028998851776, 0.04216928407549858, 0.04185971990227699, 0.04347407445311546, 0.04006543010473251, 0.039537213742733, 0.040949154645204544, 0.04023457318544388], "val_mae": [0.12042370438575745, 0.10843634605407715, 0.09732813388109207, 0.09058167785406113, 0.08641070872545242, 0.08197072893381119, 0.08108653873205185, 0.08003667742013931, 0.07726732641458511, 0.07734031975269318, 0.07746455073356628, 0.07434125244617462, 0.07379286736249924, 0.0751311257481575, 0.07307091355323792, 0.07358812540769577, 0.07361013442277908, 0.07105804234743118, 0.0696079358458519, 0.07035573571920395, 0.06996147334575653, 0.07159730792045593, 0.06818801164627075, 0.06913493573665619, 0.06932239234447479, 0.06915474683046341, 0.06803508847951889, 0.06776941567659378, 0.06902335584163666, 0.06928865611553192, 0.06759558618068695, 0.06859379261732101, 0.0671517550945282, 0.06708677858114243, 0.06817608326673508, 0.06948941946029663, 0.06883693486452103, 0.06913196295499802, 0.0700085237622261, 0.06672821193933487, 0.06649894267320633, 0.06696757674217224, 0.06695669889450073]}