{"loss": [0.07701766490936279, 0.05796446651220322, 0.0532507561147213, 0.05015692487359047, 0.048287443816661835, 0.04712539538741112, 0.04582593962550163, 0.04499718174338341, 0.04419386759400368, 0.043644435703754425, 0.04305371642112732, 0.04266617074608803, 0.04226323589682579, 0.041574135422706604, 0.04136119410395622, 0.041103143244981766, 0.04064273461699486, 0.04032110422849655, 0.040023136883974075, 0.03987777605652809, 0.03955764323472977, 0.0392821803689003, 0.03910844400525093, 0.03897920623421669, 0.03886469453573227, 0.03849455341696739, 0.03845543786883354, 0.03842465579509735, 0.0382537879049778, 0.0379885733127594, 0.037907518446445465, 0.037654418498277664, 0.03763693571090698, 0.03751373663544655, 0.0372956357896328, 0.03707815334200859, 0.037225134670734406, 0.037029046565294266, 0.036952003836631775, 0.03670657053589821, 0.03679478541016579, 0.03665608912706375, 0.03643741086125374, 0.03642725571990013, 0.03634385019540787, 0.03615236654877663, 0.03620785474777222, 0.03622237965464592, 0.03606560453772545, 0.03590913489460945, 0.03594101592898369, 0.03602797910571098, 0.03576366975903511, 0.035905782133340836, 0.03587428107857704, 0.0356564074754715, 0.03563043847680092, 0.03545141592621803, 0.035533711314201355, 0.035296615213155746, 0.035335659980773926, 0.035372067242860794, 0.03522901237010956, 0.03517412021756172, 0.035078272223472595, 0.03527628257870674, 0.035039909183979034, 0.034986596554517746, 0.034741222858428955, 0.03479095920920372, 0.03474761173129082, 0.03473702818155289, 0.03461742401123047, 0.03466096147894859, 0.03466745838522911, 0.0345342643558979, 0.034472957253456116, 0.03447917103767395, 0.034307196736335754, 0.0341109000146389, 0.034316640347242355, 0.03427845612168312, 0.03414452075958252, 0.03422237187623978, 0.034128084778785706, 0.0340629480779171, 0.033998530358076096, 0.03387810289859772, 0.03392267972230911, 0.03396863490343094, 0.03388445824384689, 0.03387726843357086, 0.03372219204902649, 0.033722348511219025, 0.03365075960755348, 0.03360539674758911, 0.03373942896723747, 0.03360956534743309, 0.03355954959988594, 0.03369316831231117, 0.03355766832828522, 0.03351439908146858, 0.03349832072854042, 0.03357945382595062, 0.033520977944135666, 0.03335126116871834, 0.03348429501056671, 0.0335487462580204], "mae": [0.15412820875644684, 0.11521835625171661, 0.1059158518910408, 0.09955409914255142, 0.09559249132871628, 0.09321969747543335, 0.09045550972223282, 0.08857366442680359, 0.08683480322360992, 0.08568906038999557, 0.08451317250728607, 0.08366462588310242, 0.0826394259929657, 0.08154601603746414, 0.0809197872877121, 0.0804344117641449, 0.07968808710575104, 0.0789623036980629, 0.07841420918703079, 0.07792231440544128, 0.07718765735626221, 0.07692316919565201, 0.07646587491035461, 0.07612571865320206, 0.07583967596292496, 0.07519194483757019, 0.0749942809343338, 0.07498738914728165, 0.07461396604776382, 0.07414303719997406, 0.07387766242027283, 0.07339128851890564, 0.07340074330568314, 0.07300695776939392, 0.07263705879449844, 0.07219089567661285, 0.07241248339414597, 0.07201138883829117, 0.07182132452726364, 0.07146534323692322, 0.07148454338312149, 0.07126309722661972, 0.07082682102918625, 0.07088657468557358, 0.07058751583099365, 0.07022003829479218, 0.07030468434095383, 0.07040010392665863, 0.06998436152935028, 0.0697517991065979, 0.06987615674734116, 0.06984952837228775, 0.06947210431098938, 0.06958699226379395, 0.06953709572553635, 0.06914672255516052, 0.06908182799816132, 0.06871423125267029, 0.06874143332242966, 0.06841450929641724, 0.06855032593011856, 0.06844688951969147, 0.06824339926242828, 0.06806548684835434, 0.06799086928367615, 0.06816492974758148, 0.06781967729330063, 0.06770860403776169, 0.06727916747331619, 0.06744649261236191, 0.06724176555871964, 0.06729535013437271, 0.06691069900989532, 0.06708557903766632, 0.06707260012626648, 0.06676269322633743, 0.06661219149827957, 0.06660502403974533, 0.06632884591817856, 0.0660330131649971, 0.06627891212701797, 0.06611866503953934, 0.06604884564876556, 0.06611357629299164, 0.0659383088350296, 0.06580714136362076, 0.06567148119211197, 0.06539377570152283, 0.0655246376991272, 0.06553307920694351, 0.06537576764822006, 0.06541857868432999, 0.0651833564043045, 0.06496533006429672, 0.06504460424184799, 0.06479071825742722, 0.06495822966098785, 0.0648471936583519, 0.06470119208097458, 0.06485341489315033, 0.06476221233606339, 0.06473679840564728, 0.0646519735455513, 0.06470805406570435, 0.06459517031908035, 0.06437467038631439, 0.06451717019081116, 0.06466779857873917], "val_loss": [0.05918664112687111, 0.05267368257045746, 0.05107860639691353, 0.05305467173457146, 0.04809947684407234, 0.050176702439785004, 0.048706989735364914, 0.04813477396965027, 0.04696846008300781, 0.050849515944719315, 0.04869405925273895, 0.046135127544403076, 0.04668211191892624, 0.04499237611889839, 0.04500623792409897, 0.04533790424466133, 0.04462936520576477, 0.04489181190729141, 0.04453976824879646, 0.04288250580430031, 0.04262590780854225, 0.04156748577952385, 0.04087688773870468, 0.042249977588653564, 0.04254898428916931, 0.04332270473241806, 0.042441122233867645, 0.04141203314065933, 0.04233604669570923, 0.04124366119503975, 0.041014086455106735, 0.040330253541469574, 0.039913129061460495, 0.039642225950956345, 0.04082006961107254, 0.039934657514095306, 0.04088156297802925, 0.040035467594861984, 0.03868812322616577, 0.03903934359550476, 0.03878207504749298, 0.03840894252061844, 0.03983259201049805, 0.03957121819257736, 0.039140086621046066, 0.039411988109350204, 0.03804304078221321, 0.03677191957831383, 0.03833407163619995, 0.039366986602544785, 0.036560121923685074, 0.03775947540998459, 0.03800118714570999, 0.03789108619093895, 0.03803050518035889, 0.03833562135696411, 0.037621065974235535, 0.03761696070432663, 0.038262832909822464, 0.037373047322034836, 0.03636258840560913, 0.03792601078748703, 0.03836763650178909, 0.038052983582019806, 0.038074955344200134, 0.03682039678096771, 0.037711385637521744, 0.035937607288360596, 0.037292249500751495, 0.03623991459608078, 0.03634478896856308, 0.036734238266944885, 0.035872820764780045, 0.03665535897016525, 0.0355226956307888, 0.035756081342697144, 0.035848211497068405, 0.036019954830408096, 0.03468671813607216, 0.036148183047771454, 0.036286402493715286, 0.03639381378889084, 0.03541865944862366, 0.03501100465655327, 0.037667226046323776, 0.03543374314904213, 0.03577696159482002, 0.03428314998745918, 0.03425051271915436, 0.03556642308831215, 0.03475429117679596, 0.03567176312208176, 0.03587580472230911, 0.036226559430360794, 0.03590656816959381, 0.03569407016038895, 0.03489038348197937, 0.034235548228025436, 0.03586653247475624, 0.036481525748968124, 0.034642644226551056, 0.034996457397937775, 0.035061243921518326, 0.03597105294466019, 0.03542240709066391, 0.03568689525127411, 0.03448963537812233, 0.03487037494778633],