{"loss": [0.07596030831336975, 0.060185160487890244, 0.05505484715104103, 0.05199190229177475, 0.049654144793748856, 0.04788580536842346, 0.04643867909908295, 0.04513312131166458, 0.04427948594093323, 0.04335800185799599, 0.04279691353440285, 0.04222477227449417, 0.041783884167671204, 0.04137055203318596, 0.040945619344711304, 0.04057871922850609, 0.04020488262176514, 0.040012504905462265, 0.03974466398358345, 0.03957785293459892, 0.03920593112707138, 0.039029818028211594, 0.03887580707669258, 0.03973672538995743, 0.03865252062678337, 0.03833480924367905, 0.03829064220190048, 0.037973061203956604, 0.03772204741835594, 0.0375068373978138, 0.03765342757105827, 0.037541937083005905, 0.03732457011938095, 0.03712768480181694, 0.03712458908557892, 0.03723336011171341, 0.037225592881441116, 0.036708954721689224, 0.03672602400183678, 0.03662477433681488, 0.03636406734585762, 0.03651965782046318, 0.03635440766811371, 0.03614214435219765, 0.036170583218336105], "mae": [0.15211153030395508, 0.11959192901849747, 0.10956497490406036, 0.1036565974354744, 0.0985240563750267, 0.09475453197956085, 0.09159103035926819, 0.08893828839063644, 0.08674734085798264, 0.08491377532482147, 0.08356041461229324, 0.08246256411075592, 0.08141443878412247, 0.08054932951927185, 0.07993414998054504, 0.07906605303287506, 0.07835961878299713, 0.07810679078102112, 0.0773739367723465, 0.07706243544816971, 0.07637746632099152, 0.07602208107709885, 0.07572434097528458, 0.07702147960662842, 0.07546881586313248, 0.07453776895999908, 0.07455264776945114, 0.07405021041631699, 0.07351719588041306, 0.07289016246795654, 0.07327857613563538, 0.07306701689958572, 0.07259523868560791, 0.07210776209831238, 0.07203416526317596, 0.07215096056461334, 0.07208102941513062, 0.07148247957229614, 0.07119221985340118, 0.07100378721952438, 0.07054131478071213, 0.0707559660077095, 0.07046730071306229, 0.06990712881088257, 0.07017311453819275], "val_loss": [0.07088173925876617, 0.06473494321107864, 0.05280504375696182, 0.051431383937597275, 0.050007414072752, 0.04504658654332161, 0.04370805248618126, 0.043116386979818344, 0.04060829058289528, 0.04070248827338219, 0.040714457631111145, 0.03982663154602051, 0.039742641150951385, 0.03824204206466675, 0.03835030645132065, 0.03796931356191635, 0.039069075137376785, 0.037173546850681305, 0.037602830678224564, 0.03831539303064346, 0.037322599440813065, 0.03720368444919586, 0.03682564198970795, 0.037520844489336014, 0.0359148308634758, 0.0374637208878994, 0.03619609400629997, 0.03608664497733116, 0.03543190658092499, 0.03544788062572479, 0.03649117425084114, 0.036991070955991745, 0.036391206085681915, 0.03558392450213432, 0.03435759246349335, 0.03706691786646843, 0.03717316314578056, 0.035480648279190063, 0.03474622964859009, 0.035465121269226074, 0.03457147255539894, 0.035241808742284775, 0.03513859212398529, 0.03570134937763214, 0.03482414036989212], "val_mae": [0.12060755491256714, 0.10824655741453171, 0.09688284248113632, 0.09117411822080612, 0.08748678863048553, 0.08177167922258377, 0.07891853898763657, 0.07568926364183426, 0.0714736357331276, 0.07084418833255768, 0.0714964047074318, 0.0684908926486969, 0.0685775950551033, 0.06802649796009064, 0.06728702038526535, 0.06670151650905609, 0.06793524324893951, 0.06468470394611359, 0.06595078855752945, 0.06704879552125931, 0.06476148217916489, 0.0641709417104721, 0.06371264904737473, 0.06480251252651215, 0.0625290498137474, 0.06457232683897018, 0.06364846974611282, 0.062471333891153336, 0.06234746053814888, 0.062112998217344284, 0.06330481171607971, 0.06359481066465378, 0.0625510886311531, 0.06078295037150383, 0.05969791114330292, 0.06380023807287216, 0.06324419379234314, 0.06147773191332817, 0.06066206470131874, 0.06032516434788704, 0.06009148806333542, 0.060139283537864685, 0.061514727771282196, 0.06051359698176384, 0.0589049756526947]}