{"loss": [0.07915078103542328, 0.06305073946714401, 0.05947476625442505, 0.05727515369653702, 0.056095629930496216, 0.05512196943163872, 0.054331857711076736, 0.05338452383875847, 0.052795905619859695, 0.0523003526031971, 0.051908399909734726, 0.0513012632727623, 0.051117077469825745, 0.050786860287189484, 0.05045865476131439, 0.05012335255742073, 0.05000883713364601, 0.0498243048787117, 0.04956233501434326, 0.04936782643198967, 0.0492759570479393, 0.048923637717962265, 0.0488586388528347, 0.04868876561522484, 0.04857524111866951, 0.048359356820583344, 0.04817378148436546, 0.04802801087498665, 0.04800928384065628, 0.04790939763188362, 0.04767131060361862, 0.04756522551178932, 0.04716915637254715, 0.04706312343478203, 0.04703912511467934, 0.046883873641490936, 0.04681602120399475, 0.04673938825726509, 0.04667271301150322, 0.04645419865846634, 0.04654138535261154, 0.046192001551389694, 0.04619193449616432], "mae": [0.15801852941513062, 0.12563389539718628, 0.11860738694667816, 0.11376266926527023, 0.1109689325094223, 0.10896977037191391, 0.10736260563135147, 0.10546509176492691, 0.10426532477140427, 0.10311050713062286, 0.10222245007753372, 0.10106246173381805, 0.10068129748106003, 0.10002846270799637, 0.09943678230047226, 0.09893282502889633, 0.0986625924706459, 0.09822530299425125, 0.09790052473545074, 0.097336545586586, 0.09722188860177994, 0.09665939956903458, 0.09641370177268982, 0.0959589034318924, 0.0958714559674263, 0.09525533020496368, 0.0949990525841713, 0.09472782909870148, 0.09458606690168381, 0.09436730295419693, 0.09393959492444992, 0.09376567602157593, 0.09290629625320435, 0.09278520941734314, 0.09259136021137238, 0.09228980541229248, 0.09224644303321838, 0.09200497716665268, 0.09182646870613098, 0.0916047915816307, 0.09152340143918991, 0.09103753417730331, 0.09098432213068008], "val_loss": [0.06617016345262527, 0.06628234684467316, 0.063797727227211, 0.06285785883665085, 0.06064388155937195, 0.05844606086611748, 0.05499456077814102, 0.05319354310631752, 0.05312155559659004, 0.05448306351900101, 0.05548623949289322, 0.053984176367521286, 0.05284266918897629, 0.05641259253025055, 0.05561148375272751, 0.05546972528100014, 0.056325607001781464, 0.05688563734292984, 0.05761352926492691, 0.06082676723599434, 0.058590035885572433, 0.05730316787958145, 0.055982161313295364, 0.057722579687833786, 0.05957358330488205, 0.06163547933101654, 0.06323283165693283, 0.06054497882723808, 0.06145882606506348, 0.05951187387108803, 0.06057636812329292, 0.060306306928396225, 0.06347870081663132, 0.06175437942147255, 0.060887545347213745, 0.062491241842508316, 0.0597071647644043, 0.0606222078204155, 0.06108657643198967, 0.060846153646707535, 0.06017914041876793, 0.06398852914571762, 0.0599636547267437], "val_mae": [0.11706516146659851, 0.11012255400419235, 0.10823230445384979, 0.10750725120306015, 0.10418257117271423, 0.10303310304880142, 0.09873449057340622, 0.09356499463319778, 0.09471924602985382, 0.09394771605730057, 0.09338664263486862, 0.0921691283583641, 0.09143461287021637, 0.0955834686756134, 0.09530653059482574, 0.09359965473413467, 0.09461713582277298, 0.09633910655975342, 0.09571889042854309, 0.10066045820713043, 0.0984203889966011, 0.09359431266784668, 0.09427425265312195, 0.09458538889884949, 0.0989406481385231, 0.09965723752975464, 0.10062757879495621, 0.09628147631883621, 0.09943660348653793, 0.0952768325805664, 0.09781517088413239, 0.0985845997929573, 0.10120992362499237, 0.09887553751468658, 0.09785708785057068, 0.10033900290727615, 0.09752487391233444, 0.09784132242202759, 0.09960350394248962, 0.09817631542682648, 0.09713926911354065, 0.10176976770162582, 0.0957946628332138]}