{"loss": [0.08030136674642563, 0.06504032760858536, 0.05857159197330475, 0.055410176515579224, 0.05361810326576233, 0.05226375535130501, 0.05122407525777817, 0.049919940531253815, 0.049173641949892044, 0.048242270946502686, 0.047726139426231384, 0.04672703146934509, 0.045986659824848175, 0.045503851026296616, 0.04501590132713318, 0.04452985152602196, 0.044196221977472305, 0.04384777694940567, 0.0433792844414711, 0.04330367594957352, 0.043100979179143906, 0.04278893023729324, 0.04249640554189682, 0.042358946055173874, 0.04217369109392166, 0.04200175032019615, 0.04194554314017296, 0.04164974018931389, 0.04154360294342041, 0.041451528668403625, 0.04125287011265755, 0.04101236164569855, 0.04103817045688629, 0.04089544340968132, 0.04070894420146942, 0.04063171148300171, 0.040592074394226074, 0.04039491340517998, 0.04049183428287506, 0.04034627228975296, 0.04034943878650665, 0.040284063667058945, 0.04018131271004677, 0.0399492047727108, 0.04001106321811676, 0.040009211748838425, 0.03991653397679329, 0.039684832096099854, 0.039755452424287796, 0.03964117541909218, 0.039676204323768616, 0.03955671936273575, 0.03961455821990967, 0.039574578404426575, 0.039341188967227936, 0.039437081664800644, 0.03929814323782921, 0.039315853267908096, 0.03929751738905907, 0.03919461369514465, 0.03936304897069931, 0.03920435532927513, 0.0392228327691555, 0.03916865587234497, 0.039161309599876404, 0.03915979340672493, 0.03901046887040138, 0.03907568007707596, 0.03906751051545143, 0.039109114557504654, 0.03898351639509201, 0.039071161299943924, 0.038984570652246475, 0.03894348070025444, 0.038880690932273865, 0.03881826251745224, 0.038810666650533676, 0.038594260811805725, 0.038737762719392776, 0.03886336088180542, 0.03864847496151924, 0.038864344358444214, 0.03879685699939728, 0.038763996213674545, 0.03849602863192558, 0.03874608874320984, 0.03858158737421036, 0.03853963688015938, 0.03855901211500168, 0.03856914862990379, 0.03847237676382065], "mae": [0.16139812767505646, 0.13024446368217468, 0.11696234345436096, 0.11048749834299088, 0.10676518827676773, 0.10375771671533585, 0.1015399694442749, 0.09881516546010971, 0.09695414453744888, 0.09525571018457413, 0.09396491944789886, 0.09209762513637543, 0.09046372771263123, 0.08938831835985184, 0.08835119009017944, 0.08738166838884354, 0.08661948144435883, 0.08583840727806091, 0.08504527807235718, 0.08468897640705109, 0.08434712141752243, 0.083664670586586, 0.08307426422834396, 0.08288218826055527, 0.08248330652713776, 0.08196216076612473, 0.0819779634475708, 0.08158180862665176, 0.08110269159078598, 0.08102728426456451, 0.08046756684780121, 0.08024866133928299, 0.08004190027713776, 0.07972720265388489, 0.07950206845998764, 0.07940714061260223, 0.07919374853372574, 0.07880116999149323, 0.07896458357572556, 0.07864122092723846, 0.07868825644254684, 0.07868513464927673, 0.07823044806718826, 0.07780906558036804, 0.0778910294175148, 0.07803382724523544, 0.07760569453239441, 0.07726182788610458, 0.07730638980865479, 0.07716557383537292, 0.07708408683538437, 0.0769091546535492, 0.07692153751850128, 0.07692860811948776, 0.07635849714279175, 0.07664260268211365, 0.0763980820775032, 0.07633042335510254, 0.07628177851438522, 0.07624956220388412, 0.07625318318605423, 0.07623850554227829, 0.07613342255353928, 0.07612960785627365, 0.07603650540113449, 0.07594643533229828, 0.07576868683099747, 0.07575732469558716, 0.07587962597608566, 0.07584252953529358, 0.0756264328956604, 0.07581843435764313, 0.07561157643795013, 0.075531966984272, 0.07541926205158234, 0.07522434741258621, 0.07508450001478195, 0.07472486793994904, 0.07506395131349564, 0.07531973719596863, 0.07507221400737762, 0.07525385916233063, 0.0751640647649765, 0.07522490620613098, 0.07475359737873077, 0.07508210092782974, 0.07470889389514923, 0.07470864057540894, 0.07473527640104294, 0.07462868094444275, 0.07459540665149689], "val_loss": [0.06803374737501144, 0.06254997104406357, 0.05675514042377472, 0.054740097373723984, 0.05235157161951065, 0.05042523518204689, 0.04812762513756752, 0.04819716513156891, 0.046269491314888, 0.04632715880870819, 0.044544897973537445, 0.04380793496966362, 0.04374663159251213, 0.0429324172437191, 0.041282668709754944, 0.042032819241285324, 0.04017294943332672, 0.04109983518719673, 0.04028334468603134, 0.03975631669163704, 0.039319686591625214, 0.0392349474132061, 0.03922492265701294, 0.0402878038585186, 0.03908354416489601, 0.03875759616494179, 0.039104823023080826, 0.03847628831863403, 0.03871047869324684, 0.038381427526474, 0.03803758695721626, 0.03733639791607857, 0.0387774221599102, 0.038526829332113266, 0.03753715008497238, 0.037697505205869675, 0.03845180571079254, 0.03765866905450821, 0.036601677536964417, 0.037824876606464386, 0.03708939254283905, 0.03763199225068092, 0.03781275451183319, 0.037767425179481506, 0.03732750937342644, 0.0372818224132061, 0.03581957519054413, 0.035437650978565216, 0.036433909088373184, 0.037022434175014496, 0.03812188282608986, 0.036142949014902115, 0.036777932196855545, 0.035856131464242935, 0.03603968769311905, 0.03639129921793938, 0.036412566900253296, 0.03705276921391487, 0.03590058535337448, 0.03533515706658363, 0.035327665507793427, 0.03581991791725159, 0.03628549724817276, 0.03593522310256958, 0.03551355004310608, 0.035819221287965775, 0.03600837662816048, 0.036102548241615295, 0.035361677408218384, 0.035815734416246414, 0.03670931234955788, 0.03645196184515953, 0.03655627742409706, 0.035976290702819824, 0.03562115505337715, 0.03570201247930527, 0.03632654994726181, 0.035628173500299454, 0.03663916140794754, 0.036341018974781036, 0.03599819540977478, 0.03579912707209587, 0.035544026643037796, 0.03548958897590637, 0.035381585359573364, 0.03660394251346588, 0.03635074943304062, 0.035354018211364746, 0.03698110207915306, 0.03534949570894241, 0.03616690635681152], "val_mae": [0.12512877583503723, 0.11084669083356857, 0.09969286620616913, 0.09652205556631088, 0.09060193598270416, 0.08627910912036896, 0.0835578441619873, 0.08371105045080185, 0.0810873880982399, 0.08049020916223526, 0.0787011981010437, 0.07571520656347275, 0.0755462571978569, 0.07490482181310654, 0.07225295901298523, 0.07168099284172058, 0.07059996575117111, 0.07013706117868423, 0.0701260045170784, 0.06967048346996307, 0.06866557896137238, 0.06806160509586334, 0.06814337521791458, 0.07042882591485977, 0.06756646186113358, 0.06776227056980133, 0.06753657758235931, 0.0672382339835167, 0.0674344003200531, 0.06608915328979492, 0.0669134110212326, 0.06534846127033234, 0.06722674518823624, 0.06648066639900208, 0.06644348800182343, 0.06631942838430405, 0.06685483455657959, 0.06485870480537415, 0.06463894993066788, 0.06627735495567322, 0.0657607689499855, 0.06598185747861862, 0.0665445476770401, 0.06626935303211212, 0.06637167930603027, 0.06537409126758575, 0.06397706270217896, 0.06367036700248718, 0.06368646025657654, 0.06499341130256653, 0.06695037335157394, 0.06360448896884918, 0.06553416699171066, 0.0635145753622055, 0.06407729536294937, 0.06441247463226318, 0.06374041736125946, 0.0645085871219635, 0.06317193806171417, 0.06304821372032166, 0.06306269764900208, 0.06372155249118805, 0.06405109167098999, 0.06306842714548111, 0.0632002130150795, 0.06320799887180328, 0.06312357634305954, 0.06336279213428497, 0.06199764832854271, 0.06377528607845306, 0.06426715105772018, 0.06361722946166992, 0.06394325941801071, 0.06251931935548782, 0.06352632492780685, 0.062472082674503326, 0.06293239444494247, 0.06203078478574753, 0.06279133260250092, 0.06321790814399719, 0.06270436197519302, 0.06252904236316681, 0.06259220093488693, 0.06268005818128586, 0.062070973217487335, 0.06370630860328674, 0.06300341337919235, 0.062362078577280045, 0.06360938400030136, 0.06194877624511719, 0.06302803754806519]}