{"loss": [0.07899778336286545, 0.05960126593708992, 0.055514875799417496, 0.0531170517206192, 0.052275292575359344, 0.050730325281620026, 0.050118375569581985, 0.04906213656067848, 0.04863008111715317, 0.04845878854393959, 0.04795021563768387, 0.04765624925494194, 0.04730480909347534, 0.047158949077129364, 0.047063589096069336, 0.046712372452020645, 0.04668913781642914, 0.04664243757724762, 0.046204954385757446, 0.04648398607969284, 0.04618930071592331, 0.0458187609910965, 0.0458572618663311, 0.04569856822490692], "mae": [0.1572970300912857, 0.1173868402838707, 0.10985063016414642, 0.1048639565706253, 0.10308171808719635, 0.09991001337766647, 0.09871289879083633, 0.09650538116693497, 0.09552944451570511, 0.09514549374580383, 0.09414277970790863, 0.09357577562332153, 0.09281784296035767, 0.09256862848997116, 0.09236729890108109, 0.09155724197626114, 0.09150291979312897, 0.0914575606584549, 0.09059634059667587, 0.09117969125509262, 0.09064706414937973, 0.08993719518184662, 0.08977179229259491, 0.08940989524126053], "val_loss": [0.06309054046869278, 0.0599660649895668, 0.058789025992155075, 0.058447789400815964, 0.06105499714612961, 0.05930579826235771, 0.06122855469584465, 0.0609014518558979, 0.06129244342446327, 0.06093766912817955, 0.06054220348596573, 0.06383566558361053, 0.06236067786812782, 0.06206041947007179, 0.062459610402584076, 0.06390802562236786, 0.06400126218795776, 0.06200329214334488, 0.06533752381801605, 0.06133567914366722, 0.061428263783454895, 0.06308326125144958, 0.06269562244415283, 0.06183835119009018], "val_mae": [0.11117857694625854, 0.10300369560718536, 0.09939782321453094, 0.09962449222803116, 0.10256099700927734, 0.0967000275850296, 0.0971088632941246, 0.09620512276887894, 0.0955386534333229, 0.09566517174243927, 0.09652431309223175, 0.09740408509969711, 0.09825145453214645, 0.09515582025051117, 0.09723372012376785, 0.10139381885528564, 0.09919874370098114, 0.09647279977798462, 0.10087589174509048, 0.09523677825927734, 0.09619328379631042, 0.09857437759637833, 0.09703036397695541, 0.09630905091762543]}