{"loss": [0.07400346547365189, 0.05870075523853302, 0.05524319410324097, 0.05355628952383995, 0.05230555683374405, 0.05144941434264183, 0.05069238692522049, 0.05018526315689087, 0.04961923137307167, 0.049358028918504715, 0.04885849729180336, 0.048618949949741364, 0.048303261399269104, 0.048013344407081604, 0.04754677042365074, 0.0474308580160141, 0.047242842614650726, 0.046785421669483185, 0.04670397937297821, 0.046485405415296555, 0.04612397402524948, 0.04612217843532562, 0.045644260942935944, 0.0456680990755558, 0.045292407274246216, 0.045113325119018555, 0.045030418783426285, 0.045576777309179306, 0.0447143092751503, 0.04460184648633003, 0.04459163546562195, 0.04445575922727585, 0.04427243769168854, 0.044156454503536224, 0.044154345989227295, 0.04403918981552124, 0.04382088780403137, 0.0436222180724144, 0.043585095554590225, 0.04348552227020264, 0.04357495903968811], "mae": [0.14662843942642212, 0.11594891548156738, 0.1090574786067009, 0.10569413751363754, 0.10328461974859238, 0.10170046985149384, 0.0999257043004036, 0.09884081780910492, 0.09786103665828705, 0.09710320085287094, 0.09627030789852142, 0.09558526426553726, 0.09511526674032211, 0.09452774375677109, 0.09363044053316116, 0.09334591776132584, 0.09295805543661118, 0.09204431623220444, 0.09181021898984909, 0.09142570197582245, 0.0906672403216362, 0.09066283702850342, 0.08972492069005966, 0.08969022333621979, 0.08910410851240158, 0.08864917606115341, 0.08839116990566254, 0.08960412442684174, 0.08780959993600845, 0.08778266608715057, 0.08754847198724747, 0.08734343945980072, 0.08694659173488617, 0.08667100965976715, 0.08675620704889297, 0.08636417239904404, 0.08591294288635254, 0.08565659075975418, 0.08545541763305664, 0.0853864923119545, 0.08535077422857285], "val_loss": [0.05923037230968475, 0.05523781105875969, 0.05528123304247856, 0.052929796278476715, 0.0535430982708931, 0.05176090449094772, 0.04966849088668823, 0.05112643539905548, 0.04975276067852974, 0.05435820668935776, 0.0492379367351532, 0.048827264457941055, 0.05076994001865387, 0.05069933831691742, 0.0510224774479866, 0.048077814280986786, 0.049528419971466064, 0.05099066346883774, 0.047926925122737885, 0.04844936728477478, 0.04736534506082535, 0.04837901145219803, 0.04961970075964928, 0.04993082210421562, 0.04831375554203987, 0.048752572387456894, 0.04875928536057472, 0.050141725689172745, 0.051766782999038696, 0.052180614322423935, 0.049711573868989944, 0.05027524754405022, 0.051732804626226425, 0.0535898320376873, 0.0521053746342659, 0.05025758594274521, 0.053648442029953, 0.051060162484645844, 0.0546373650431633, 0.049417536705732346, 0.05641445145010948], "val_mae": [0.10377345979213715, 0.0982755795121193, 0.09557653218507767, 0.09378235787153244, 0.09316983819007874, 0.09156013280153275, 0.08665347099304199, 0.08879271894693375, 0.08673486858606339, 0.09241319447755814, 0.08432994037866592, 0.0847206562757492, 0.08651921153068542, 0.08476188033819199, 0.08446716517210007, 0.08322882652282715, 0.08449768275022507, 0.0855422094464302, 0.08310084044933319, 0.0830082818865776, 0.08217529952526093, 0.08357380330562592, 0.08521553874015808, 0.08561109751462936, 0.08339221775531769, 0.08392155170440674, 0.08474757522344589, 0.08489327877759933, 0.08693354576826096, 0.0875154510140419, 0.08492384850978851, 0.08545349538326263, 0.08647289872169495, 0.08747275918722153, 0.08595295250415802, 0.08496842533349991, 0.08914649486541748, 0.08728677779436111, 0.09114474058151245, 0.0844302624464035, 0.09268414229154587]}