{"loss": [0.07413825392723083, 0.05484869331121445, 0.05147435888648033, 0.04927061125636101, 0.04777785763144493, 0.046544622629880905, 0.04554335027933121, 0.0445171594619751, 0.04411334916949272, 0.043893322348594666, 0.04330819100141525, 0.042850133031606674, 0.04241560027003288, 0.04212650656700134, 0.04168306291103363, 0.04183252528309822, 0.041220203042030334, 0.04115171357989311, 0.04091972857713699, 0.040769532322883606, 0.04084951803088188, 0.04034629464149475, 0.0403013676404953, 0.0401575081050396, 0.040041182190179825, 0.03990421071648598, 0.039804793894290924, 0.03968561813235283, 0.039516519755125046, 0.03941579535603523, 0.03941846266388893, 0.03949717432260513, 0.03922773525118828, 0.039010196924209595, 0.038978252559900284, 0.03876194730401039, 0.03859301283955574, 0.038773294538259506, 0.03855518996715546, 0.03847954049706459, 0.038330674171447754, 0.0382985882461071, 0.038590747863054276, 0.038092948496341705, 0.03785066306591034, 0.037702128291130066, 0.03776131197810173, 0.03770037740468979, 0.037618979811668396, 0.037513405084609985, 0.037576403468847275, 0.0376654714345932, 0.0375557504594326], "mae": [0.14716683328151703, 0.10811527073383331, 0.101991668343544, 0.09767965227365494, 0.09427551925182343, 0.09166346490383148, 0.08958441764116287, 0.08746914565563202, 0.08658241480588913, 0.08590126037597656, 0.08487125486135483, 0.08380986750125885, 0.08322703838348389, 0.08242528140544891, 0.08146194368600845, 0.0816742479801178, 0.0806862935423851, 0.08046592026948929, 0.08004878461360931, 0.07970896363258362, 0.07999329268932343, 0.07881207764148712, 0.07877796143293381, 0.07846968621015549, 0.07822296023368835, 0.07799890637397766, 0.07777266949415207, 0.07742451131343842, 0.07729168981313705, 0.07698522508144379, 0.07685820758342743, 0.07698281109333038, 0.07676420360803604, 0.0760994628071785, 0.07611080259084702, 0.0756685733795166, 0.07549269497394562, 0.07555899769067764, 0.07523433864116669, 0.07524213194847107, 0.07500547170639038, 0.07458044588565826, 0.07513761520385742, 0.07445455342531204, 0.0738944411277771, 0.07342374324798584, 0.07382404804229736, 0.07363996654748917, 0.07331692427396774, 0.07318726181983948, 0.0733686164021492, 0.07330971211194992, 0.07327653467655182], "val_loss": [0.05516690015792847, 0.051171064376831055, 0.049498602747917175, 0.04774509742856026, 0.04576663672924042, 0.044834770262241364, 0.043142348527908325, 0.04475564882159233, 0.04435901716351509, 0.044795289635658264, 0.043775398284196854, 0.04327904433012009, 0.04561348631978035, 0.04224824160337448, 0.04273253679275513, 0.04214755445718765, 0.0417485348880291, 0.042093269526958466, 0.04169401526451111, 0.041608039289712906, 0.03993195667862892, 0.04074796289205551, 0.04155855253338814, 0.041241470724344254, 0.04185213893651962, 0.04227703437209129, 0.04023776948451996, 0.04002092406153679, 0.041486579924821854, 0.04028446599841118, 0.040845878422260284, 0.04086373373866081, 0.039629869163036346, 0.04280878230929375, 0.041905827820301056, 0.04045930504798889, 0.04052684083580971, 0.04157175123691559, 0.04188460484147072, 0.043073952198028564, 0.0404554046690464, 0.04162720963358879, 0.041633885353803635, 0.03970518708229065, 0.04396801069378853, 0.040736276656389236, 0.03963308408856392, 0.04066066816449165, 0.040623582899570465, 0.04041356220841408, 0.04195437952876091, 0.040344033390283585, 0.04043591022491455], "val_mae": [0.09933936595916748, 0.09084632247686386, 0.0874582827091217, 0.08313515037298203, 0.07969505339860916, 0.07701630145311356, 0.07413557171821594, 0.07437978684902191, 0.07437341660261154, 0.07364766299724579, 0.0730956643819809, 0.07173090428113937, 0.07440697401762009, 0.07241815328598022, 0.07175455242395401, 0.07043580710887909, 0.06919539719820023, 0.07139945030212402, 0.06988310813903809, 0.06899131089448929, 0.06787396222352982, 0.06733927130699158, 0.06973282992839813, 0.07058752328157425, 0.06968895345926285, 0.06855794787406921, 0.06786637753248215, 0.06736277788877487, 0.06869082897901535, 0.06894849240779877, 0.06765232980251312, 0.0683198794722557, 0.06575394421815872, 0.07171229273080826, 0.0705011859536171, 0.06693228334188461, 0.06816239655017853, 0.06911394745111465, 0.06862053275108337, 0.07081983238458633, 0.06572549045085907, 0.06896365433931351, 0.0681672915816307, 0.06606116890907288, 0.07104145735502243, 0.06589504331350327, 0.06497158110141754, 0.06677087396383286, 0.06628471612930298, 0.0656408816576004, 0.06842417269945145, 0.0657092034816742, 0.06710992753505707]}