{"loss": [0.07675866037607193, 0.05803656205534935, 0.051550351083278656, 0.048075512051582336, 0.04600786417722702, 0.04489574208855629, 0.04361383989453316, 0.04302787035703659, 0.042362991720438004, 0.04148242995142937, 0.04105111211538315, 0.040903061628341675, 0.04044428840279579, 0.04016517847776413, 0.03984147682785988, 0.03966370224952698, 0.03931276127696037, 0.03929596021771431, 0.03911511227488518, 0.038998041301965714, 0.0387718603014946, 0.03862342610955238, 0.038437020033597946, 0.038218092173337936, 0.03818506747484207, 0.038096483796834946, 0.03798248618841171, 0.03785772621631622, 0.037669308483600616, 0.037661317735910416, 0.037618644535541534, 0.037459760904312134, 0.037467289716005325, 0.03736850991845131, 0.037242259830236435, 0.03711916506290436, 0.03718988969922066, 0.03685060888528824, 0.0369279608130455, 0.0369221456348896, 0.036921802908182144, 0.03671370819211006, 0.03710392862558365, 0.036854926496744156, 0.03670372813940048, 0.03660077229142189, 0.036671027541160583, 0.036674149334430695, 0.036579255014657974, 0.03647433593869209, 0.03644046187400818, 0.036427803337574005, 0.03646064177155495, 0.036394208669662476, 0.036333806812763214, 0.03614926338195801, 0.036165591329336166, 0.0363648384809494, 0.036117490381002426, 0.03627656027674675, 0.03599046543240547, 0.03598785400390625, 0.03600107878446579, 0.03600557893514633, 0.03586231917142868, 0.03572661429643631, 0.03568878397345543, 0.03582765907049179, 0.035919636487960815, 0.0358542874455452, 0.035704586654901505], "mae": [0.1529470980167389, 0.11512979120016098, 0.10217312723398209, 0.09458775073289871, 0.09033253788948059, 0.08798577636480331, 0.08540761470794678, 0.08446752279996872, 0.0830383375287056, 0.08110730350017548, 0.08031532913446426, 0.07982414960861206, 0.07889731228351593, 0.07843568176031113, 0.0777541846036911, 0.07738347351551056, 0.07680828124284744, 0.07672090083360672, 0.0762968584895134, 0.07606537640094757, 0.07573066651821136, 0.0753689706325531, 0.07479415088891983, 0.07442787289619446, 0.07432591170072556, 0.07413481920957565, 0.07382692396640778, 0.0736105889081955, 0.073271743953228, 0.0732702761888504, 0.0731625109910965, 0.07282613217830658, 0.07274619489908218, 0.07263174653053284, 0.0723184198141098, 0.07228443026542664, 0.0721731185913086, 0.07158953696489334, 0.07156645506620407, 0.07149428874254227, 0.07159017026424408, 0.07110762596130371, 0.07183993607759476, 0.07138793170452118, 0.0711737647652626, 0.07091455161571503, 0.07092796266078949, 0.07092826068401337, 0.07092810422182083, 0.07053404301404953, 0.07043473422527313, 0.07043330371379852, 0.07051282376050949, 0.07036539167165756, 0.0701008141040802, 0.069858618080616, 0.06983213126659393, 0.07029120624065399, 0.06977185606956482, 0.07002174854278564, 0.06955280154943466, 0.06952311098575592, 0.06940856575965881, 0.06948791444301605, 0.0692908838391304, 0.06892611086368561, 0.06893739849328995, 0.0692455843091011, 0.06914573162794113, 0.06909823417663574, 0.06884674727916718], "val_loss": [0.060604922473430634, 0.05122311785817146, 0.047998201102018356, 0.046244699507951736, 0.04569033533334732, 0.041649229824543, 0.04086596891283989, 0.04209102317690849, 0.03989136219024658, 0.03893342614173889, 0.03899450600147247, 0.038012318313121796, 0.04040722921490669, 0.037477608770132065, 0.037903640419244766, 0.03782353177666664, 0.03736940771341324, 0.03655771538615227, 0.037561580538749695, 0.036579955369234085, 0.03698841482400894, 0.03619375452399254, 0.03723091632127762, 0.037704601883888245, 0.0365741141140461, 0.037058111280202866, 0.036209236830472946, 0.03745380416512489, 0.03609739616513252, 0.03757463023066521, 0.03706349432468414, 0.03655121102929115, 0.03640582412481308, 0.036252740770578384, 0.03691663593053818, 0.03664606064558029, 0.03580007702112198, 0.036284901201725006, 0.036071717739105225, 0.037440016865730286, 0.03762945160269737, 0.03586141765117645, 0.036969300359487534, 0.03705630078911781, 0.03708915039896965, 0.03686444088816643, 0.03615283593535423, 0.03722216561436653, 0.0355670303106308, 0.03597185015678406, 0.035006020218133926, 0.03636354207992554, 0.0388227216899395, 0.03677225485444069, 0.03584539517760277, 0.035952214151620865, 0.03609120845794678, 0.03632236272096634, 0.03686679154634476, 0.035494614392519, 0.03672913461923599, 0.035648055374622345, 0.039175115525722504, 0.03772107884287834, 0.0363040529191494, 0.03652855381369591, 0.03580360487103462, 0.0364128015935421, 0.03659958019852638, 0.0362735241651535, 0.036242157220840454], "val_mae": [0.10948516428470612, 0.09322009980678558, 0.08466806262731552, 0.08015307784080505, 0.07821778953075409, 0.07353899627923965, 0.07080168277025223, 0.0713965892791748, 0.06737764179706573, 0.06665563583374023, 0.06581147015094757, 0.06438202410936356, 0.06847601383924484, 0.06325363367795944, 0.06353982537984848, 0.06319697946310043, 0.0632435530424118, 0.06202113255858421, 0.06255719810724258, 0.06256413459777832, 0.061666667461395264, 0.06027395278215408, 0.060443222522735596, 0.06115826964378357, 0.06072777882218361, 0.060957007110118866, 0.059830646961927414, 0.06081050634384155, 0.06056138128042221, 0.06096755340695381, 0.06052059680223465, 0.060194458812475204, 0.06080271676182747, 0.0603526271879673, 0.061151180416345596, 0.059724245220422745, 0.05810791254043579, 0.05927466228604317, 0.058627549558877945, 0.06064638867974281, 0.06051976978778839, 0.058180779218673706, 0.05898086726665497, 0.059849292039871216, 0.06025450676679611, 0.05938519909977913, 0.05827914923429489, 0.060757096856832504, 0.05919154733419418, 0.0581609383225441, 0.057934585958719254, 0.05862877890467644, 0.061799775809049606, 0.05881204456090927, 0.05873359367251396, 0.05890124663710594, 0.05848686024546623, 0.059659987688064575, 0.05911899358034134, 0.05849722772836685, 0.05793674290180206, 0.05755417048931122, 0.062180861830711365, 0.06018020957708359, 0.05935506895184517, 0.05903850495815277, 0.05835889279842377, 0.05919773876667023, 0.05977117270231247, 0.059101562947034836, 0.057873472571372986]}