{"loss": [0.07749294489622116, 0.05830320343375206, 0.05269600823521614, 0.05047178640961647, 0.04882566258311272, 0.04730869084596634, 0.0462065264582634, 0.04534115269780159, 0.044665977358818054, 0.043841809034347534, 0.04344803839921951, 0.04297293350100517, 0.042636457830667496, 0.04202865809202194, 0.041832271963357925, 0.041408754885196686, 0.04116678237915039, 0.0408402681350708, 0.04072443023324013, 0.04036904126405716, 0.04014734551310539, 0.0400228351354599, 0.03970584645867348, 0.03955145180225372, 0.03948420286178589, 0.03921898454427719, 0.039117246866226196, 0.038989000022411346, 0.038811687380075455, 0.03870145604014397, 0.03847530484199524, 0.03837018832564354, 0.03824650123715401, 0.03813697770237923, 0.038218822330236435, 0.03792887181043625, 0.03795764967799187, 0.03756142407655716, 0.037550948560237885, 0.03754456341266632, 0.03743768110871315, 0.03720642253756523, 0.03715512529015541, 0.03723732754588127, 0.03699664771556854, 0.036847710609436035, 0.03674541786313057, 0.03676361218094826, 0.03675895184278488, 0.03666837513446808, 0.036628492176532745, 0.0364985391497612, 0.036433376371860504, 0.036364611238241196, 0.03629011660814285, 0.03615913540124893, 0.03613857924938202, 0.03608221188187599, 0.03606044128537178, 0.03587011620402336, 0.03590898588299751, 0.035804182291030884, 0.035639308393001556, 0.035602353513240814, 0.03563733398914337, 0.0355977825820446, 0.03568361699581146, 0.03559792414307594, 0.035473477095365524, 0.03554178401827812, 0.03540940582752228, 0.035291340202093124, 0.03523145616054535, 0.03514837473630905, 0.035203393548727036, 0.03521915152668953, 0.03508131578564644, 0.034952692687511444, 0.03507574275135994, 0.03507396578788757, 0.035028308629989624, 0.034911803901195526, 0.034966446459293365, 0.03487606719136238], "mae": [0.15565870702266693, 0.1155279278755188, 0.10439849644899368, 0.09992692619562149, 0.09650269895792007, 0.09333526343107224, 0.0911405012011528, 0.08903635293245316, 0.08768346160650253, 0.08602309226989746, 0.08501476049423218, 0.08416864275932312, 0.08327127993106842, 0.08220027387142181, 0.08168589323759079, 0.08098618686199188, 0.0803966075181961, 0.07983092218637466, 0.07960332930088043, 0.07883955538272858, 0.07845010608434677, 0.07825515419244766, 0.07763286679983139, 0.07709690928459167, 0.07683268189430237, 0.07647408545017242, 0.07628300040960312, 0.07597347348928452, 0.07575510442256927, 0.0754026547074318, 0.07487691193819046, 0.07456289976835251, 0.07447590678930283, 0.07416651397943497, 0.07432238012552261, 0.07371103763580322, 0.07367125153541565, 0.07302091270685196, 0.07295279949903488, 0.07282992452383041, 0.07289457321166992, 0.07229236513376236, 0.07216393202543259, 0.07214520871639252, 0.07181015610694885, 0.071634940803051, 0.0712146982550621, 0.07131586223840714, 0.07131390273571014, 0.07099546492099762, 0.07104039192199707, 0.07076391577720642, 0.07072792202234268, 0.07060438394546509, 0.0705171748995781, 0.07010374218225479, 0.06996598094701767, 0.07001373916864395, 0.06999216973781586, 0.06960303336381912, 0.069467693567276, 0.06941485404968262, 0.06911801546812057, 0.06901463866233826, 0.06891107559204102, 0.06899956613779068, 0.0690263882279396, 0.06892652064561844, 0.06877654790878296, 0.06889735162258148, 0.06859399378299713, 0.06836989521980286, 0.06818574666976929, 0.0681779608130455, 0.06818113476037979, 0.06820481270551682, 0.06805457174777985, 0.06763238459825516, 0.06792821735143661, 0.06780734658241272, 0.06777085363864899, 0.06767687201499939, 0.0677625834941864, 0.06761571019887924], "val_loss": [0.06299147009849548, 0.053906094282865524, 0.053015876561403275, 0.0518248975276947, 0.051639001816511154, 0.04919900372624397, 0.046117816120386124, 0.04663916677236557, 0.043776899576187134, 0.046366699039936066, 0.041993919759988785, 0.04408586397767067, 0.0407547689974308, 0.043832264840602875, 0.041809435933828354, 0.04194433614611626, 0.04127097502350807, 0.04207276925444603, 0.042504921555519104, 0.04372948408126831, 0.041801415383815765, 0.04057921841740608, 0.03976254537701607, 0.04200076684355736, 0.039396826177835464, 0.03980249539017677, 0.03919513151049614, 0.044126372784376144, 0.040107958018779755, 0.039801470935344696, 0.04108636453747749, 0.03971215710043907, 0.039355527609586716, 0.04107337445020676, 0.040944211184978485, 0.038673285394907, 0.0390038900077343, 0.03838888928294182, 0.04029202461242676, 0.041355203837156296, 0.04221672937273979, 0.03812248259782791, 0.03959845006465912, 0.040943946689367294, 0.038193222135305405, 0.03953312337398529, 0.03805498406291008, 0.03942856937646866, 0.041588883846998215, 0.042202409356832504, 0.03897327184677124, 0.040632497519254684, 0.03966652974486351, 0.03783309459686279, 0.03875088319182396, 0.03890076279640198, 0.042837951332330704, 0.038422081619501114, 0.04134498909115791, 0.04110780730843544, 0.03858141973614693, 0.039740271866321564, 0.03969750925898552, 0.03843863680958748, 0.037860553711652756, 0.0408816784620285, 0.037898462265729904, 0.03880445286631584, 0.03834616020321846, 0.03918898478150368, 0.03871675208210945, 0.04088525474071503, 0.038471199572086334, 0.04022735729813576, 0.038511406630277634, 0.03862318396568298, 0.039064839482307434, 0.038698770105838776, 0.039718955755233765, 0.03801582753658295, 0.03828488662838936, 0.03823244571685791, 0.04118689149618149, 0.03832002356648445], "val_mae": [0.11414783447980881, 0.0981246829032898, 0.09087479114532471, 0.08830719441175461, 0.0857810378074646, 0.08493663370609283, 0.07897543162107468, 0.08080009371042252, 0.07582633942365646, 0.07773977518081665, 0.07314825057983398, 0.07402299344539642, 0.07034353166818619, 0.07261033356189728, 0.07041367888450623, 0.07130926102399826, 0.07010407745838165, 0.07038711756467819, 0.0716385468840599, 0.07300925999879837, 0.06956563889980316, 0.06821417808532715, 0.06711092591285706, 0.06894797831773758, 0.06630772352218628, 0.0672285333275795, 0.06713849306106567, 0.0714932233095169, 0.06724920123815536, 0.06653384864330292, 0.06811904907226562, 0.0657649114727974, 0.06521522998809814, 0.06687016785144806, 0.06684670597314835, 0.06475015729665756, 0.0650421604514122, 0.06475205719470978, 0.06690613925457001, 0.067661814391613, 0.06765903532505035, 0.06400386244058609, 0.06496358662843704, 0.06709272414445877, 0.06378189474344254, 0.06464696675539017, 0.06322038918733597, 0.06443346291780472, 0.06727294623851776, 0.06784724444150925, 0.06374315917491913, 0.0654243603348732, 0.06498340517282486, 0.06290902197360992, 0.06467169523239136, 0.06359169632196426, 0.0682867094874382, 0.06339791417121887, 0.06681931018829346, 0.06564915925264359, 0.06337433308362961, 0.06505350768566132, 0.06582031399011612, 0.06296607106924057, 0.061406247317790985, 0.066011443734169, 0.06255374103784561, 0.06374344229698181, 0.06345436722040176, 0.06345966458320618, 0.06289568543434143, 0.06454682350158691, 0.06307940185070038, 0.06481749564409256, 0.06229458749294281, 0.06245187669992447, 0.06388705223798752, 0.06292423605918884, 0.06350689381361008, 0.06152283027768135, 0.06242824345827103, 0.062334317713975906, 0.06558584421873093, 0.06271500140428543]}