{"loss": [0.07831370830535889, 0.059361450374126434, 0.05421905964612961, 0.051055118441581726, 0.048637282103300095, 0.04693549871444702, 0.04550139233469963, 0.04443453624844551, 0.043336767703294754, 0.04249657690525055, 0.04181845486164093, 0.041150305420160294, 0.04074260592460632, 0.04040754213929176, 0.04009026661515236, 0.039803314954042435, 0.0395234040915966, 0.039257146418094635, 0.038828618824481964, 0.038717564195394516, 0.03833429142832756, 0.03811827301979065, 0.03798271715641022, 0.03786343336105347, 0.037587735801935196, 0.037427082657814026, 0.037491582334041595, 0.037169408053159714, 0.037182651460170746, 0.036990053951740265, 0.03696761652827263, 0.03667300194501877, 0.036675553768873215, 0.03662744164466858, 0.03647800162434578, 0.036531779915094376, 0.036383986473083496, 0.03633666783571243, 0.036216653883457184, 0.03606119006872177, 0.03601474687457085, 0.03586030378937721, 0.0357380248606205, 0.035696350038051605, 0.03561263158917427, 0.03554065153002739, 0.03552233800292015, 0.035563480108976364, 0.03545171022415161, 0.03552957996726036, 0.0353722907602787, 0.035254646092653275, 0.03524230048060417, 0.03511020541191101, 0.034992996603250504, 0.03498039022088051, 0.035120878368616104, 0.0350726954638958, 0.03501676023006439, 0.03485371917486191, 0.03499642759561539, 0.03471246361732483, 0.03494967892765999, 0.03465989604592323, 0.03466656059026718, 0.034642040729522705, 0.0345611497759819, 0.034532759338617325, 0.03461732715368271, 0.03451640531420708, 0.03461303189396858, 0.034415118396282196, 0.03434896841645241, 0.03426315262913704, 0.03426588699221611, 0.034354545176029205, 0.03429984673857689, 0.034148864448070526, 0.03427754342556, 0.03428277373313904, 0.034158118069171906, 0.03408169001340866, 0.0341370515525341, 0.03405756875872612, 0.03399403765797615, 0.03410077840089798, 0.03387298807501793, 0.033991869539022446], "mae": [0.15637964010238647, 0.11822822690010071, 0.10800065845251083, 0.1013147309422493, 0.09645247459411621, 0.09289159625768661, 0.08964620530605316, 0.08745703846216202, 0.08513054996728897, 0.08334163576364517, 0.08207160979509354, 0.08039645850658417, 0.0795438215136528, 0.07897376269102097, 0.07809249311685562, 0.07770121842622757, 0.07709089666604996, 0.07654953747987747, 0.07576802372932434, 0.07548397779464722, 0.07482551038265228, 0.07398109138011932, 0.07419479638338089, 0.07366321235895157, 0.07308841496706009, 0.07273241132497787, 0.07306649535894394, 0.0722428411245346, 0.07229950278997421, 0.07197804749011993, 0.07183104753494263, 0.07138260453939438, 0.07133200019598007, 0.0710730254650116, 0.0708499550819397, 0.07093285769224167, 0.07066573202610016, 0.07061390578746796, 0.07032361626625061, 0.07012978196144104, 0.0699273943901062, 0.06964115053415298, 0.06929463893175125, 0.06940821558237076, 0.06921951472759247, 0.06899676471948624, 0.0687578022480011, 0.06885800510644913, 0.06890565901994705, 0.06882400065660477, 0.06865052878856659, 0.0683959349989891, 0.0683441013097763, 0.06810380518436432, 0.0677269697189331, 0.0677649974822998, 0.0679486021399498, 0.06797374039888382, 0.0678771361708641, 0.06747224926948547, 0.06784091889858246, 0.06730589270591736, 0.06761976331472397, 0.0671512708067894, 0.06708429008722305, 0.0670132115483284, 0.06692824512720108, 0.06689239293336868, 0.0670756995677948, 0.0668877586722374, 0.0670003741979599, 0.06674108654260635, 0.0663626566529274, 0.06633336842060089, 0.0662013441324234, 0.06629228591918945, 0.06646328419446945, 0.06599637120962143, 0.06621677428483963, 0.06619632989168167, 0.0661449134349823, 0.06594918668270111, 0.06598074734210968, 0.06581760942935944, 0.06582228094339371, 0.06591054052114487, 0.06539313495159149, 0.06553724408149719], "val_loss": [0.06574063003063202, 0.0546102449297905, 0.058478761464357376, 0.05547332763671875, 0.04648396000266075, 0.04381747916340828, 0.04637110233306885, 0.04287054389715195, 0.04077867418527603, 0.041434697806835175, 0.03906013444066048, 0.03936399519443512, 0.038061223924160004, 0.03748096898198128, 0.03723592683672905, 0.03731110692024231, 0.03694219887256622, 0.03574122488498688, 0.036925286054611206, 0.03684794902801514, 0.036875832825899124, 0.03567824140191078, 0.03649992495775223, 0.036829251796007156, 0.03587386757135391, 0.03581349924206734, 0.03558528050780296, 0.0377117358148098, 0.03580004349350929, 0.03596974164247513, 0.035760246217250824, 0.03665439411997795, 0.03480236977338791, 0.03457498922944069, 0.03698327764868736, 0.03561931103467941, 0.035745102912187576, 0.03531462699174881, 0.03518707677721977, 0.03526148945093155, 0.036148376762866974, 0.035269856452941895, 0.03487970307469368, 0.035982947796583176, 0.03496139124035835, 0.035620301961898804, 0.03547858074307442, 0.034991174936294556, 0.03675318881869316, 0.034548621624708176, 0.03550214692950249, 0.03390330448746681, 0.03389749675989151, 0.03486058861017227, 0.03607377037405968, 0.03446311131119728, 0.034247081726789474, 0.03355991467833519, 0.033648885786533356, 0.035002294927835464, 0.03450426831841469, 0.03437790274620056, 0.03467005863785744, 0.03518391400575638, 0.03465089574456215, 0.03440564125776291, 0.035025838762521744, 0.0350065641105175, 0.03459516540169716, 0.034989193081855774, 0.03461720421910286, 0.03574547544121742, 0.03552565351128578, 0.034580934792757034, 0.0340287983417511, 0.03459060192108154, 0.03454403579235077, 0.034842927008867264, 0.03581446036696434, 0.03434835001826286, 0.03493879362940788, 0.03420903533697128, 0.034538738429546356, 0.034237973392009735, 0.03574303537607193, 0.0338728167116642, 0.03417947143316269, 0.03516450151801109], "val_mae": [0.11963806301355362, 0.09863198548555374, 0.1006152555346489, 0.09536856412887573, 0.08342810720205307, 0.07924596965312958, 0.08030597120523453, 0.07550469785928726, 0.07238718867301941, 0.072882741689682, 0.0678253248333931, 0.06832972913980484, 0.06684461236000061, 0.06577590852975845, 0.06533491611480713, 0.06534819304943085, 0.06351123005151749, 0.06274976581335068, 0.06272877007722855, 0.06252247095108032, 0.06156359612941742, 0.060635410249233246, 0.061666619032621384, 0.061953820288181305, 0.061039429157972336, 0.060829874128103256, 0.059812046587467194, 0.06372703611850739, 0.060769446194171906, 0.06115959584712982, 0.06037764623761177, 0.05993466451764107, 0.05901636928319931, 0.059410177171230316, 0.060936324298381805, 0.05954447761178017, 0.060360345989465714, 0.058765120804309845, 0.05932329222559929, 0.05891955643892288, 0.059994522482156754, 0.05909983813762665, 0.05956129729747772, 0.06030690297484398, 0.05827619507908821, 0.059610385447740555, 0.05936859920620918, 0.059095367789268494, 0.05995374917984009, 0.05737947300076485, 0.0587959848344326, 0.057645250111818314, 0.057106904685497284, 0.05848011001944542, 0.05966583639383316, 0.05786558613181114, 0.0576380230486393, 0.05752989277243614, 0.05718633159995079, 0.0585985966026783, 0.05808240547776222, 0.05725711211562157, 0.05733941122889519, 0.057713527232408524, 0.05761362239718437, 0.0576748363673687, 0.0577145516872406, 0.057748451828956604, 0.057653993368148804, 0.058324676007032394, 0.05826832354068756, 0.05935364589095116, 0.058662671595811844, 0.05710818991065025, 0.05673189461231232, 0.05773945525288582, 0.05679909139871597, 0.057677607983350754, 0.0585898719727993, 0.057709041982889175, 0.057615283876657486, 0.057285770773887634, 0.05688690021634102, 0.05740032345056534, 0.058216504752635956, 0.05715557560324669, 0.05626527592539787, 0.057467613369226456]}