{"loss": [0.11814379692077637, 0.09303087741136551, 0.09582870453596115, 0.08727011829614639, 0.08258295059204102, 0.07754264026880264, 0.07514393329620361, 0.07219058275222778, 0.08158373087644577, 0.086317278444767, 0.08076678961515427, 0.07520925998687744, 0.07247184962034225, 0.06970613449811935, 0.0676824077963829, 0.06538470834493637, 0.07345584034919739, 0.06372419744729996, 0.06198670715093613, 0.05989638343453407, 0.058595046401023865, 0.059492990374565125, 0.056193042546510696, 0.05663568526506424, 0.05533112958073616, 0.0533684566617012, 0.05116446688771248, 0.08028146624565125, 0.06094690039753914, 0.07307036221027374, 0.0674494206905365, 0.057850711047649384, 0.054165057837963104, 0.05263008922338486, 0.05043867975473404, 0.04942723736166954, 0.04895741119980812, 0.051181621849536896, 0.04738151282072067, 0.04676666483283043, 0.04552885890007019, 0.06103220954537392, 0.09844011813402176, 0.0782896876335144, 0.07149247080087662, 0.0764370933175087, 0.06914883106946945, 0.05303775891661644, 0.05298588052392006, 0.04695942625403404, 0.04634504392743111, 0.044375430792570114, 0.04394629970192909, 0.04292295128107071, 0.06333088129758835, 0.0547044612467289, 0.051763035356998444, 0.05088819935917854, 0.06704697012901306, 0.05605160444974899, 0.04585249349474907, 0.04262074455618858, 0.041601330041885376, 0.04096757620573044, 0.040226057171821594, 0.04086783528327942, 0.03931211680173874, 0.04289248213171959, 0.09937398880720139, 0.0732920840382576, 0.06692617386579514, 0.09232407808303833, 0.08917499333620071, 0.07260186970233917, 0.08893106877803802, 0.08746180683374405, 0.09465983510017395, 0.08849956840276718, 0.11627712845802307, 0.09742956608533859, 0.0930703654885292, 0.10169917345046997, 0.10457617044448853, 0.08928307145833969, 0.07542077451944351, 0.0943116694688797, 0.12883396446704865], "mae": [0.24293836951255798, 0.189279243350029, 0.18176701664924622, 0.16681784391403198, 0.16073012351989746, 0.14890097081661224, 0.14297272264957428, 0.1373162567615509, 0.15557867288589478, 0.16940920054912567, 0.16199174523353577, 0.15449392795562744, 0.14784541726112366, 0.14194390177726746, 0.1376049816608429, 0.13288666307926178, 0.14606055617332458, 0.13065527379512787, 0.1250210702419281, 0.12037964165210724, 0.11738388985395432, 0.11714638024568558, 0.11309091001749039, 0.11352422088384628, 0.11075741797685623, 0.10734550654888153, 0.10353519767522812, 0.1402130424976349, 0.1176435723900795, 0.13135412335395813, 0.12600786983966827, 0.11013859510421753, 0.10270611941814423, 0.09946953505277634, 0.09522072225809097, 0.09231439232826233, 0.0911804735660553, 0.09272544831037521, 0.08842724561691284, 0.08789584785699844, 0.08727709949016571, 0.10595744848251343, 0.13733354210853577, 0.12135093659162521, 0.11402580142021179, 0.11809422820806503, 0.1185692548751831, 0.10276882350444794, 0.10259216278791428, 0.09494704008102417, 0.09301518648862839, 0.08874370902776718, 0.08718082308769226, 0.08486323803663254, 0.10468776524066925, 0.09708105027675629, 0.09197557717561722, 0.08964385092258453, 0.10483241081237793, 0.10148394852876663, 0.0878351628780365, 0.08332394808530807, 0.08036722987890244, 0.07853661477565765, 0.07687699794769287, 0.07754359394311905, 0.07515688240528107, 0.0779525488615036, 0.13520491123199463, 0.12105338275432587, 0.1143953949213028, 0.1419130563735962, 0.1593770682811737, 0.13596250116825104, 0.15037257969379425, 0.13334856927394867, 0.14297465980052948, 0.1393856406211853, 0.1557123064994812, 0.14830753207206726, 0.13811266422271729, 0.16538479924201965, 0.20597873628139496, 0.16864238679409027, 0.13343800604343414, 0.13987508416175842, 0.24225875735282898], "val_loss": [0.10338803380727768, 0.08222115784883499, 0.08370067924261093, 0.0934130847454071, 0.07940427958965302, 0.07617232203483582, 0.07354632019996643, 0.07197250425815582, 0.0905795618891716, 0.08039354532957077, 0.07540400326251984, 0.07378698140382767, 0.0715085119009018, 0.06722402572631836, 0.06635014712810516, 0.0641867145895958, 0.0673346295952797, 0.06174653023481369, 0.0612875372171402, 0.058871496468782425, 0.05843410640954971, 0.05648535490036011, 0.054762814193964005, 0.05816154554486275, 0.0520506277680397, 0.052139174193143845, 0.05171813815832138, 0.06534412503242493, 0.06088691204786301, 0.07577034831047058, 0.0628572478890419, 0.05435575917363167, 0.05242503806948662, 0.05066365376114845, 0.049489039927721024, 0.04879137873649597, 0.04767236486077309, 0.04865526780486107, 0.0492059551179409, 0.04540230333805084, 0.04468364641070366, 0.045918937772512436, 0.08009578287601471, 0.07330851256847382, 0.06959693878889084, 0.07611864060163498, 0.05542723834514618, 0.05088234692811966, 0.048269324004650116, 0.045894987881183624, 0.04440877586603165, 0.04473898559808731, 0.04342661425471306, 0.04221373423933983, 0.05626721680164337, 0.052912112325429916, 0.05147724226117134, 0.0498042106628418, 0.07625727355480194, 0.04561053216457367, 0.04283926263451576, 0.041857052594423294, 0.04123706743121147, 0.041310783475637436, 0.03985152766108513, 0.03896583989262581, 0.03873754292726517, 0.1466549187898636, 0.07657531648874283, 0.06928379833698273, 0.06395024806261063, 0.11076907813549042, 0.07700442522764206, 0.06806565821170807, 0.09507668018341064, 0.08460595458745956, 0.086250439286232, 0.137473464012146, 0.10098592936992645, 0.0948127955198288, 0.090670146048069, 0.1085551306605339, 0.10226057469844818, 0.07855939120054245, 0.0718543753027916, 0.1411108523607254, 0.12608787417411804], "val_mae": [0.22108599543571472, 0.15666480362415314, 0.16539403796195984, 0.160312220454216, 0.15262186527252197, 0.1477271318435669, 0.13884387910366058, 0.13813167810440063, 0.18305176496505737, 0.1575150489807129, 0.1564307063817978, 0.14993765950202942, 0.14651675522327423, 0.13821741938591003, 0.1342354267835617, 0.13117894530296326, 0.13859513401985168, 0.1253313273191452, 0.12208157032728195, 0.11646727472543716, 0.11593195796012878, 0.11368903517723083, 0.1096162348985672, 0.11563713103532791, 0.10759580135345459, 0.10515385866165161, 0.10322408378124237, 0.12361612915992737, 0.11534415185451508, 0.14290326833724976, 0.11390329897403717, 0.10362342745065689, 0.10000521689653397, 0.09657946974039078, 0.0937606692314148, 0.09199830144643784, 0.08956148475408554, 0.09286986291408539, 0.08995841443538666, 0.08725947141647339, 0.08620543777942657, 0.08970271795988083, 0.12559571862220764, 0.11705872416496277, 0.11217011511325836, 0.11979853361845016, 0.11007914692163467, 0.09986042976379395, 0.09564856439828873, 0.09208172559738159, 0.08964084088802338, 0.0898384228348732, 0.08662582188844681, 0.08316725492477417, 0.10106173157691956, 0.095915786921978, 0.09080241620540619, 0.08854159712791443, 0.116575226187706, 0.08815255016088486, 0.08411397784948349, 0.08138611167669296, 0.07840076088905334, 0.07951187342405319, 0.07594114542007446, 0.07532709836959839, 0.07536763697862625, 0.15721596777439117, 0.12294391542673111, 0.116665780544281, 0.11201251298189163, 0.18115022778511047, 0.14131172001361847, 0.13065649569034576, 0.14972293376922607, 0.12836430966854095, 0.14062809944152832, 0.16860125958919525, 0.15260304510593414, 0.14389771223068237, 0.1327596753835678, 0.21830403804779053, 0.19972217082977295, 0.14141079783439636, 0.12439312785863876, 0.20716890692710876, 0.24968484044075012]}