{"loss": [0.11774487793445587, 0.09158438444137573, 0.08031177520751953, 0.07819889485836029, 0.07658467441797256, 0.07510951906442642, 0.07356284558773041, 0.07051309198141098, 0.06841566413640976, 0.06693360209465027, 0.0657547265291214, 0.06441149860620499, 0.06375129520893097, 0.06232722848653793, 0.06229284405708313, 0.06021726876497269, 0.05894872546195984, 0.059204813092947006, 0.05702182650566101, 0.05706704407930374, 0.05512525141239166, 0.05423141270875931, 0.05339200794696808, 0.05539178103208542, 0.054213400930166245, 0.05119345709681511, 0.05075010657310486, 0.05017266049981117, 0.10608962178230286, 0.09483883529901505, 0.07731449604034424, 0.0645502433180809, 0.06227974221110344, 0.06360602378845215, 0.05948447808623314, 0.05043874680995941, 0.04858206957578659, 0.04757243022322655, 0.04697299003601074, 0.046233780682086945, 0.04575309902429581, 0.04531978815793991, 0.04483027383685112, 0.111437126994133, 0.09478190541267395, 0.09089084714651108, 0.08806859701871872, 0.08575990796089172, 0.08418068289756775, 0.08263199776411057, 0.081879161298275, 0.08215006440877914, 0.09518744051456451, 0.09767996519804001, 0.09165561199188232, 0.08720908313989639, 0.08412295579910278, 0.08215218782424927, 0.07988978177309036, 0.07890641689300537, 0.07768965512514114, 0.0762675553560257, 0.0754576250910759], "mae": [0.2413904368877411, 0.19038960337638855, 0.15911436080932617, 0.15434041619300842, 0.15112638473510742, 0.1484672874212265, 0.14540013670921326, 0.14039544761180878, 0.13554880023002625, 0.13150109350681305, 0.1286819577217102, 0.1256696581840515, 0.12380341440439224, 0.12107091397047043, 0.12011010944843292, 0.11697456985712051, 0.11453963071107864, 0.11415009200572968, 0.11056530475616455, 0.10971136391162872, 0.10648911446332932, 0.10450027883052826, 0.10275410115718842, 0.10424476861953735, 0.10246676206588745, 0.09842081367969513, 0.0973585769534111, 0.09604198485612869, 0.13488289713859558, 0.12766067683696747, 0.11992455273866653, 0.10868912190198898, 0.10528614372015, 0.1057211235165596, 0.10509795695543289, 0.09662019461393356, 0.0923679918050766, 0.0898478552699089, 0.08837200701236725, 0.08670996129512787, 0.0854451134800911, 0.0845181941986084, 0.08347362279891968, 0.15834052860736847, 0.145715594291687, 0.135307177901268, 0.129044771194458, 0.12387119978666306, 0.12081281840801239, 0.11803503334522247, 0.11606017500162125, 0.11562048643827438, 0.13013696670532227, 0.14951300621032715, 0.1446012705564499, 0.13896651566028595, 0.13341158628463745, 0.12921081483364105, 0.12454970926046371, 0.12201966345310211, 0.11962252110242844, 0.11679308861494064, 0.11481217294931412], "val_loss": [0.10385195165872574, 0.08165016025304794, 0.07813438028097153, 0.07613632082939148, 0.07616335153579712, 0.07393936067819595, 0.07119037210941315, 0.06928573548793793, 0.06736148148775101, 0.0700627788901329, 0.08162952959537506, 0.06262292712926865, 0.06247294321656227, 0.06127975136041641, 0.05959930643439293, 0.062300313264131546, 0.057604093104600906, 0.05688841640949249, 0.05593032389879227, 0.05633731558918953, 0.05420831963419914, 0.05308534950017929, 0.05498373508453369, 0.0525953434407711, 0.05513927340507507, 0.050318870693445206, 0.05007575452327728, 0.04925142973661423, 0.1003275141119957, 0.09387308359146118, 0.06768643856048584, 0.0623699389398098, 0.06026316061615944, 0.06166607141494751, 0.05421781912446022, 0.04923254996538162, 0.04720458388328552, 0.04736516252160072, 0.04774235934019089, 0.04537056013941765, 0.04524361342191696, 0.04466025158762932, 0.04415912181138992, 0.09832264482975006, 0.09158504754304886, 0.1040358915925026, 0.08642280101776123, 0.08831106871366501, 0.08204683661460876, 0.0814683809876442, 0.08061321079730988, 0.08227196335792542, 0.10369857400655746, 0.09344034641981125, 0.08882959187030792, 0.08476930111646652, 0.08309485763311386, 0.08017518371343613, 0.07818146049976349, 0.07727748900651932, 0.07687514275312424, 0.07618530094623566, 0.0761314406991005], "val_mae": [0.21885570883750916, 0.1662438064813614, 0.15369866788387299, 0.1501864492893219, 0.14998474717140198, 0.14481525123119354, 0.14351871609687805, 0.13465988636016846, 0.13267971575260162, 0.13267385959625244, 0.14352871477603912, 0.12408744543790817, 0.12102560698986053, 0.11897221207618713, 0.11741115897893906, 0.11832115799188614, 0.11239779740571976, 0.11020740866661072, 0.11020179092884064, 0.10874878615140915, 0.10601602494716644, 0.10197178274393082, 0.10497323423624039, 0.10117265582084656, 0.10434965044260025, 0.09681225568056107, 0.09613535553216934, 0.09448406845331192, 0.1308717429637909, 0.14171525835990906, 0.10994059592485428, 0.10582233965396881, 0.1021202877163887, 0.10526344925165176, 0.10447536408901215, 0.09321226924657822, 0.09114678204059601, 0.08916924893856049, 0.0871550515294075, 0.08340387046337128, 0.0838923305273056, 0.08325157314538956, 0.08286317437887192, 0.15856420993804932, 0.1385992467403412, 0.14899832010269165, 0.12652482092380524, 0.12728211283683777, 0.1175871416926384, 0.11659468710422516, 0.11445887386798859, 0.11728343367576599, 0.15657943487167358, 0.14501871168613434, 0.14034686982631683, 0.13497307896614075, 0.13356895744800568, 0.12591329216957092, 0.12318041175603867, 0.11910261958837509, 0.11953777819871902, 0.11630894988775253, 0.11354674398899078]}