{"loss": [0.10102647542953491, 0.08796323090791702, 0.08779728412628174, 0.10054565221071243, 0.09234604239463806, 0.08623265475034714, 0.0716860294342041, 0.06723858416080475, 0.06662486493587494, 0.07905805110931396, 0.07655112445354462, 0.06095501780509949, 0.08328413218259811, 0.06917493790388107, 0.0588274784386158, 0.10359281301498413, 0.07365605235099792, 0.08934906870126724, 0.08040645718574524, 0.08222875744104385, 0.07779548317193985, 0.08143511414527893, 0.07689230889081955, 0.07539723813533783, 0.07340381294488907, 0.07202058285474777, 0.07123498618602753, 0.07034274935722351, 0.06910423934459686, 0.06850888580083847, 0.06763753294944763, 0.06689760833978653, 0.05799756199121475, 0.0515698604285717, 0.047616567462682724, 0.04136914014816284, 0.06934110820293427, 0.05626504495739937, 0.049447573721408844, 0.047630518674850464, 0.04672301560640335, 0.0572844035923481, 0.06669766455888748, 0.05911465361714363, 0.05680214241147041, 0.05565357953310013, 0.05710512772202492, 0.054753996431827545, 0.054308194667100906, 0.05436287075281143, 0.05320265516638756, 0.05291933938860893, 0.05576413869857788, 0.05557393282651901, 0.05189329758286476, 0.05444204434752464, 0.055232882499694824, 0.05211364105343819, 0.0660332441329956, 0.07998311519622803, 0.06942450255155563, 0.06390772014856339, 0.06619822978973389, 0.060506489127874374, 0.05756352096796036, 0.056853052228689194], "mae": [0.2058122158050537, 0.15642231702804565, 0.1495390087366104, 0.19697333872318268, 0.17340734601020813, 0.16781297326087952, 0.13535168766975403, 0.12270338088274002, 0.11871886998414993, 0.1300690770149231, 0.13533563911914825, 0.11590299755334854, 0.14311690628528595, 0.12115373462438583, 0.10693548619747162, 0.17362019419670105, 0.15100954473018646, 0.1534263640642166, 0.13601021468639374, 0.12813520431518555, 0.1201188862323761, 0.11694247275590897, 0.11584191769361496, 0.11433297395706177, 0.11042081564664841, 0.10753720253705978, 0.10575180500745773, 0.1037169024348259, 0.10166202485561371, 0.09994801133871078, 0.09823610633611679, 0.09884888678789139, 0.11787725239992142, 0.10577467828989029, 0.09331544488668442, 0.0831851065158844, 0.10065009444952011, 0.09098570793867111, 0.08301326632499695, 0.07964803278446198, 0.07751459628343582, 0.08904729038476944, 0.09797052294015884, 0.08941610157489777, 0.0858028307557106, 0.08295463025569916, 0.0841747298836708, 0.08074849843978882, 0.07998622953891754, 0.07970181852579117, 0.077825166285038, 0.07701634615659714, 0.08090855181217194, 0.08224886655807495, 0.07581905275583267, 0.07749134302139282, 0.08305080235004425, 0.07624087482690811, 0.0888809859752655, 0.12447963654994965, 0.10966913402080536, 0.10016248375177383, 0.10519564151763916, 0.09610436856746674, 0.09031251072883606, 0.08846214413642883], "val_loss": [0.07935269922018051, 0.0879133865237236, 0.11188147962093353, 0.09882742166519165, 0.09611192345619202, 0.07439038902521133, 0.06701121479272842, 0.06609451770782471, 0.11901728808879852, 0.07358361780643463, 0.0639314278960228, 0.05710810422897339, 0.07291332632303238, 0.05917252227663994, 0.056183960288763046, 0.08217604458332062, 0.08643372356891632, 0.08451006561517715, 0.08129679411649704, 0.07746322453022003, 0.07493117451667786, 0.07939306646585464, 0.07983603328466415, 0.08984919637441635, 0.07165463268756866, 0.06993874907493591, 0.0691753476858139, 0.07923504710197449, 0.06805925071239471, 0.06695431470870972, 0.09163426607847214, 0.05964835733175278, 0.0575980581343174, 0.045500289648771286, 0.044812485575675964, 0.039327267557382584, 0.08182734996080399, 0.05014388635754585, 0.04906048998236656, 0.04785570874810219, 0.046490058302879333, 0.07620250433683395, 0.058368340134620667, 0.060000382363796234, 0.05646960437297821, 0.05632400885224342, 0.05600828677415848, 0.05501338839530945, 0.05489061772823334, 0.05404762551188469, 0.05471033975481987, 0.052355602383613586, 0.06607341766357422, 0.052217643707990646, 0.05170964077115059, 0.07255017012357712, 0.052491333335638046, 0.0529821552336216, 0.09603162109851837, 0.07257889211177826, 0.06456872820854187, 0.06000663340091705, 0.06167241185903549, 0.05966246500611305, 0.056562390178442, 0.05643737316131592], "val_mae": [0.15291938185691833, 0.14998812973499298, 0.22405537962913513, 0.19934208691120148, 0.16022971272468567, 0.14309187233448029, 0.12641096115112305, 0.11914904415607452, 0.1782226711511612, 0.11975627392530441, 0.12478865683078766, 0.10860234498977661, 0.12466888129711151, 0.11001350730657578, 0.10321847349405289, 0.16632941365242004, 0.15513816475868225, 0.1538924127817154, 0.13055279850959778, 0.12156011164188385, 0.11568204313516617, 0.11304855346679688, 0.12385579198598862, 0.12938611209392548, 0.106784887611866, 0.10486883670091629, 0.10119862109422684, 0.11765265464782715, 0.09931866824626923, 0.09864029288291931, 0.11515770107507706, 0.12037306278944016, 0.11526140570640564, 0.09059666097164154, 0.09165693819522858, 0.07940427213907242, 0.10734044015407562, 0.08458719402551651, 0.08125106245279312, 0.07860828936100006, 0.0774819478392601, 0.11181055009365082, 0.0893598198890686, 0.09218084812164307, 0.08508323132991791, 0.08272853493690491, 0.08222033828496933, 0.08101093769073486, 0.07963652163743973, 0.07856637984514236, 0.0795513242483139, 0.0760527104139328, 0.10297232121229172, 0.07687349617481232, 0.07496263831853867, 0.10286425054073334, 0.07728872448205948, 0.07698838412761688, 0.13342882692813873, 0.11597709357738495, 0.1013995036482811, 0.09631319344043732, 0.09947257488965988, 0.09567819535732269, 0.08948209136724472, 0.0874154269695282]}