{"loss": [0.11029043793678284, 0.08258486539125443, 0.07187940925359726, 0.06674639135599136, 0.11302634328603745, 0.09471061080694199, 0.09230257570743561, 0.1061619445681572, 0.11503604054450989, 0.11504171043634415, 0.11166060715913773, 0.10918623954057693, 0.10844744741916656, 0.12632150948047638, 0.10946809500455856, 0.11389467120170593, 0.1081179678440094, 0.12843003869056702, 0.12402930110692978, 0.1214686781167984, 0.12320734560489655, 0.1261289119720459, 0.1259089559316635, 0.12598201632499695, 0.12482421100139618, 0.12515480816364288, 0.12712886929512024, 0.129323348402977, 0.12596769630908966, 0.12676887214183807, 0.12646347284317017, 0.12316562980413437, 0.1297547072172165], "mae": [0.22710151970386505, 0.17024348676204681, 0.1439991593360901, 0.13132701814174652, 0.1738501936197281, 0.15502803027629852, 0.1443271040916443, 0.14838449656963348, 0.16710925102233887, 0.16170169413089752, 0.15699541568756104, 0.15076957643032074, 0.1486198902130127, 0.1568419188261032, 0.14717350900173187, 0.14592374861240387, 0.14367417991161346, 0.15188533067703247, 0.14991995692253113, 0.1455436646938324, 0.14570017158985138, 0.1441255360841751, 0.14213109016418457, 0.1418716460466385, 0.13981398940086365, 0.14003406465053558, 0.14164067804813385, 0.14149907231330872, 0.1407371610403061, 0.1405651718378067, 0.14114262163639069, 0.13750970363616943, 0.14108948409557343], "val_loss": [0.09654267877340317, 0.07762604206800461, 0.07403858751058578, 0.1446799486875534, 0.09854958206415176, 0.09173981845378876, 0.10796381533145905, 0.11640748381614685, 0.10872875154018402, 0.12724590301513672, 0.10768207162618637, 0.13834595680236816, 0.1434958130121231, 0.11851213127374649, 0.10720079392194748, 0.11310434341430664, 0.10281077772378922, 0.13783212006092072, 0.12010383605957031, 0.11923300474882126, 0.12637673318386078, 0.12440904974937439, 0.12430877983570099, 0.12362038344144821, 0.12807594239711761, 0.12570036947727203, 0.12229994684457779, 0.13103637099266052, 0.13866963982582092, 0.1348702609539032, 0.13105915486812592, 0.12078233063220978, 0.12076764553785324], "val_mae": [0.19906534254550934, 0.15350481867790222, 0.14447654783725739, 0.15378263592720032, 0.16970938444137573, 0.14684870839118958, 0.17180220782756805, 0.164437398314476, 0.16064094007015228, 0.16599424183368683, 0.14934125542640686, 0.15607008337974548, 0.15169548988342285, 0.16042590141296387, 0.1421823799610138, 0.1550711691379547, 0.13555176556110382, 0.1630924791097641, 0.14454969763755798, 0.14242209494113922, 0.1472054421901703, 0.14098471403121948, 0.1408664733171463, 0.1391110122203827, 0.14431236684322357, 0.13988640904426575, 0.13694995641708374, 0.14179570972919464, 0.14913691580295563, 0.1468046009540558, 0.1477786749601364, 0.1335330456495285, 0.133621484041214]}