{"loss": [0.1162383183836937, 0.08651918917894363, 0.07552598416805267, 0.07200514525175095, 0.06966795772314072, 0.06797941774129868, 0.06607858091592789, 0.06486310809850693, 0.06306406855583191, 0.06286443024873734, 0.06185811385512352, 0.06210660934448242, 0.06089460104703903, 0.059075575321912766, 0.05879751220345497, 0.058174315840005875, 0.05660083517432213, 0.057021304965019226, 0.05607390031218529, 0.055094506591558456, 0.08410555124282837, 0.06866449117660522, 0.06644224375486374, 0.0972212553024292, 0.08072523772716522, 0.08478369563817978, 0.059024371206760406, 0.05601942539215088, 0.0536811500787735, 0.05217428132891655, 0.05351155251264572, 0.05076494440436363, 0.04911124333739281, 0.04877503216266632, 0.04774029925465584, 0.04701117053627968, 0.04668779671192169, 0.04849035292863846, 0.04570240154862404, 0.06105026602745056, 0.04705015942454338, 0.04516662657260895, 0.06553490459918976, 0.07581585645675659, 0.06571446359157562, 0.06076829135417938, 0.06635262072086334, 0.06802116334438324, 0.06095179542899132, 0.05618524178862572, 0.05855151265859604, 0.060771532356739044, 0.0676349550485611, 0.05701872706413269, 0.055141348391771317, 0.053394168615341187, 0.05229546129703522, 0.05182787403464317, 0.05075538530945778, 0.05999521538615227, 0.10694531351327896, 0.09106648713350296, 0.07849089056253433, 0.07953738421201706, 0.07211120426654816, 0.06802404671907425, 0.05795421823859215, 0.060817401856184006, 0.05591929331421852, 0.05333956703543663, 0.05411350727081299, 0.0515642985701561, 0.050741951912641525, 0.1197807639837265, 0.10568409413099289, 0.11576131731271744, 0.1022898256778717, 0.09159395098686218, 0.09930591285228729, 0.12513196468353271, 0.11571260541677475, 0.10920163989067078], "mae": [0.23942992091178894, 0.18650397658348083, 0.15622727572917938, 0.14490383863449097, 0.13850779831409454, 0.13368891179561615, 0.12875953316688538, 0.12559249997138977, 0.12208623439073563, 0.12074311822652817, 0.11859908699989319, 0.11850709468126297, 0.11655792593955994, 0.11392614990472794, 0.11318957060575485, 0.11219950020313263, 0.10974577069282532, 0.10959816724061966, 0.1083173081278801, 0.10671145468950272, 0.1372125744819641, 0.12400058656930923, 0.1187577098608017, 0.13866262137889862, 0.12891152501106262, 0.14166907966136932, 0.11868177354335785, 0.11055678874254227, 0.10551182925701141, 0.10188741236925125, 0.10286752134561539, 0.09901613742113113, 0.09606172144412994, 0.0948183685541153, 0.09274111688137054, 0.0911664366722107, 0.09029734879732132, 0.0929885283112526, 0.08859848231077194, 0.10826388001441956, 0.0918203592300415, 0.08753655850887299, 0.10584475100040436, 0.12934675812721252, 0.12307868897914886, 0.11460790783166885, 0.11613614112138748, 0.11599370092153549, 0.10758261382579803, 0.10475142300128937, 0.10830249637365341, 0.10994736850261688, 0.1261996328830719, 0.10690351575613022, 0.10236482322216034, 0.09880007803440094, 0.09615643322467804, 0.09517717361450195, 0.09404114633798599, 0.10257606208324432, 0.148014634847641, 0.137231707572937, 0.13159817457199097, 0.13135187327861786, 0.12194126844406128, 0.11713828891515732, 0.10662411153316498, 0.1077769324183464, 0.10283598303794861, 0.0987161174416542, 0.09867071360349655, 0.0951404944062233, 0.09253700077533722, 0.1582448035478592, 0.1478307843208313, 0.15283940732479095, 0.14529825747013092, 0.1372215747833252, 0.14582565426826477, 0.1610817313194275, 0.15336886048316956, 0.15964773297309875], "val_loss": [0.09697791934013367, 0.07751411944627762, 0.07491631805896759, 0.07230550050735474, 0.06775041669607162, 0.06585254520177841, 0.06648463010787964, 0.06250274926424026, 0.061710428446531296, 0.08846092224121094, 0.05950457602739334, 0.05908472090959549, 0.05987803637981415, 0.05886731669306755, 0.056876715272665024, 0.056353796273469925, 0.0556749626994133, 0.05407073721289635, 0.05446537584066391, 0.16635975241661072, 0.07008355110883713, 0.0660993903875351, 0.06474078446626663, 0.08558933436870575, 0.07251552492380142, 0.062205325812101364, 0.05577540025115013, 0.05385406315326691, 0.051905080676078796, 0.051403503865003586, 0.04920760914683342, 0.04980921000242233, 0.04974333569407463, 0.048841528594493866, 0.047022487968206406, 0.046590469777584076, 0.04564861208200455, 0.04622381925582886, 0.04471511393785477, 0.05123888701200485, 0.04709659889340401, 0.04437023401260376, 0.0837721973657608, 0.06956257671117783, 0.06267889589071274, 0.05837394297122955, 0.08236435055732727, 0.06271982938051224, 0.06013907492160797, 0.052667632699012756, 0.05994169041514397, 0.05908113345503807, 0.0580684170126915, 0.05543962121009827, 0.053465619683265686, 0.052386850118637085, 0.058712974190711975, 0.051333047449588776, 0.048820868134498596, 0.11163146048784256, 0.09798701852560043, 0.08295968174934387, 0.07629041373729706, 0.07355248183012009, 0.07006491720676422, 0.058051060885190964, 0.057024888694286346, 0.055472906678915024, 0.05344237759709358, 0.051868174225091934, 0.05198710784316063, 0.050497330725193024, 0.05089130997657776, 0.10130093991756439, 0.11817064136266708, 0.1136421486735344, 0.09327943623065948, 0.0896565392613411, 0.13574600219726562, 0.11768201738595963, 0.11227740347385406, 0.09524788707494736], "val_mae": [0.21094702184200287, 0.16525273025035858, 0.14978595077991486, 0.1411539614200592, 0.13548783957958221, 0.12967312335968018, 0.12727002799510956, 0.12218325585126877, 0.11948644369840622, 0.14384254813194275, 0.11495177447795868, 0.11500845849514008, 0.11537571251392365, 0.11481651663780212, 0.1112261414527893, 0.1096317321062088, 0.1090070828795433, 0.1065506786108017, 0.1060023307800293, 0.2162306308746338, 0.12980970740318298, 0.11992159485816956, 0.11601924896240234, 0.13489758968353271, 0.12569119036197662, 0.12668685615062714, 0.11245168000459671, 0.1077212318778038, 0.10158524662256241, 0.10013717412948608, 0.0977102741599083, 0.09868745505809784, 0.09688756614923477, 0.09491999447345734, 0.0918550193309784, 0.09155619144439697, 0.09039713442325592, 0.08916699886322021, 0.08632906526327133, 0.09977259486913681, 0.09010349214076996, 0.08543241769075394, 0.1319969743490219, 0.1279667466878891, 0.11737557500600815, 0.11090527474880219, 0.1284506618976593, 0.11043669283390045, 0.11103399097919464, 0.10193923860788345, 0.11239317804574966, 0.10998191684484482, 0.1111629530787468, 0.1040768027305603, 0.09936326742172241, 0.09791000187397003, 0.10596949607133865, 0.09492847323417664, 0.09262432157993317, 0.15070219337940216, 0.14248493313789368, 0.13140122592449188, 0.12807005643844604, 0.12340745329856873, 0.119570292532444, 0.10970808565616608, 0.1026630774140358, 0.1025097444653511, 0.09976883232593536, 0.09703075885772705, 0.09692391008138657, 0.09332530200481415, 0.09166472405195236, 0.14676502346992493, 0.15510952472686768, 0.14982925355434418, 0.13946588337421417, 0.1336917132139206, 0.17029353976249695, 0.15196427702903748, 0.15480992197990417, 0.15314708650112152]}