{"loss": [0.07360586524009705, 0.05520626902580261, 0.05041550472378731, 0.04788314551115036, 0.04644417390227318, 0.04521888121962547, 0.044252511113882065, 0.043384868651628494, 0.04251600056886673, 0.041921038180589676, 0.04132607579231262, 0.04084990173578262, 0.04036732390522957, 0.039976418018341064, 0.03974379971623421, 0.03940991684794426, 0.039205390959978104, 0.03879283741116524, 0.038662321865558624, 0.03839237987995148, 0.03826717287302017, 0.038121458142995834, 0.03803741931915283, 0.03770485892891884, 0.03768206760287285, 0.037496618926525116, 0.03746712580323219, 0.03711116313934326, 0.03692334145307541, 0.03733331710100174, 0.036887478083372116, 0.03676493838429451, 0.03673690930008888, 0.03654463216662407, 0.03636834770441055, 0.03627530112862587, 0.03635024279356003, 0.03634306415915489, 0.036242514848709106, 0.036141373217105865, 0.036143939942121506, 0.035943157970905304, 0.03593552112579346, 0.03572726994752884, 0.035741232335567474, 0.0357152558863163, 0.03592229634523392, 0.03564176708459854, 0.035608530044555664, 0.03552429750561714, 0.035559237003326416, 0.03538653254508972, 0.03563468158245087, 0.035361502319574356, 0.035418882966041565, 0.035153456032276154, 0.035225629806518555, 0.03543296828866005, 0.035113733261823654, 0.034990690648555756, 0.03507227450609207, 0.03490830957889557, 0.03502072021365166, 0.03476497158408165, 0.03484948351979256, 0.03491436317563057, 0.03474968299269676, 0.03484974801540375, 0.034985993057489395, 0.03452354669570923, 0.03466008976101875, 0.034832973033189774, 0.034666091203689575, 0.034588977694511414, 0.03506498411297798, 0.0344526581466198, 0.03465813398361206, 0.03451734036207199, 0.034542180597782135, 0.034275077283382416, 0.03451590985059738, 0.03445398062467575, 0.03435857221484184, 0.034391745924949646, 0.03473943471908569, 0.03421948105096817, 0.034289274364709854, 0.03421664610505104], "mae": [0.14597176015377045, 0.1095534935593605, 0.10010513663291931, 0.09482133388519287, 0.0916934460401535, 0.08928954601287842, 0.08717437088489532, 0.08512070775032043, 0.08354340493679047, 0.08222738653421402, 0.08093035221099854, 0.07989311963319778, 0.07897106558084488, 0.07813582569360733, 0.0777096375823021, 0.07699437439441681, 0.0767194926738739, 0.07581551373004913, 0.07546445727348328, 0.07493004947900772, 0.07459224760532379, 0.07442040741443634, 0.07421521097421646, 0.07352893799543381, 0.0736333578824997, 0.07306887954473495, 0.07295086979866028, 0.07228387147188187, 0.07192062586545944, 0.07256145775318146, 0.07182534039020538, 0.07140196859836578, 0.07155270874500275, 0.0711900144815445, 0.07082974165678024, 0.07061900943517685, 0.07066377252340317, 0.07062666118144989, 0.07053560763597488, 0.0704164206981659, 0.07018110901117325, 0.06986112147569656, 0.06974152475595474, 0.06947338581085205, 0.06940750032663345, 0.06933733075857162, 0.06949211657047272, 0.06940854340791702, 0.06919487565755844, 0.06900494545698166, 0.06887122243642807, 0.06874711066484451, 0.06898923963308334, 0.0687098577618599, 0.06855889409780502, 0.0682087168097496, 0.06819386035203934, 0.06841136515140533, 0.06804054230451584, 0.06794621795415878, 0.06786175072193146, 0.06751935929059982, 0.06784190237522125, 0.06739813834428787, 0.06734491884708405, 0.06744406372308731, 0.06727064400911331, 0.06726556271314621, 0.06753654778003693, 0.06688661873340607, 0.06706544011831284, 0.06736855953931808, 0.06705372780561447, 0.06693845987319946, 0.06746216863393784, 0.06665574014186859, 0.06701332330703735, 0.06674130260944366, 0.06664936989545822, 0.06616339832544327, 0.06670694053173065, 0.06662651896476746, 0.06645722687244415, 0.06643921136856079, 0.06693818420171738, 0.06603585183620453, 0.06626266986131668, 0.06603048741817474], "val_loss": [0.058779966086149216, 0.05283818393945694, 0.048868242651224136, 0.045660194009542465, 0.04524952173233032, 0.04337895289063454, 0.04304270073771477, 0.04253804683685303, 0.04111446812748909, 0.04019463434815407, 0.041423577815294266, 0.04202181473374367, 0.04196557030081749, 0.03789529204368591, 0.04068094864487648, 0.037459250539541245, 0.03801172599196434, 0.038095325231552124, 0.03872111439704895, 0.036775123327970505, 0.03692018985748291, 0.0371352918446064, 0.0363529771566391, 0.037163686007261276, 0.03720320761203766, 0.03760248422622681, 0.035136982798576355, 0.03664468228816986, 0.03643016889691353, 0.03649654611945152, 0.03754405304789543, 0.036713846027851105, 0.037290219217538834, 0.03562421724200249, 0.03547671064734459, 0.03498199209570885, 0.03564590588212013, 0.0358080230653286, 0.036088187247514725, 0.03708779066801071, 0.03503518924117088, 0.03668292239308357, 0.035712119191884995, 0.0363164059817791, 0.035360660403966904, 0.03675399348139763, 0.035443782806396484, 0.03512417525053024, 0.0348585806787014, 0.03564132750034332, 0.0352485366165638, 0.036460861563682556, 0.03570110350847244, 0.03683547303080559, 0.035684920847415924, 0.034381236881017685, 0.036916568875312805, 0.03410372510552406, 0.0356900580227375, 0.03427673876285553, 0.03493041545152664, 0.036063991487026215, 0.03492942824959755, 0.03642668575048447, 0.035580191761255264, 0.03524722158908844, 0.03586971387267113, 0.03606099262833595, 0.036120958626270294, 0.03539657965302467, 0.035592567175626755, 0.03749842941761017, 0.035999052226543427, 0.03557593747973442, 0.03532460331916809, 0.035778146237134933, 0.036089543253183365, 0.034858547151088715, 0.03464551270008087, 0.034918516874313354, 0.03432276472449303, 0.03562580421566963, 0.03559958189725876, 0.035313334316015244, 0.035966385155916214, 0.035431843250989914, 0.03586982935667038, 0.03444346413016319], "val_mae": [0.10417705774307251, 0.09376368671655655, 0.08694018423557281, 0.08027080446481705, 0.07848277688026428, 0.07443420588970184, 0.07339110225439072, 0.07408108562231064, 0.06893603503704071, 0.06828422099351883, 0.06795760244131088, 0.06990921497344971, 0.06821034848690033, 0.06462932378053665, 0.06704594194889069, 0.06399628520011902, 0.06400563567876816, 0.06456845253705978, 0.06435718387365341, 0.06091015785932541, 0.061153266578912735, 0.06194041669368744, 0.06037663668394089, 0.062095317989587784, 0.06011927127838135, 0.06282788515090942, 0.05905001610517502, 0.060096487402915955, 0.05996369197964668, 0.05971521884202957, 0.06074719503521919, 0.06067229062318802, 0.06174951046705246, 0.05887825787067413, 0.058587465435266495, 0.05741918087005615, 0.05810458958148956, 0.05912993475794792, 0.05945863202214241, 0.05961668863892555, 0.05709283426403999, 0.05848728492856026, 0.05828166380524635, 0.05920504033565521, 0.05782686546444893, 0.05785759165883064, 0.05843827873468399, 0.05726917088031769, 0.05711587890982628, 0.05807384476065636, 0.05797740817070007, 0.059537965804338455, 0.058404747396707535, 0.05858391150832176, 0.058944832533597946, 0.056681469082832336, 0.05898468568921089, 0.05644619092345238, 0.05831551551818848, 0.056166235357522964, 0.056319642812013626, 0.05724014714360237, 0.05734596028923988, 0.059344932436943054, 0.05872385948896408, 0.05659273639321327, 0.058312349021434784, 0.0587146058678627, 0.059526823461055756, 0.05793521925806999, 0.058150824159383774, 0.060427382588386536, 0.05852089077234268, 0.05663607642054558, 0.05778048560023308, 0.05840936675667763, 0.058483418077230453, 0.056279465556144714, 0.05660022795200348, 0.057224299758672714, 0.05680099502205849, 0.05793429911136627, 0.05741916224360466, 0.057560551911592484, 0.05765160918235779, 0.057260047644376755, 0.05775849148631096, 0.05599337816238403]}