{"loss": [0.07285559177398682, 0.05417516827583313, 0.04982432350516319, 0.04750606790184975, 0.04595788195729256, 0.044584907591342926, 0.043788809329271317, 0.04336104169487953, 0.04275897145271301, 0.042246658354997635, 0.041891857981681824, 0.04152959585189819, 0.04118509963154793, 0.04084829241037369, 0.040315430611371994, 0.040383946150541306, 0.03993121162056923, 0.0397711805999279, 0.03952375426888466, 0.039373110979795456, 0.03913259506225586, 0.039003726094961166, 0.03876831382513046, 0.03876587748527527, 0.03860492631793022, 0.038476284593343735, 0.03840985894203186, 0.038138534873723984, 0.03809226304292679, 0.038062479346990585, 0.037889424711465836, 0.03793462738394737, 0.038167767226696014, 0.037860944867134094, 0.037613339722156525, 0.03745780885219574, 0.03731217607855797, 0.03740594536066055, 0.03722348436713219, 0.037354499101638794, 0.03703271597623825, 0.037134405225515366, 0.0369790680706501, 0.03699870780110359, 0.037047214806079865, 0.03683146461844444, 0.03679370507597923, 0.036809273064136505, 0.03662389516830444], "mae": [0.14465105533599854, 0.1071503758430481, 0.09837447106838226, 0.09361713379621506, 0.0902763083577156, 0.08761267364025116, 0.08559146523475647, 0.08489708602428436, 0.08367817848920822, 0.08257418125867844, 0.08177630603313446, 0.08093106746673584, 0.08026836812496185, 0.07965102791786194, 0.07854557037353516, 0.07856631278991699, 0.07771308720111847, 0.07742763310670853, 0.07680698484182358, 0.07655807584524155, 0.07603126764297485, 0.07574871927499771, 0.07537442445755005, 0.07526210695505142, 0.07497633993625641, 0.07466244697570801, 0.07456044852733612, 0.07405027747154236, 0.07405784726142883, 0.07407839596271515, 0.07355131208896637, 0.07355606555938721, 0.0737864151597023, 0.07353264093399048, 0.0729602798819542, 0.07271984964609146, 0.07233572006225586, 0.07248834520578384, 0.07204192876815796, 0.07237768173217773, 0.07180953770875931, 0.07179232686758041, 0.07151102274656296, 0.07167870551347733, 0.07164163142442703, 0.07127053290605545, 0.0711447224020958, 0.07107159495353699, 0.07087872922420502], "val_loss": [0.05868829786777496, 0.05431082099676132, 0.05167553201317787, 0.04963885247707367, 0.0472005195915699, 0.04546649754047394, 0.04906598851084709, 0.04604050889611244, 0.045809902250766754, 0.0475509874522686, 0.04398190975189209, 0.042963217943906784, 0.0443403460085392, 0.04381125047802925, 0.04299928620457649, 0.04359376057982445, 0.04500267654657364, 0.043768174946308136, 0.04108327627182007, 0.04357774928212166, 0.04427525773644447, 0.04312421754002571, 0.043963152915239334, 0.044241417199373245, 0.045065704733133316, 0.04514738544821739, 0.04410865157842636, 0.043490275740623474, 0.04524337872862816, 0.04218042269349098, 0.04242296144366264, 0.04375398904085159, 0.04524260759353638, 0.04482725262641907, 0.04507780075073242, 0.04647712782025337, 0.044230733066797256, 0.04376720264554024, 0.04283534735441208, 0.04646872729063034, 0.046068690717220306, 0.04323844611644745, 0.04388123005628586, 0.04581658914685249, 0.04417262598872185, 0.04555632919073105, 0.04458483308553696, 0.04711535573005676, 0.044522348791360855], "val_mae": [0.10585027933120728, 0.09225311130285263, 0.08695293962955475, 0.08295507729053497, 0.07805274426937103, 0.07557369768619537, 0.07847554236650467, 0.07660188525915146, 0.07447239011526108, 0.07494940608739853, 0.07132449001073837, 0.06966622173786163, 0.0709567666053772, 0.07031938433647156, 0.06901508569717407, 0.06980042159557343, 0.07100412994623184, 0.0696689561009407, 0.06608989834785461, 0.06842751055955887, 0.06924035400152206, 0.06914399564266205, 0.06843333691358566, 0.06917229294776917, 0.06978151202201843, 0.07077613472938538, 0.07031582295894623, 0.06930936127901077, 0.07031682133674622, 0.0663432702422142, 0.06809451431035995, 0.06838452070951462, 0.0706595629453659, 0.06973136961460114, 0.07120037823915482, 0.07220550626516342, 0.0697464570403099, 0.06906582415103912, 0.0668804869055748, 0.07200069725513458, 0.07135140150785446, 0.06826665997505188, 0.0691741481423378, 0.06963670998811722, 0.06958090513944626, 0.07109954953193665, 0.06820636987686157, 0.07262770086526871, 0.06948955357074738]}