{"loss": [0.07337193191051483, 0.05487691983580589, 0.05075359344482422, 0.0487823486328125, 0.04779337719082832, 0.04664783924818039, 0.045922212302684784, 0.045204512774944305, 0.04504504054784775, 0.044471658766269684, 0.04406258836388588, 0.04344362020492554, 0.043504320085048676, 0.04301060363650322, 0.04311159625649452, 0.04293182119727135, 0.04285589978098869, 0.042623404413461685, 0.04259714484214783, 0.04165498539805412, 0.041787415742874146, 0.04202118143439293, 0.04165397211909294, 0.041374072432518005, 0.041502319276332855, 0.04134004935622215, 0.040725141763687134, 0.041082777082920074, 0.040713537484407425, 0.04139448702335358, 0.04042072594165802, 0.04050598293542862, 0.041688304394483566, 0.04241926595568657, 0.04006286337971687, 0.03996701166033745, 0.03964649885892868, 0.03977455571293831, 0.039205268025398254, 0.039534155279397964, 0.038908302783966064, 0.03889746218919754, 0.03967936709523201, 0.03930438682436943, 0.039791762828826904, 0.03856186196208, 0.03795522078871727, 0.038915615528821945, 0.03822995349764824, 0.037931784987449646, 0.03851204365491867, 0.037592120468616486, 0.038085632026195526, 0.03723027929663658, 0.03762934356927872, 0.037301432341337204, 0.036849915981292725, 0.03690378740429878, 0.03715840354561806, 0.036974892020225525, 0.03731339052319527, 0.03639432042837143, 0.036747489124536514, 0.03717503696680069, 0.03719881549477577, 0.03664541617035866, 0.0370781347155571, 0.0368216335773468, 0.03823805972933769, 0.03601493686437607, 0.03586743772029877, 0.03645133972167969, 0.035753436386585236, 0.0354083888232708, 0.03532496839761734, 0.03641996160149574, 0.035219743847846985, 0.03626939281821251, 0.037844862788915634, 0.03707408159971237, 0.035414233803749084, 0.03521684557199478, 0.035212766379117966, 0.035112414509058, 0.03636860102415085, 0.03856421262025833, 0.0355660654604435, 0.03480178117752075, 0.03465075418353081, 0.03508247062563896, 0.03449093922972679, 0.03560912609100342, 0.035162366926670074, 0.03534981608390808, 0.03557737544178963, 0.03557003661990166, 0.03535468131303787, 0.03450366109609604, 0.03462089225649834, 0.03404344990849495, 0.03488776087760925, 0.04168230667710304, 0.040199488401412964, 0.04054936021566391, 0.040888432413339615, 0.03915640711784363, 0.036357562988996506, 0.03448861464858055, 0.03422956168651581, 0.03430354222655296], "mae": [0.145260289311409, 0.10827301442623138, 0.10028623044490814, 0.09656126797199249, 0.09425823390483856, 0.09208898991346359, 0.09036050736904144, 0.08872639387845993, 0.08834165334701538, 0.0870521143078804, 0.0860842615365982, 0.08480682969093323, 0.08492335677146912, 0.08382237702608109, 0.08413130044937134, 0.08358340710401535, 0.08348161727190018, 0.08331996202468872, 0.08309607207775116, 0.08145785331726074, 0.08155570924282074, 0.08190935105085373, 0.0810951367020607, 0.0807637944817543, 0.08117042481899261, 0.08071073889732361, 0.07939700037240982, 0.07992781698703766, 0.07943978905677795, 0.08060984313488007, 0.07899516820907593, 0.0789833664894104, 0.08126300573348999, 0.08242655545473099, 0.07829013466835022, 0.07798943668603897, 0.07733943313360214, 0.07760654389858246, 0.07646635174751282, 0.07707393914461136, 0.07580389827489853, 0.07569127529859543, 0.07709221541881561, 0.07646514475345612, 0.07720771431922913, 0.07510531693696976, 0.07400178164243698, 0.07547667622566223, 0.07438277453184128, 0.07377398759126663, 0.07469569146633148, 0.07331289350986481, 0.07389457523822784, 0.0723615363240242, 0.07312768697738647, 0.07244504243135452, 0.0715285912156105, 0.07167118042707443, 0.07210832834243774, 0.07163548469543457, 0.0719468742609024, 0.07069516181945801, 0.07117818295955658, 0.07176754623651505, 0.07201696932315826, 0.07095509022474289, 0.07177288085222244, 0.07125095278024673, 0.07394452393054962, 0.07011253386735916, 0.06949655711650848, 0.07013940811157227, 0.06938501447439194, 0.06877344846725464, 0.06848859786987305, 0.07038058340549469, 0.06806208193302155, 0.0699036717414856, 0.07262638956308365, 0.07182449847459793, 0.06888855993747711, 0.06814113259315491, 0.06808902323246002, 0.06773921847343445, 0.06989957392215729, 0.07409510761499405, 0.06905870884656906, 0.06747253984212875, 0.06700719892978668, 0.0676693543791771, 0.06672675162553787, 0.06851470470428467, 0.06801016628742218, 0.0682024285197258, 0.06838430464267731, 0.06847169250249863, 0.06804567575454712, 0.06665265560150146, 0.06673751771450043, 0.06571120023727417, 0.06693968176841736, 0.07892429828643799, 0.07720983773469925, 0.07794739305973053, 0.07852397114038467, 0.07582022994756699, 0.07084022462368011, 0.06710459291934967, 0.06618770211935043, 0.06632783263921738], "val_loss": [0.056646618992090225, 0.04960504546761513, 0.04755152761936188, 0.045903824269771576, 0.04455023631453514, 0.04239760711789131, 0.043481890112161636, 0.04239191114902496, 0.04340161383152008, 0.04186961054801941, 0.040714118629693985, 0.04342493414878845, 0.04105321690440178, 0.04128864035010338, 0.03985785320401192, 0.04102010652422905, 0.040708333253860474, 0.041059043258428574, 0.03957253694534302, 0.03949984163045883, 0.03918677940964699, 0.03956577554345131, 0.03927282616496086, 0.03818637877702713, 0.039161134511232376, 0.03932151570916176, 0.038437049835920334, 0.039670493453741074, 0.03774420917034149, 0.03766956552863121, 0.03833596408367157, 0.03812340646982193, 0.041192784905433655, 0.037965673953294754, 0.03695066645741463, 0.03810613602399826, 0.037451647222042084, 0.0366244874894619, 0.03805725276470184, 0.03751451149582863, 0.0381665900349617, 0.038227763026952744, 0.0360739640891552, 0.037837378680706024, 0.039036236703395844, 0.035966504365205765, 0.03556504845619202, 0.03616511449217796, 0.03714602440595627, 0.03470306098461151, 0.03623297065496445, 0.03704318776726723, 0.03635196015238762, 0.03453006595373154, 0.03574543446302414, 0.034984126687049866, 0.03372809290885925, 0.03373142331838608, 0.03539685532450676, 0.03422338515520096, 0.034979525953531265, 0.0339595228433609, 0.03354807198047638, 0.03818246349692345, 0.03407485783100128, 0.03417321667075157, 0.03482958674430847, 0.040560394525527954, 0.0330071821808815, 0.033280398696660995, 0.03486040607094765, 0.0346292145550251, 0.03330056369304657, 0.03272182494401932, 0.03331466019153595, 0.03279116004705429, 0.0332123339176178, 0.03368349000811577, 0.03513197600841522, 0.033422116190195084, 0.032592106610536575, 0.032423317432403564, 0.03291250020265579, 0.032837409526109695, 0.044767607003450394, 0.0398787222802639, 0.03290876746177673, 0.033395472913980484, 0.034404121339321136, 0.03183608874678612, 0.03252188116312027, 0.03602706640958786, 0.03272595629096031, 0.03269417956471443, 0.03321043401956558, 0.03282074257731438, 0.03375100716948509, 0.03217170760035515, 0.03215772286057472, 0.03163137286901474, 0.04483911395072937, 0.04804294556379318, 0.04704269766807556, 0.04498837888240814, 0.041367072612047195, 0.03838111460208893, 0.033218611031770706, 0.032956577837467194, 0.03235888481140137, 0.03222009539604187],