{"loss": [0.10526762902736664, 0.0798373892903328, 0.07502161711454391, 0.06716577708721161, 0.07489128410816193, 0.09888702630996704, 0.09687098115682602, 0.08201992511749268, 0.07066851109266281, 0.07846353203058243, 0.07194375991821289, 0.057623207569122314, 0.06214674934744835, 0.06869322806596756, 0.0539446584880352, 0.06361096352338791, 0.0632152110338211, 0.049083925783634186, 0.06267639249563217, 0.047007858753204346, 0.043206386268138885, 0.05573883280158043, 0.057818952947854996, 0.0451827272772789, 0.040392592549324036, 0.03841022774577141, 0.05188727006316185, 0.05951904505491257, 0.04747677221894264, 0.05732685700058937, 0.0575994998216629, 0.04205504059791565, 0.03961409628391266, 0.03680005297064781, 0.03576444834470749, 0.03458954393863678, 0.08842230588197708, 0.06088980287313461, 0.041029658168554306, 0.03765907883644104, 0.05681169033050537, 0.05993508920073509, 0.07164544612169266, 0.047175049781799316, 0.03560907021164894, 0.033595338463783264, 0.03230065479874611, 0.05951855704188347, 0.059015125036239624, 0.037540461868047714, 0.03430486470460892, 0.031064927577972412, 0.030352666974067688, 0.029039546847343445, 0.027870560064911842, 0.02719082124531269, 0.026754237711429596, 0.026132579892873764, 0.025803271681070328, 0.025658104568719864, 0.02561124414205551, 0.024640267714858055, 0.024415116757154465, 0.0331992581486702, 0.036762785166502, 0.0883636623620987, 0.06468955427408218, 0.0370568223297596, 0.03187491372227669, 0.029421690851449966, 0.02776474319398403, 0.026489557698369026, 0.06432975083589554, 0.05009132996201515, 0.07311242818832397, 0.05677786469459534, 0.05551242083311081, 0.04680079594254494, 0.04014363884925842, 0.04791183024644852, 0.042497873306274414], "mae": [0.20962196588516235, 0.1548536866903305, 0.14820273220539093, 0.13186156749725342, 0.1352582424879074, 0.16493792831897736, 0.16287682950496674, 0.16245056688785553, 0.14546431601047516, 0.1439732164144516, 0.13594266772270203, 0.11376478523015976, 0.11933709681034088, 0.12127740681171417, 0.10448294132947922, 0.11717537045478821, 0.11966221779584885, 0.0984024927020073, 0.11350571364164352, 0.09422586858272552, 0.0861479714512825, 0.10060396045446396, 0.1128886267542839, 0.08937979489564896, 0.08117236196994781, 0.07656115293502808, 0.08727400749921799, 0.11017490178346634, 0.09238895773887634, 0.10088596493005753, 0.10845647752285004, 0.08173725008964539, 0.0771777480840683, 0.07060912251472473, 0.06835565716028214, 0.06544758379459381, 0.12795399129390717, 0.11593154072761536, 0.08407249301671982, 0.07430706173181534, 0.09186931699514389, 0.09488392621278763, 0.10830134898424149, 0.08601808547973633, 0.06874105334281921, 0.06380733102560043, 0.06156328320503235, 0.09136050194501877, 0.10469560325145721, 0.07155442237854004, 0.06504346430301666, 0.06137470901012421, 0.05923772230744362, 0.05782522261142731, 0.05576471984386444, 0.054384566843509674, 0.053401827812194824, 0.05212860926985741, 0.0515148863196373, 0.05107704922556877, 0.05100376158952713, 0.04943409189581871, 0.04876216873526573, 0.05775953456759453, 0.06203155219554901, 0.1255020946264267, 0.11673977226018906, 0.0757046490907669, 0.06283602863550186, 0.05755393207073212, 0.05466784909367561, 0.05119747295975685, 0.09916693717241287, 0.10317020863294601, 0.11761204153299332, 0.09316874295473099, 0.08952543884515762, 0.07812580466270447, 0.07147489488124847, 0.07523100823163986, 0.07412964850664139], "val_loss": [0.08159271627664566, 0.07601939886808395, 0.06946000456809998, 0.06454239040613174, 0.12960466742515564, 0.08627895265817642, 0.08328304439783096, 0.0679878517985344, 0.06385750323534012, 0.07780756801366806, 0.06076789274811745, 0.05406517535448074, 0.057127371430397034, 0.05555751919746399, 0.05130702257156372, 0.05449499189853668, 0.05044199526309967, 0.04586881026625633, 0.056703999638557434, 0.04536357894539833, 0.04266272485256195, 0.07342461496591568, 0.049134619534015656, 0.03995145857334137, 0.03849222883582115, 0.038534972816705704, 0.07503648847341537, 0.04896478354930878, 0.10320166498422623, 0.11286318302154541, 0.043795887380838394, 0.08713237941265106, 0.03709166496992111, 0.046290408819913864, 0.035634685307741165, 0.03418763726949692, 0.11919718235731125, 0.046482495963573456, 0.03803114593029022, 0.03659738600254059, 0.04618306830525398, 0.05472508817911148, 0.0686282068490982, 0.03721781447529793, 0.03454073145985603, 0.03313067927956581, 0.03222521394491196, 0.06872101873159409, 0.03972196951508522, 0.03539310768246651, 0.034412287175655365, 0.0310310497879982, 0.03944268450140953, 0.029171530157327652, 0.028637243434786797, 0.028003958985209465, 0.027380220592021942, 0.02774050273001194, 0.02681114338338375, 0.026265224441885948, 0.025886908173561096, 0.026226621121168137, 0.025926148518919945, 0.05048082396388054, 0.035815879702568054, 0.07636954635381699, 0.0451396182179451, 0.03248631954193115, 0.030602941289544106, 0.02869553491473198, 0.027629101648926735, 0.027264513075351715, 0.07209812849760056, 0.09138467907905579, 0.062156304717063904, 0.052528999745845795, 0.05064369738101959, 0.07005204260349274, 0.030336245894432068, 0.05433337390422821, 0.0390140637755394], "val_mae": [0.1552118957042694, 0.14963306486606598, 0.13506296277046204, 0.1266707181930542, 0.16059847176074982, 0.1466028392314911, 0.16287264227867126, 0.14628766477108002, 0.13735415041446686, 0.15422044694423676, 0.11842454969882965, 0.10894541442394257, 0.11917948722839355, 0.10813821107149124, 0.10303830355405807, 0.10993270576000214, 0.10168305039405823, 0.09198546409606934, 0.10932725667953491, 0.09042941778898239, 0.0828477218747139, 0.13910254836082458, 0.09535194933414459, 0.0825464054942131, 0.07750986516475677, 0.07554510980844498, 0.11836060881614685, 0.09818869829177856, 0.1452110856771469, 0.14353232085704803, 0.08658960461616516, 0.11860528588294983, 0.07128076255321503, 0.07984677702188492, 0.06764977425336838, 0.06501665711402893, 0.1694110631942749, 0.09928342700004578, 0.07658466696739197, 0.07142449915409088, 0.0796286016702652, 0.0904892235994339, 0.11346279829740524, 0.07287264615297318, 0.06614670157432556, 0.0630936548113823, 0.061436623334884644, 0.12610840797424316, 0.07782389223575592, 0.0670216977596283, 0.06487005949020386, 0.05992764234542847, 0.0796944722533226, 0.05758683755993843, 0.056706711649894714, 0.05504947528243065, 0.05334215611219406, 0.05334467813372612, 0.05129972845315933, 0.050612207502126694, 0.052139341831207275, 0.05118909478187561, 0.05055592954158783, 0.08025804907083511, 0.059104323387145996, 0.12690551578998566, 0.09117915481328964, 0.06477208435535431, 0.05900643393397331, 0.05677500739693642, 0.05270964279770851, 0.05215691402554512, 0.13495266437530518, 0.13275061547756195, 0.10785502195358276, 0.08371875435113907, 0.08396612852811813, 0.09412559866905212, 0.06147107481956482, 0.09113805741071701, 0.0669354498386383]}