{"loss": [0.11183848232030869, 0.08455007523298264, 0.07620353251695633, 0.0685202032327652, 0.06537564843893051, 0.06659886240959167, 0.06484054774045944, 0.05802735686302185, 0.06784713268280029, 0.06569879502058029, 0.05768588185310364, 0.07694721966981888, 0.06085456535220146, 0.05454587936401367, 0.051972147077322006, 0.04921356961131096, 0.05128899961709976, 0.0593910738825798, 0.06667662411928177, 0.047563228756189346, 0.04320019483566284, 0.0643332377076149, 0.07434996217489243, 0.04903026297688484, 0.04379773512482643, 0.04228779301047325, 0.11218493431806564, 0.0702185109257698, 0.0538787879049778, 0.0470581017434597, 0.06192285567522049, 0.056931789964437485, 0.08111604303121567, 0.06331153213977814, 0.06034695357084274, 0.0615377314388752, 0.05760548636317253, 0.08105818182229996, 0.07099807262420654, 0.0658452957868576, 0.0741354450583458, 0.046441517770290375, 0.04115556925535202, 0.03891383856534958, 0.03762630373239517, 0.03587615489959717, 0.03545401617884636, 0.07679806649684906, 0.07973020523786545, 0.05897596478462219, 0.045396097004413605, 0.0358923077583313, 0.08748700469732285, 0.08382716774940491, 0.07909704744815826, 0.05288712680339813, 0.0864991694688797, 0.07963284105062485, 0.0523492805659771, 0.05493568629026413, 0.04124438390135765, 0.039266254752874374, 0.03801969066262245, 0.03894739970564842, 0.03661617264151573, 0.03696735203266144, 0.03541063517332077, 0.035620614886283875, 0.03466228395700455, 0.04182158410549164, 0.09505295753479004, 0.088533416390419], "mae": [0.2303255796432495, 0.17453892529010773, 0.1534808725118637, 0.13815945386886597, 0.13038866221904755, 0.1323745995759964, 0.13435974717140198, 0.11915048211812973, 0.13368135690689087, 0.13568082451820374, 0.11709532886743546, 0.13168925046920776, 0.12117394804954529, 0.10935261100530624, 0.10365372151136398, 0.09955514222383499, 0.09991302341222763, 0.11008691042661667, 0.12497872114181519, 0.09579896926879883, 0.08685898780822754, 0.11384545266628265, 0.1346798837184906, 0.10025463998317719, 0.08861304074525833, 0.08496370166540146, 0.1463838666677475, 0.1321304440498352, 0.11282744258642197, 0.09676840156316757, 0.10747364163398743, 0.09939885884523392, 0.1254224330186844, 0.11318381130695343, 0.10561468452215195, 0.10690560191869736, 0.10011220723390579, 0.11505282670259476, 0.10277380794286728, 0.10065712779760361, 0.1117732897400856, 0.09498721361160278, 0.08146798610687256, 0.07694972306489944, 0.07497089356184006, 0.07137549668550491, 0.07040444761514664, 0.109398752450943, 0.1157882809638977, 0.09549946337938309, 0.08010444790124893, 0.06935706734657288, 0.10845065861940384, 0.10939884930849075, 0.1286809742450714, 0.10158050060272217, 0.14147618412971497, 0.14807173609733582, 0.09862378239631653, 0.09606131166219711, 0.07711607217788696, 0.07135170698165894, 0.0679309070110321, 0.06812119483947754, 0.0645841583609581, 0.06461091339588165, 0.06224649026989937, 0.061952993273735046, 0.0604635588824749, 0.06599817425012589, 0.11250162869691849, 0.10455809533596039], "val_loss": [0.09763482958078384, 0.07930260896682739, 0.06971824914216995, 0.06632891297340393, 0.061470791697502136, 0.06952153891324997, 0.05950687825679779, 0.05594342574477196, 0.08156443387269974, 0.059991493821144104, 0.056493088603019714, 0.07358191907405853, 0.05499701574444771, 0.055223867297172546, 0.048613134771585464, 0.04805782437324524, 0.05512673035264015, 0.05361221730709076, 0.05358756706118584, 0.04333379119634628, 0.042033933103084564, 0.07769392430782318, 0.05141547694802284, 0.04492637887597084, 0.04312102124094963, 0.04038425162434578, 0.09263238310813904, 0.05770580843091011, 0.04845619201660156, 0.04854040965437889, 0.06213849037885666, 0.05369908735156059, 0.07032200694084167, 0.04915870353579521, 0.05425417423248291, 0.05891064554452896, 0.05723900347948074, 0.06881886720657349, 0.05723203718662262, 0.0782678946852684, 0.055265430361032486, 0.04343900829553604, 0.03821374103426933, 0.03819712623953819, 0.03733799606561661, 0.03585238754749298, 0.037017762660980225, 0.08506739884614944, 0.08133910596370697, 0.04921961948275566, 0.03697774559259415, 0.03556487336754799, 0.08151858299970627, 0.10612668842077255, 0.06545987725257874, 0.04692019894719124, 0.08988785743713379, 0.05636342614889145, 0.053305186331272125, 0.044032733887434006, 0.04069817438721657, 0.039093781262636185, 0.03733546659350395, 0.03739374876022339, 0.036922018975019455, 0.038631122559309006, 0.03588880971074104, 0.036475058645009995, 0.03620293736457825, 0.11741752922534943, 0.08930289000272751, 0.08936440199613571], "val_mae": [0.1985902041196823, 0.15854793787002563, 0.14451104402542114, 0.1369137018918991, 0.12629666924476624, 0.14931757748126984, 0.12283290922641754, 0.11623086780309677, 0.16506874561309814, 0.12351082265377045, 0.11074355244636536, 0.1393214464187622, 0.1139724925160408, 0.10900638997554779, 0.10047440975904465, 0.09673784673213959, 0.11356648802757263, 0.09918355941772461, 0.10756681859493256, 0.0878637358546257, 0.08404599875211716, 0.14792394638061523, 0.10955768078565598, 0.09115566313266754, 0.0863213986158371, 0.08154503256082535, 0.13129690289497375, 0.12111068516969681, 0.1020715981721878, 0.09683053940534592, 0.10878273844718933, 0.0932658389210701, 0.11470689624547958, 0.10009724646806717, 0.09777886420488358, 0.10548295825719833, 0.09664900600910187, 0.10657773166894913, 0.08936867117881775, 0.10605399310588837, 0.11710533499717712, 0.08599107712507248, 0.07544107735157013, 0.07455983757972717, 0.07385580241680145, 0.06987112760543823, 0.0698588564991951, 0.12602144479751587, 0.12064754962921143, 0.08558313548564911, 0.07243550568819046, 0.06820401549339294, 0.10015640407800674, 0.156692773103714, 0.11460288614034653, 0.09280575066804886, 0.1696336567401886, 0.10955539345741272, 0.09772986173629761, 0.08421514183282852, 0.07387353479862213, 0.07074680179357529, 0.06652319431304932, 0.06519444286823273, 0.06502444297075272, 0.0683165118098259, 0.06222280487418175, 0.06342652440071106, 0.06204953044652939, 0.12509965896606445, 0.10482504218816757, 0.10446237772703171]}