{"loss": [0.12418820708990097, 0.11607135087251663, 0.10715193301439285, 0.09599606692790985, 0.0892583429813385, 0.08524997532367706, 0.08190750330686569, 0.07874830067157745, 0.07579673826694489, 0.07282455265522003, 0.07079280912876129, 0.06900937855243683, 0.06750670075416565, 0.06559231877326965, 0.06313848495483398, 0.061164259910583496, 0.05957644432783127, 0.05796385183930397, 0.057157546281814575, 0.05700816214084625, 0.05544086545705795, 0.055733125656843185, 0.054396457970142365, 0.05347772687673569, 0.05288239195942879, 0.05212455242872238, 0.051940739154815674, 0.052328165620565414, 0.05674494802951813, 0.050943102687597275, 0.04945964366197586, 0.05033823102712631, 0.04890751838684082, 0.048405569046735764, 0.06754259765148163, 0.11503040790557861, 0.10031653940677643, 0.09229792654514313, 0.10685473680496216, 0.10043705254793167, 0.09097232669591904, 0.07956153899431229, 0.07925935834646225, 0.07363827526569366, 0.07339675724506378, 0.07620495557785034, 0.10744339227676392, 0.07597918063402176, 0.06789978593587875, 0.06563769280910492, 0.06335578858852386, 0.06081145629286766, 0.06323432177305222, 0.05951092764735222, 0.058277811855077744, 0.05682874470949173, 0.05693590268492699, 0.05602187290787697, 0.05793998762965202, 0.054136723279953, 0.056467294692993164, 0.054804299026727676, 0.056635238230228424], "mae": [0.24900752305984497, 0.23188574612140656, 0.22197331488132477, 0.20530302822589874, 0.185231015086174, 0.17275269329547882, 0.16416268050670624, 0.15718334913253784, 0.15096959471702576, 0.14514699578285217, 0.14117272198200226, 0.13835814595222473, 0.1357809156179428, 0.13254214823246002, 0.12810677289962769, 0.12397502362728119, 0.12037088721990585, 0.11700260639190674, 0.11485583335161209, 0.11353058367967606, 0.11080341041088104, 0.1104428619146347, 0.10820712149143219, 0.10637358576059341, 0.10504873842000961, 0.10387125611305237, 0.10327208787202835, 0.10371620953083038, 0.10801101475954056, 0.101552814245224, 0.09907609224319458, 0.09950911998748779, 0.09720940887928009, 0.0962350070476532, 0.11190381646156311, 0.1506580263376236, 0.14987783133983612, 0.14163920283317566, 0.16990721225738525, 0.16567422449588776, 0.15210860967636108, 0.13671840727329254, 0.13353459537029266, 0.1253148317337036, 0.12265969067811966, 0.12449048459529877, 0.15444225072860718, 0.13395625352859497, 0.12403690069913864, 0.11911369115114212, 0.11438380181789398, 0.11021822690963745, 0.11128156632184982, 0.10624436289072037, 0.10388308763504028, 0.10139283537864685, 0.10094810277223587, 0.09905549138784409, 0.10060401260852814, 0.09594445675611496, 0.09789285808801651, 0.09603316336870193, 0.09727297723293304], "val_loss": [0.11782278120517731, 0.1187833622097969, 0.10870304703712463, 0.08523779362440109, 0.09836267679929733, 0.07952333241701126, 0.07498542219400406, 0.07423776388168335, 0.07244949787855148, 0.07021261006593704, 0.07335960865020752, 0.06660082191228867, 0.0672091543674469, 0.1075260117650032, 0.06334274262189865, 0.060444239526987076, 0.09291428327560425, 0.059552885591983795, 0.05749896541237831, 0.05558186024427414, 0.057471029460430145, 0.06335258483886719, 0.05271052196621895, 0.05273851752281189, 0.052656665444374084, 0.05386706441640854, 0.05406928062438965, 0.050115443766117096, 0.051339711993932724, 0.049361586570739746, 0.04889789596199989, 0.052417393773794174, 0.04667673259973526, 0.04889068752527237, 0.11835578083992004, 0.10557534545660019, 0.09487158805131912, 0.08913543820381165, 0.08714602142572403, 0.10431525856256485, 0.08769909292459488, 0.07711760699748993, 0.07464072108268738, 0.07108770310878754, 0.06904517859220505, 0.14202827215194702, 0.0895070731639862, 0.07103398442268372, 0.0643954873085022, 0.09012989699840546, 0.06448233127593994, 0.05951012298464775, 0.05820123851299286, 0.059941910207271576, 0.060310423374176025, 0.06299931555986404, 0.06501682847738266, 0.0628221184015274, 0.05340521037578583, 0.05660033971071243, 0.0535016767680645, 0.055639300495386124, 0.067633256316185], "val_mae": [0.23493067920207977, 0.2358076274394989, 0.22181929647922516, 0.18473194539546967, 0.18917258083820343, 0.1659347414970398, 0.15574000775814056, 0.15271662175655365, 0.14545206725597382, 0.1380830556154251, 0.14490924775600433, 0.1360468864440918, 0.1372995525598526, 0.179621621966362, 0.12655454874038696, 0.11986465007066727, 0.15768924355506897, 0.11704517155885696, 0.11555477231740952, 0.11180352419614792, 0.11270904541015625, 0.1215985044836998, 0.10568050295114517, 0.10485810041427612, 0.10341163724660873, 0.10495177656412125, 0.10731230676174164, 0.10061199963092804, 0.10235676169395447, 0.09857120364904404, 0.09868921339511871, 0.09976594150066376, 0.09481155127286911, 0.09538887441158295, 0.14916272461414337, 0.1577552706003189, 0.14531055092811584, 0.13880369067192078, 0.1496681421995163, 0.1745658814907074, 0.15491177141666412, 0.13318201899528503, 0.12750773131847382, 0.12272021174430847, 0.11707330495119095, 0.17049258947372437, 0.14714521169662476, 0.12719257175922394, 0.12066229432821274, 0.14821170270442963, 0.11867249757051468, 0.11031550168991089, 0.10618004947900772, 0.10452903807163239, 0.1078885942697525, 0.10861856490373611, 0.11543499678373337, 0.11015506088733673, 0.09567900002002716, 0.0991506427526474, 0.09497649222612381, 0.09558917582035065, 0.11272648721933365]}