{"loss": [0.07650741189718246, 0.060556694865226746, 0.05431486293673515, 0.05143125727772713, 0.0496240071952343, 0.048276014626026154, 0.04714040085673332, 0.046457260847091675, 0.045463111251592636, 0.04485177621245384, 0.044281236827373505, 0.04385024309158325, 0.043296873569488525, 0.042852602899074554, 0.04245780035853386, 0.042237669229507446, 0.041907694190740585, 0.04154868796467781, 0.041369467973709106, 0.04107111692428589, 0.04120676591992378, 0.04065215215086937, 0.04053700715303421, 0.04042242839932442, 0.04017060995101929, 0.040026791393756866, 0.03983578458428383, 0.039549268782138824, 0.03948216885328293, 0.03923001140356064, 0.03913087025284767, 0.038941871374845505, 0.03866102173924446, 0.038714852184057236, 0.038434483110904694, 0.03841453418135643, 0.038195110857486725, 0.03804667294025421, 0.03813677653670311, 0.037960346788167953, 0.037836238741874695, 0.03751566633582115, 0.03762250021100044, 0.03749052435159683, 0.03732870891690254, 0.03739267587661743, 0.037341006100177765, 0.037214502692222595], "mae": [0.15275517106056213, 0.11984151601791382, 0.1079169288277626, 0.10216609388589859, 0.09837902337312698, 0.09545061737298965, 0.09329475462436676, 0.09148010611534119, 0.08946464210748672, 0.08815214782953262, 0.08685523271560669, 0.08582843840122223, 0.08472564816474915, 0.08374607563018799, 0.08310376852750778, 0.08249086886644363, 0.08189239352941513, 0.08125308901071548, 0.08083829283714294, 0.08038762956857681, 0.08037526905536652, 0.07950428128242493, 0.0791340097784996, 0.07883714139461517, 0.07842676341533661, 0.07806701958179474, 0.07782913744449615, 0.07715258747339249, 0.07708171755075455, 0.07662349939346313, 0.07624354958534241, 0.0759863629937172, 0.07527139782905579, 0.07529184222221375, 0.07479964941740036, 0.0746881291270256, 0.07432621717453003, 0.07404199987649918, 0.07414400577545166, 0.07368333637714386, 0.07355763018131256, 0.07290354371070862, 0.0730130597949028, 0.07283172011375427, 0.0722377672791481, 0.07264643162488937, 0.0724698081612587, 0.07231646776199341], "val_loss": [0.06437913328409195, 0.05683417618274689, 0.05282633379101753, 0.052438121289014816, 0.047550268471241, 0.04772433638572693, 0.04467674717307091, 0.04396795853972435, 0.04417487978935242, 0.042991138994693756, 0.044437866657972336, 0.04501119256019592, 0.04117380827665329, 0.04323440417647362, 0.04190497472882271, 0.04075680300593376, 0.040609754621982574, 0.04123881086707115, 0.04296392574906349, 0.040225934237241745, 0.04113466292619705, 0.041411250829696655, 0.040772002190351486, 0.041597239673137665, 0.04045827314257622, 0.04117180034518242, 0.04060308262705803, 0.03961006924510002, 0.040965206921100616, 0.04074816033244133, 0.04226011782884598, 0.042014796286821365, 0.04104916751384735, 0.040855538100004196, 0.040710750967264175, 0.04207884520292282, 0.04174764081835747, 0.04160108044743538, 0.04219468683004379, 0.04237406328320503, 0.04071047529578209, 0.042719703167676926, 0.04215051978826523, 0.041961509734392166, 0.04146571829915047, 0.04040737450122833, 0.040518682450056076, 0.04155131056904793], "val_mae": [0.11345765739679337, 0.09923000633716583, 0.09400369226932526, 0.09133235365152359, 0.08327659964561462, 0.08315450698137283, 0.07909809798002243, 0.07799389958381653, 0.07735075056552887, 0.07499697059392929, 0.07535123825073242, 0.07585927098989487, 0.07125584781169891, 0.07371068000793457, 0.07026562839746475, 0.06949003785848618, 0.06937535107135773, 0.06955134868621826, 0.07217656821012497, 0.06893771886825562, 0.06886567920446396, 0.06991363316774368, 0.06764574348926544, 0.06975449621677399, 0.06900950521230698, 0.06888463348150253, 0.06792377680540085, 0.06722360104322433, 0.06781574338674545, 0.06811697036027908, 0.07023179531097412, 0.06793971359729767, 0.06723878532648087, 0.0674482211470604, 0.066493920981884, 0.06898890435695648, 0.06749100983142853, 0.0667450949549675, 0.06761111319065094, 0.06833680719137192, 0.0661778599023819, 0.06870757043361664, 0.06707476079463959, 0.06597383320331573, 0.06667257845401764, 0.0658009722828865, 0.06619308888912201, 0.06677883863449097]}