{"loss": [0.07331699132919312, 0.05467737466096878, 0.0515921488404274, 0.049563758075237274, 0.04799855127930641, 0.04670298844575882, 0.04554793983697891, 0.044254548847675323, 0.04350913316011429, 0.04286723583936691, 0.04242805391550064, 0.04196656122803688, 0.0416632778942585, 0.04131405055522919, 0.041079968214035034, 0.040520090609788895, 0.04028297960758209, 0.040118258446455, 0.03983297571539879, 0.039580583572387695, 0.0394488163292408, 0.039337269961833954, 0.03908218815922737, 0.03883367404341698, 0.03878817707300186, 0.038768887519836426, 0.038386404514312744, 0.03813203424215317, 0.03792139142751694, 0.03773732855916023, 0.03746873885393143, 0.037429727613925934, 0.037363432347774506, 0.03714119642972946, 0.036959558725357056, 0.03701985627412796, 0.03703206405043602, 0.03662703558802605, 0.03643357381224632, 0.03634600713849068, 0.036481767892837524, 0.03623531013727188, 0.03645486757159233, 0.036149244755506516, 0.03610243648290634, 0.03617532551288605, 0.03591998293995857, 0.03595489263534546, 0.03590884432196617, 0.035742755979299545, 0.035725027322769165, 0.03572198748588562, 0.03566595911979675], "mae": [0.14720888435840607, 0.10922867804765701, 0.10235075652599335, 0.09802689403295517, 0.0948701873421669, 0.09242571145296097, 0.08964113146066666, 0.08715957403182983, 0.08559241145849228, 0.08400299400091171, 0.08318120241165161, 0.08231109380722046, 0.08163060247898102, 0.08090554177761078, 0.08031468093395233, 0.07939925044775009, 0.07876098901033401, 0.0783630833029747, 0.07782945781946182, 0.07730793207883835, 0.07702280580997467, 0.07678498327732086, 0.0762767493724823, 0.07566538453102112, 0.075789675116539, 0.07564796507358551, 0.07481749355792999, 0.07438642531633377, 0.07388582825660706, 0.07335318624973297, 0.07293974608182907, 0.07296305894851685, 0.07272320240736008, 0.07238127291202545, 0.07182430475950241, 0.0718306377530098, 0.0719553530216217, 0.07108592987060547, 0.07091505080461502, 0.07052575796842575, 0.07072179019451141, 0.07033530622720718, 0.07070138305425644, 0.07010184973478317, 0.0699605941772461, 0.07001049071550369, 0.0696839988231659, 0.06976686418056488, 0.06953492760658264, 0.0691310465335846, 0.06896284967660904, 0.06919871270656586, 0.06898536533117294], "val_loss": [0.059473831206560135, 0.05757216364145279, 0.059003882110118866, 0.054024748504161835, 0.04885057359933853, 0.047686733305454254, 0.04569162428379059, 0.04777579382061958, 0.04979468882083893, 0.04612046107649803, 0.04460114240646362, 0.0467449352145195, 0.04482998326420784, 0.042809221893548965, 0.0425802506506443, 0.04252735152840614, 0.04226148873567581, 0.042771439999341965, 0.04329364001750946, 0.042145710438489914, 0.04606899619102478, 0.04209097847342491, 0.0438883900642395, 0.044068921357393265, 0.04156685248017311, 0.041823845356702805, 0.040816400200128555, 0.04051318019628525, 0.04072482883930206, 0.041259583085775375, 0.04249528422951698, 0.042440738528966904, 0.040014080703258514, 0.0403987355530262, 0.04070308059453964, 0.044357262551784515, 0.04146840423345566, 0.04245487600564957, 0.04057777300477028, 0.043129753321409225, 0.04020807147026062, 0.042104572057724, 0.04161170497536659, 0.041369955986738205, 0.044707804918289185, 0.04133673012256622, 0.04154099524021149, 0.043339986354112625, 0.04335895925760269, 0.042105965316295624, 0.04309914633631706, 0.041637927293777466, 0.042384933680295944], "val_mae": [0.1088712140917778, 0.10039844363927841, 0.0986049547791481, 0.09349806606769562, 0.08680901676416397, 0.08303476125001907, 0.08014219999313354, 0.08167777955532074, 0.08192460983991623, 0.07814539968967438, 0.07636512070894241, 0.07736483961343765, 0.07500411570072174, 0.07187848538160324, 0.07269848883152008, 0.07197640091180801, 0.07116162031888962, 0.0716342106461525, 0.07161835581064224, 0.07018634676933289, 0.07393484562635422, 0.06970620155334473, 0.07132381945848465, 0.07127690315246582, 0.06804847717285156, 0.06850682944059372, 0.06651350855827332, 0.06646618992090225, 0.06630977243185043, 0.06739077717065811, 0.06797211617231369, 0.06789916008710861, 0.06489431113004684, 0.06579384207725525, 0.06588217616081238, 0.06993785500526428, 0.06619328260421753, 0.06819144636392593, 0.06559207290410995, 0.06837014853954315, 0.06541278958320618, 0.06682682782411575, 0.06633187085390091, 0.06658338755369186, 0.06822914630174637, 0.06625789403915405, 0.06568234413862228, 0.06832041591405869, 0.06814559549093246, 0.06697622686624527, 0.06787516176700592, 0.06555908173322678, 0.06700294464826584]}