{"loss": [0.11696992069482803, 0.08868256956338882, 0.07072117924690247, 0.062230728566646576, 0.09212949126958847, 0.07973204553127289, 0.07322473078966141, 0.05998282879590988, 0.05682920292019844, 0.05082539841532707, 0.04501207545399666, 0.055668946355581284, 0.0407802015542984, 0.036594655364751816, 0.034055426716804504, 0.031735412776470184, 0.029994342476129532, 0.02925657480955124, 0.02735602669417858, 0.03656217083334923, 0.027747584506869316, 0.024932701140642166, 0.02489994466304779, 0.02330196648836136, 0.022621480748057365, 0.02418689616024494, 0.021125059574842453, 0.020346663892269135, 0.019949408248066902, 0.0192260779440403, 0.01854700967669487, 0.017924001440405846, 0.017384584993124008, 0.016936277970671654, 0.016481276601552963, 0.01607070490717888, 0.015530423261225224, 0.015045386739075184, 0.014645972289144993, 0.014234489761292934, 0.013931745663285255, 0.013259598053991795, 0.013276921585202217, 0.012732663191854954, 0.012469982728362083, 0.012455092743039131, 0.01200823113322258, 0.01168449129909277, 0.011654413305222988, 0.011283276602625847, 0.011000814847648144, 0.01288381963968277, 0.014803089201450348, 0.011226636357605457, 0.010295506566762924, 0.0103858457878232, 0.010343508794903755, 0.010045135393738747, 0.00980120338499546, 0.009635599330067635, 0.009341639466583729, 0.009316127747297287, 0.010543538257479668, 0.012489140033721924, 0.009909728541970253, 0.008490009233355522, 0.008507615886628628, 0.008769034408032894, 0.022727126255631447, 0.05192624032497406, 0.038778156042099, 0.03147217631340027, 0.025111952796578407, 0.040923576802015305, 0.05535405874252319, 0.04561858996748924, 0.040563732385635376, 0.03698969632387161, 0.03443142771720886, 0.03390071913599968, 0.05149199068546295, 0.05000339075922966, 0.04121101275086403, 0.035966191440820694, 0.031860776245594025, 0.02873115800321102, 0.026711156591773033, 0.024792945012450218, 0.023320624604821205, 0.022191815078258514, 0.021312600001692772, 0.0201554074883461, 0.01933402568101883, 0.01868305169045925, 0.01800244301557541, 0.017226653173565865, 0.016674824059009552, 0.016433337703347206, 0.01569773256778717, 0.015189792960882187, 0.014925094321370125, 0.014304067008197308, 0.014074080623686314, 0.013677517883479595, 0.013346368446946144, 0.013235359452664852, 0.0128107825294137, 0.012597855180501938, 0.012038963846862316, 0.011963623575866222, 0.011598680168390274, 0.01137846801429987, 0.011271161027252674, 0.010810857638716698, 0.01069143507629633], "mae": [0.22654615342617035, 0.1751461774110794, 0.1437431126832962, 0.12475794553756714, 0.1838686764240265, 0.16254860162734985, 0.1494739055633545, 0.12245321273803711, 0.11307081580162048, 0.1041717380285263, 0.09162639826536179, 0.10701749473810196, 0.08342435210943222, 0.07461782544851303, 0.06953156739473343, 0.06432798504829407, 0.06062909588217735, 0.05882479250431061, 0.05529753118753433, 0.06757248938083649, 0.056967593729496, 0.05049249529838562, 0.05009621009230614, 0.04729536920785904, 0.045715685933828354, 0.04854360222816467, 0.04315337911248207, 0.041727952659130096, 0.04079043120145798, 0.03944232314825058, 0.037904880940914154, 0.036556292325258255, 0.035527344793081284, 0.03452371433377266, 0.033726368099451065, 0.03275588899850845, 0.031678538769483566, 0.03061840496957302, 0.029713375493884087, 0.028927603736519814, 0.028211314231157303, 0.026881542056798935, 0.026794014498591423, 0.025703921914100647, 0.02505509927868843, 0.024859033524990082, 0.024144312366843224, 0.023426873609423637, 0.023325473070144653, 0.022593718022108078, 0.02198163978755474, 0.02499627135694027, 0.02850492298603058, 0.022913752123713493, 0.02084912359714508, 0.020741932094097137, 0.020570846274495125, 0.02010802924633026, 0.019489005208015442, 0.019185569137334824, 0.018588818609714508, 0.01847880706191063, 0.020186442881822586, 0.023632749915122986, 0.02023693360388279, 0.017220085486769676, 0.016920266672968864, 0.017311258241534233, 0.03447166457772255, 0.09609898179769516, 0.07608252763748169, 0.06213396415114403, 0.04965365305542946, 0.06869301199913025, 0.10667665302753448, 0.08984525501728058, 0.08060236275196075, 0.07378526777029037, 0.06849265843629837, 0.0672072097659111, 0.09491460025310516, 0.09916342794895172, 0.08311779797077179, 0.07258900254964828, 0.06460962444543839, 0.05823257938027382, 0.054087694734334946, 0.050357989966869354, 0.047437723726034164, 0.04514725133776665, 0.04329513758420944, 0.04108123853802681, 0.039356060326099396, 0.037954702973365784, 0.036480262875556946, 0.03504302725195885, 0.03379138931632042, 0.03308859467506409, 0.031809840351343155, 0.03076012432575226, 0.030076170340180397, 0.028937524184584618, 0.02835218794643879, 0.02756199613213539, 0.02681414596736431, 0.02649548463523388, 0.025728866457939148, 0.02519970014691353, 0.02424585074186325, 0.02378956228494644, 0.02321460470557213, 0.022706784307956696, 0.022421944886446, 0.021593540906906128, 0.02129918523132801], "val_loss": [0.10844862461090088, 0.07571364939212799, 0.06244426593184471, 0.10241930931806564, 0.1006518229842186, 0.06754733622074127, 0.06310401111841202, 0.053511328995227814, 0.05409862846136093, 0.04855382442474365, 0.10348452627658844, 0.04310467839241028, 0.03964490815997124, 0.03556445240974426, 0.033083099871873856, 0.03053862974047661, 0.02905326895415783, 0.029410190880298615, 0.028493618592619896, 0.032410964369773865, 0.026832090690732002, 0.027191393077373505, 0.02481377311050892, 0.024306144565343857, 0.043614644557237625, 0.02313217706978321, 0.02339407242834568, 0.021986089646816254, 0.0217956081032753, 0.021591324359178543, 0.021602217108011246, 0.02169504575431347, 0.020301029086112976, 0.02047048695385456, 0.019678113982081413, 0.025282736867666245, 0.01950504072010517, 0.019166860729455948, 0.021057026460766792, 0.020145298913121223, 0.018998170271515846, 0.018487462773919106, 0.018533943220973015, 0.01902119256556034, 0.017825165763497353, 0.01834436133503914, 0.018294749781489372, 0.018319429829716682, 0.018427733331918716, 0.018040485680103302, 0.01817057654261589, 0.017385752871632576, 0.017965836450457573, 0.017190983518958092, 0.01750011369585991, 0.018031137064099312, 0.0175069160759449, 0.01832602359354496, 0.01781259849667549, 0.01764148846268654, 0.017469527199864388, 0.017888566479086876, 0.018207905814051628, 0.01887703128159046, 0.016958490014076233, 0.01815575361251831, 0.021658029407262802, 0.017650777474045753, 0.06703376770019531, 0.04303624853491783, 0.03629465773701668, 0.028196845203638077, 0.023355573415756226, 0.0713726133108139, 0.049307387322187424, 0.043081555515527725, 0.039841994643211365, 0.0348656103014946, 0.03454432636499405, 0.03109261393547058, 0.06204424798488617, 0.04464390501379967, 0.038548532873392105, 0.03353454917669296, 0.0307230856269598, 0.028120024129748344, 0.025944625958800316, 0.025313135236501694, 0.024136962369084358, 0.024679196998476982, 0.023084931075572968, 0.022003937512636185, 0.021291056647896767, 0.025530388578772545, 0.020599091425538063, 0.02122630923986435, 0.019935429096221924, 0.020483767613768578, 0.01973007433116436, 0.019298959523439407, 0.01850212551653385, 0.01945594884455204, 0.018665215000510216, 0.018922748044133186, 0.018374938517808914, 0.018264269456267357, 0.01842469349503517, 0.01849813014268875, 0.01766200177371502, 0.018964484333992004, 0.01867702230811119, 0.018218450248241425, 0.018794352188706398, 0.018480587750673294, 0.01819988712668419],