{"loss": [0.07631108909845352, 0.058024097234010696, 0.05190417915582657, 0.048895664513111115, 0.047179218381643295, 0.045751553028821945, 0.044967807829380035, 0.04423641040921211, 0.04361416772007942, 0.04323331266641617, 0.042775701731443405, 0.04248212277889252, 0.042129769921302795, 0.04167923331260681, 0.041538771241903305, 0.04125063866376877, 0.04112755507230759, 0.04084230586886406, 0.04063774272799492, 0.04038196802139282, 0.040200214833021164, 0.04013710096478462, 0.04000949487090111, 0.03974815085530281, 0.0396716371178627, 0.039552826434373856, 0.03939910605549812, 0.03934096172451973, 0.03911372646689415, 0.039042335003614426, 0.03897437825798988, 0.03886614367365837, 0.03873739019036293, 0.0387493334710598, 0.03858402743935585, 0.03837977722287178, 0.038389481604099274, 0.0383027009665966, 0.03828351944684982, 0.03820982947945595, 0.03827938809990883, 0.03800344094634056, 0.03793744742870331, 0.03796277940273285, 0.03780219703912735, 0.037756290286779404, 0.03763928636908531, 0.037764888256788254, 0.03777399659156799, 0.037565018981695175, 0.037530865520238876, 0.037547193467617035, 0.03761565312743187, 0.03745222091674805, 0.037492748349905014, 0.037451185286045074, 0.03730442002415657, 0.03735761344432831, 0.03721195459365845, 0.037202395498752594, 0.03716015815734863, 0.037116192281246185, 0.03699864447116852, 0.03714814782142639, 0.03701222687959671, 0.03707681596279144, 0.03703473135828972, 0.03689727559685707, 0.036972854286432266], "mae": [0.15319125354290009, 0.11575312912464142, 0.10352123528718948, 0.09701258689165115, 0.09321611374616623, 0.09019189327955246, 0.08839101344347, 0.0867893323302269, 0.08542829751968384, 0.0846758559346199, 0.08368903398513794, 0.08321594446897507, 0.08241437375545502, 0.08156591653823853, 0.08133680373430252, 0.08063121885061264, 0.08051960170269012, 0.07982605695724487, 0.07932545989751816, 0.07881181687116623, 0.07850461453199387, 0.07853677868843079, 0.07828715443611145, 0.0776551365852356, 0.07761591672897339, 0.07740027457475662, 0.07696174085140228, 0.07683084905147552, 0.07645610719919205, 0.07635924220085144, 0.07616331428289413, 0.07599878311157227, 0.07568784058094025, 0.07575082778930664, 0.07534687221050262, 0.07493316382169724, 0.0749727115035057, 0.07470294088125229, 0.07465210556983948, 0.07451318949460983, 0.07462288439273834, 0.07413576543331146, 0.07395211607217789, 0.07416531443595886, 0.07380881905555725, 0.07361667603254318, 0.07339850068092346, 0.07352197915315628, 0.07373203337192535, 0.0732501968741417, 0.07318421453237534, 0.07312940061092377, 0.0734071210026741, 0.07292339205741882, 0.0730549618601799, 0.07296406477689743, 0.07272067666053772, 0.07261012494564056, 0.07255755364894867, 0.07237911969423294, 0.07241441309452057, 0.0722096860408783, 0.07193870842456818, 0.07233759015798569, 0.0720352753996849, 0.07211817800998688, 0.0720830038189888, 0.07181045413017273, 0.07203914225101471], "val_loss": [0.060725439339876175, 0.05381615832448006, 0.05022246763110161, 0.04627333953976631, 0.044358283281326294, 0.05461479723453522, 0.044807061553001404, 0.04362338036298752, 0.04402395710349083, 0.04172630235552788, 0.04307881370186806, 0.04048466309905052, 0.04151279106736183, 0.04098710045218468, 0.04143351688981056, 0.04107872396707535, 0.04221292585134506, 0.04125937074422836, 0.04036498814821243, 0.04014010727405548, 0.04166306555271149, 0.040450748056173325, 0.04016134887933731, 0.040558844804763794, 0.040186140686273575, 0.03912369906902313, 0.03935272991657257, 0.03950047865509987, 0.0392722524702549, 0.039907265454530716, 0.03995600715279579, 0.03908083215355873, 0.03875378519296646, 0.03871864080429077, 0.039808884263038635, 0.03961389511823654, 0.03963587060570717, 0.03863762319087982, 0.04095197468996048, 0.04032168164849281, 0.03966972976922989, 0.03942449390888214, 0.03989102691411972, 0.03975376859307289, 0.0385681614279747, 0.0385940782725811, 0.039727143943309784, 0.03885852172970772, 0.038361143320798874, 0.03929862752556801, 0.039359260350465775, 0.03937302902340889, 0.0395829901099205, 0.0398639552295208, 0.03960990160703659, 0.03996435925364494, 0.03894558921456337, 0.038781750947237015, 0.03827238082885742, 0.03926482051610947, 0.03916432708501816, 0.039007119834423065, 0.03940952941775322, 0.04053213819861412, 0.04037148877978325, 0.03874100372195244, 0.03958224877715111, 0.03935638442635536, 0.039504777640104294], "val_mae": [0.10642369836568832, 0.09686518460512161, 0.08838139474391937, 0.08128036558628082, 0.07860200107097626, 0.08706505596637726, 0.07572266459465027, 0.0738455057144165, 0.07454283535480499, 0.0726006031036377, 0.07352231442928314, 0.068978451192379, 0.0704011470079422, 0.06969091296195984, 0.06994594633579254, 0.06915980577468872, 0.07016969472169876, 0.06968461722135544, 0.06739161163568497, 0.06782636046409607, 0.06947709619998932, 0.06780572235584259, 0.0673229843378067, 0.06880810856819153, 0.06711644679307938, 0.06655370444059372, 0.06571708619594574, 0.06661660224199295, 0.06601312011480331, 0.06625768542289734, 0.06752653419971466, 0.0659618154168129, 0.06551360338926315, 0.06508816033601761, 0.06580013781785965, 0.06520985811948776, 0.06651020795106888, 0.06579548865556717, 0.06739287078380585, 0.06630227714776993, 0.06634503602981567, 0.0662846565246582, 0.06681665033102036, 0.06673809140920639, 0.06499052047729492, 0.06517411768436432, 0.06558457762002945, 0.06559249758720398, 0.0652843713760376, 0.06558103859424591, 0.0659697875380516, 0.06594181060791016, 0.06645084917545319, 0.06653615832328796, 0.06569375842809677, 0.06635060161352158, 0.06443352997303009, 0.06494048982858658, 0.06563639640808105, 0.06601890176534653, 0.06553316861391068, 0.06526953727006912, 0.06556447595357895, 0.06799336522817612, 0.06683366000652313, 0.0666290745139122, 0.06637103110551834, 0.06636498123407364, 0.06562722474336624]}