{"loss": [0.07748506218194962, 0.056894928216934204, 0.05240724980831146, 0.049402784556150436, 0.047318536788225174, 0.046052027493715286, 0.04494069889187813, 0.044047486037015915, 0.04339516535401344, 0.04299332574009895, 0.04240942746400833, 0.04204811528325081, 0.041698846966028214, 0.04139008745551109, 0.0410410575568676, 0.040812376886606216, 0.04054836183786392, 0.040308766067028046, 0.04003162309527397, 0.04006031155586243, 0.039544153958559036, 0.039460718631744385, 0.03934510052204132, 0.039198603481054306, 0.03905390575528145, 0.03889191150665283, 0.03870246931910515, 0.03851110488176346, 0.03853358328342438, 0.03824186697602272, 0.03812611848115921, 0.0379478856921196, 0.03790291026234627, 0.037811681628227234, 0.0377836599946022, 0.03769885376095772, 0.03768404200673103, 0.03748249635100365, 0.037265315651893616, 0.037296779453754425, 0.03719519078731537, 0.03715234249830246, 0.03710116818547249, 0.03711983934044838, 0.03703757002949715, 0.036913320422172546, 0.036945149302482605, 0.036801040172576904, 0.03675898537039757], "mae": [0.15628428757190704, 0.11376927047967911, 0.10469893366098404, 0.0983598455786705, 0.09396365284919739, 0.09076172858476639, 0.08855587989091873, 0.08645974844694138, 0.08501899242401123, 0.08400164544582367, 0.08289709687232971, 0.08224847912788391, 0.08148796111345291, 0.0806322917342186, 0.08010652661323547, 0.07972852885723114, 0.07900341600179672, 0.07870790362358093, 0.07816481590270996, 0.0782134085893631, 0.07734744250774384, 0.0771438255906105, 0.07686450332403183, 0.0765916034579277, 0.07619113475084305, 0.0758848488330841, 0.07573249936103821, 0.07518254965543747, 0.07512225210666656, 0.0745701715350151, 0.07419047504663467, 0.07389896363019943, 0.07381167262792587, 0.07362229377031326, 0.0734112337231636, 0.07329634577035904, 0.07337068021297455, 0.07287696748971939, 0.072488933801651, 0.07238439470529556, 0.07218243926763535, 0.07212334126234055, 0.07191880792379379, 0.07205616682767868, 0.07197785377502441, 0.07156771421432495, 0.07158458232879639, 0.07134517282247543, 0.07115288078784943], "val_loss": [0.059711892157793045, 0.056151971220970154, 0.047855932265520096, 0.04721090570092201, 0.043946005403995514, 0.04205278679728508, 0.041521668434143066, 0.04160553589463234, 0.04165573790669441, 0.040338434278964996, 0.03932993859052658, 0.039898887276649475, 0.03963505104184151, 0.03928404673933983, 0.03785264492034912, 0.038138385862112045, 0.03731893375515938, 0.0373552180826664, 0.036343399435281754, 0.03718266263604164, 0.036543261259794235, 0.036326903849840164, 0.035698819905519485, 0.03698217123746872, 0.036265935748815536, 0.035876207053661346, 0.03563844785094261, 0.03654654696583748, 0.03556013107299805, 0.035814907401800156, 0.0364917628467083, 0.035628993064165115, 0.03637966513633728, 0.03504278138279915, 0.03529582545161247, 0.034734077751636505, 0.03639169782400131, 0.034790296107530594, 0.03451121225953102, 0.03503309190273285, 0.035689935088157654, 0.0350424163043499, 0.034589145332574844, 0.035918183624744415, 0.03580177575349808, 0.035163357853889465, 0.03513846546411514, 0.034761540591716766, 0.034722764045000076], "val_mae": [0.10988009721040726, 0.09815912693738937, 0.08602233976125717, 0.08395704627037048, 0.07836203277111053, 0.07556521147489548, 0.07436641305685043, 0.07327693700790405, 0.07266555726528168, 0.07058887928724289, 0.06991603970527649, 0.06961297988891602, 0.06814078241586685, 0.06762145459651947, 0.06730199605226517, 0.06672561168670654, 0.0665401741862297, 0.06518396735191345, 0.06392711400985718, 0.06537195295095444, 0.06430405378341675, 0.06431937962770462, 0.06264854967594147, 0.06428233534097672, 0.06304682791233063, 0.064094677567482, 0.06336554884910583, 0.06322513520717621, 0.062351614236831665, 0.06240219995379448, 0.06318555772304535, 0.061325352638959885, 0.062386784702539444, 0.0610077939927578, 0.060899026691913605, 0.06148193031549454, 0.06226716935634613, 0.06056732311844826, 0.059724994003772736, 0.06193520128726959, 0.06080697849392891, 0.0610322430729866, 0.05992240458726883, 0.06220407038927078, 0.061958469450473785, 0.060671597719192505, 0.05981409177184105, 0.06086482107639313, 0.060547757893800735]}